,gamma,step,step_time,time,values,policies
0,0.1,0,1555203702.7514749,1555203702.7514749,"[-6.37745441e-04  2.59665925e-02  2.35024246e-04  2.73522567e-02
  4.83001424e-04  2.81132718e-02  7.36393083e-04  2.89073075e-02
  9.94181744e-04  2.95930593e-02  1.23929183e-03  3.19714180e-02
  4.28977957e-04  3.65760480e-02 -3.69244776e-05  3.43762116e-02
 -5.09708424e-04  2.96427368e-02 -9.01629325e-04  2.05418059e-02
  0.00000000e+00  0.00000000e+00 -3.79765927e-04  4.03770766e-02
  5.58387204e-04  4.07827060e-02  7.99043035e-04  4.13879287e-02
  1.04498280e-03  4.20192789e-02  1.29474609e-03  4.25642403e-02
  1.53833925e-03  4.44455209e-02  7.01134297e-04  4.80357983e-02
  1.89800426e-04  4.55385221e-02 -2.96730172e-04  4.19833181e-02
 -5.77404401e-04  3.89336157e-02  0.00000000e+00  0.00000000e+00
 -1.02225761e-02  1.66033584e-02 -1.00180701e-02  1.80284614e-02
 -8.45865511e-03  1.85452728e-02 -6.87314419e-03  1.90835847e-02
 -5.19297592e-03  1.95483810e-02 -4.55873608e-03  2.11332904e-02
 -9.06353055e-03  2.41086548e-02 -9.61424141e-03  2.15113832e-02
 -1.01438509e-02  1.77652266e-02 -1.04612630e-02  1.41421631e-02
  0.00000000e+00  0.00000000e+00 -1.47077129e-02  1.64766152e-02
 -1.24078592e-02  1.78908396e-02 -1.05190735e-02  1.84037058e-02
 -8.59889377e-03  1.89379084e-02 -6.56218417e-03  1.93991567e-02
 -5.81924801e-03  2.09719676e-02 -1.34696614e-02  2.39246193e-02
 -1.40565790e-02  2.13471742e-02 -1.46233408e-02  1.76296142e-02
 -1.49632531e-02  1.40342077e-02  0.00000000e+00  0.00000000e+00
 -1.96982970e-02  1.63508395e-02 -1.47795375e-02  1.77542683e-02
 -1.25638761e-02  1.82632195e-02 -1.03115629e-02  1.87933442e-02
 -7.92101298e-03  1.92510715e-02 -7.07020757e-03  2.08118763e-02
 -1.83765069e-02  2.37419886e-02 -1.89830894e-02  2.11842187e-02
 -1.96083902e-02  1.74950370e-02 -1.99704094e-02  1.39270763e-02
  0.00000000e+00  0.00000000e+00 -2.51856566e-02  1.62260240e-02
 -1.71329138e-02  1.76187395e-02 -1.45928494e-02  1.81238056e-02
 -1.20109142e-02  1.86498836e-02 -9.26920899e-03  1.91041168e-02
 -8.31079252e-03  2.06530070e-02 -2.41834279e-02  2.35607520e-02
 -2.58580120e-02  2.10225071e-02 -2.50883160e-02  1.73614871e-02
 -2.54750881e-02  1.38207628e-02  0.00000000e+00  0.00000000e+00
 -3.12277665e-02  1.61021612e-02 -1.95111317e-02  1.74842453e-02
 -1.66496042e-02  1.79854560e-02 -1.37411502e-02  1.85075181e-02
 -1.06503521e-02  1.89582838e-02 -9.65828053e-03  2.04953504e-02
 -2.81219761e-02  2.33808989e-02 -2.99985546e-02  2.08620299e-02
 -3.12613044e-02  1.72289566e-02 -3.14754951e-02  1.37152607e-02
  0.00000000e+00  0.00000000e+00 -3.35443470e-02  1.59792439e-02
 -1.62806866e-02  1.73507778e-02 -1.30369446e-02  1.78481624e-02
 -9.72503579e-03  1.83662393e-02 -6.36611827e-03  1.88135641e-02
 -3.05524225e-03  1.30433333e-02 -1.63616524e-02  2.32024188e-02
 -2.91309391e-02  2.07027778e-02 -3.16125797e-02  1.70974379e-02
 -3.17643807e-02  1.36105641e-02  0.00000000e+00  0.00000000e+00
 -2.24063756e-02  1.58572650e-02 -5.98197252e-03  1.35268889e-01
 -2.84279329e-03  1.64777778e-01  3.73329915e-04  1.95393333e-01
  3.54270855e-03  2.21734444e-01  8.00280204e-03  3.14937778e-01
  1.78104820e-03  4.43948889e-01 -1.16027921e-02  1.17723333e-01
 -2.46491703e-02  1.69669231e-02 -2.65420996e-02  1.35066667e-02
  0.00000000e+00  0.00000000e+00 -7.19465141e-03  3.08484444e-01
  6.11827554e-03  4.29227778e-01  9.10588159e-03  4.49292222e-01
  1.21680135e-02  4.70198889e-01  1.52058465e-02  4.88346667e-01
  1.92231309e-02  5.51085556e-01  1.37433702e-02  6.84417778e-01
  7.51867764e-03  6.59837778e-01 -6.20237864e-03  3.19552222e-01
 -1.56509923e-02  7.01311111e-02  0.00000000e+00  0.00000000e+00
  1.02258498e-02  7.28300000e-01  1.99410855e-02  7.11096667e-01
  2.27400427e-02  7.22524444e-01  2.56077949e-02  7.34500000e-01
  2.84731709e-02  7.44844444e-01  3.19772479e-02  7.82176667e-01
  2.54459182e-02  8.59141111e-01  2.03467064e-02  8.79794444e-01
  1.37359794e-02  8.42618889e-01  5.03938836e-03  6.16153333e-01
  0.00000000e+00  0.00000000e+00  1.94415071e-02  1.02466000e+00
  2.86491538e-02  9.80007778e-01  3.09223846e-02  9.83666667e-01
  3.32506496e-02  9.87518889e-01  3.55789402e-02  9.90837778e-01
  3.83903504e-02  1.00315222e+00  3.16454229e-02  1.02880667e+00
  2.62318135e-02  1.03400556e+00  2.07423379e-02  1.04352889e+00
  1.78993987e-02  1.06958222e+00  0.00000000e+00  0.00000000e+00
 -3.08955442e-01  0.00000000e+00 -3.25315556e-01  0.00000000e+00
 -2.80277778e-01  0.00000000e+00 -2.34514444e-01  0.00000000e+00
 -1.85770000e-01  0.00000000e+00 -1.70776667e-01  0.00000000e+00
 -2.96938947e-01  0.00000000e+00 -3.02430592e-01  0.00000000e+00
 -3.08096603e-01  0.00000000e+00 -3.11514679e-01  0.00000000e+00
  0.00000000e+00  0.00000000e+00 -3.82376660e-01  0.00000000e+00
 -3.25315556e-01  0.00000000e+00 -2.80277778e-01  0.00000000e+00
 -2.34514444e-01  0.00000000e+00 -1.85770000e-01  0.00000000e+00
 -1.70776667e-01  0.00000000e+00 -3.70451932e-01  0.00000000e+00
 -3.75903949e-01  0.00000000e+00 -3.81524326e-01  0.00000000e+00
 -3.84916509e-01  0.00000000e+00  0.00000000e+00  0.00000000e+00
 -4.55241687e-01  0.00000000e+00 -3.25315556e-01  0.00000000e+00
 -2.80277778e-01  0.00000000e+00 -2.34514444e-01  0.00000000e+00
 -1.85770000e-01  0.00000000e+00 -1.70776667e-01  0.00000000e+00
 -4.43311974e-01  0.00000000e+00 -4.48463624e-01  0.00000000e+00
 -4.54396043e-01  0.00000000e+00 -4.57762154e-01  0.00000000e+00
  0.00000000e+00  0.00000000e+00 -5.27546427e-01  0.00000000e+00
 -3.25315556e-01  0.00000000e+00 -2.80277778e-01  0.00000000e+00
 -2.34514444e-01  0.00000000e+00 -1.85770000e-01  0.00000000e+00
 -1.70776667e-01  0.00000000e+00 -5.28194444e-01  0.00000000e+00
 -5.67242222e-01  0.00000000e+00 -5.26676812e-01  0.00000000e+00
 -5.30066171e-01  0.00000000e+00  0.00000000e+00  0.00000000e+00
 -6.00383752e-01  0.00000000e+00 -3.25315556e-01  0.00000000e+00
 -2.80277778e-01  0.00000000e+00 -2.34514444e-01  0.00000000e+00
 -1.85770000e-01  0.00000000e+00 -1.70776667e-01  0.00000000e+00
 -5.28194444e-01  0.00000000e+00 -5.67242222e-01  0.00000000e+00
 -6.03500000e-01  0.00000000e+00 -6.00477778e-01  0.00000000e+00
  0.00000000e+00  0.00000000e+00 -5.31147778e-01  0.00000000e+00
 -1.69972222e-01  0.00000000e+00 -1.30240000e-01  0.00000000e+00
 -8.95255556e-02  0.00000000e+00 -4.99344444e-02  0.00000000e+00
  1.30433333e-02  0.00000000e+00 -1.18676667e-01  0.00000000e+00
 -4.24390000e-01  0.00000000e+00 -4.70171111e-01  0.00000000e+00
 -4.66356667e-01  0.00000000e+00  0.00000000e+00  0.00000000e+00
 -1.11332222e-01  0.00000000e+00  1.35268889e-01  0.00000000e+00
  1.64777778e-01  0.00000000e+00  1.95393333e-01  0.00000000e+00
  2.21734444e-01  0.00000000e+00  3.14937778e-01  0.00000000e+00
  4.43948889e-01  0.00000000e+00  1.17723333e-01  0.00000000e+00
 -2.03514444e-01  0.00000000e+00 -1.98112222e-01  0.00000000e+00
  0.00000000e+00  0.00000000e+00  3.08484444e-01  0.00000000e+00
  4.29227778e-01  0.00000000e+00  4.49292222e-01  0.00000000e+00
  4.70198889e-01  0.00000000e+00  4.88346667e-01  0.00000000e+00
  5.51085556e-01  0.00000000e+00  6.84417778e-01  0.00000000e+00
  6.59837778e-01  0.00000000e+00  3.19552222e-01  0.00000000e+00
  7.01311111e-02  0.00000000e+00  0.00000000e+00  0.00000000e+00
  7.28300000e-01  0.00000000e+00  7.11096667e-01  0.00000000e+00
  7.22524444e-01  0.00000000e+00  7.34500000e-01  0.00000000e+00
  7.44844444e-01  0.00000000e+00  7.82176667e-01  0.00000000e+00
  8.59141111e-01  0.00000000e+00  8.79794444e-01  0.00000000e+00
  8.42618889e-01  0.00000000e+00  6.16153333e-01  0.00000000e+00
  0.00000000e+00  0.00000000e+00  1.02466000e+00  0.00000000e+00
  9.80007778e-01  0.00000000e+00  9.83666667e-01  0.00000000e+00
  9.87518889e-01  0.00000000e+00  9.90837778e-01  0.00000000e+00
  1.00315222e+00  0.00000000e+00  1.02880667e+00  0.00000000e+00
  1.03400556e+00  0.00000000e+00  1.04352889e+00  0.00000000e+00
  1.06958222e+00  0.00000000e+00  0.00000000e+00  0.00000000e+00
  0.00000000e+00  0.00000000e+00  0.00000000e+00  0.00000000e+00
  0.00000000e+00  0.00000000e+00  0.00000000e+00  0.00000000e+00
  0.00000000e+00  0.00000000e+00  0.00000000e+00  0.00000000e+00
  0.00000000e+00  0.00000000e+00  0.00000000e+00  0.00000000e+00
  0.00000000e+00  0.00000000e+00  0.00000000e+00  0.00000000e+00
  0.00000000e+00  0.00000000e+00  0.00000000e+00  0.00000000e+00
  0.00000000e+00  0.00000000e+00  0.00000000e+00  0.00000000e+00
  0.00000000e+00  0.00000000e+00  0.00000000e+00  0.00000000e+00
  0.00000000e+00  0.00000000e+00  0.00000000e+00  0.00000000e+00
  0.00000000e+00  0.00000000e+00  0.00000000e+00  0.00000000e+00
  0.00000000e+00  0.00000000e+00  0.00000000e+00  0.00000000e+00
  0.00000000e+00  0.00000000e+00  0.00000000e+00  0.00000000e+00
  0.00000000e+00  0.00000000e+00  0.00000000e+00  0.00000000e+00
  0.00000000e+00  0.00000000e+00  0.00000000e+00  0.00000000e+00
  0.00000000e+00  0.00000000e+00  0.00000000e+00  0.00000000e+00
  0.00000000e+00  0.00000000e+00  0.00000000e+00  0.00000000e+00
  0.00000000e+00  0.00000000e+00  0.00000000e+00  0.00000000e+00
  0.00000000e+00  0.00000000e+00  0.00000000e+00  0.00000000e+00
  0.00000000e+00  0.00000000e+00  0.00000000e+00  0.00000000e+00
  0.00000000e+00  0.00000000e+00  0.00000000e+00  0.00000000e+00
  0.00000000e+00  0.00000000e+00  0.00000000e+00  0.00000000e+00
  0.00000000e+00  0.00000000e+00  0.00000000e+00  0.00000000e+00
  0.00000000e+00  0.00000000e+00  0.00000000e+00  0.00000000e+00
  0.00000000e+00  0.00000000e+00  0.00000000e+00  0.00000000e+00
  0.00000000e+00  0.00000000e+00  0.00000000e+00  0.00000000e+00
  0.00000000e+00  0.00000000e+00  0.00000000e+00  0.00000000e+00
  0.00000000e+00  0.00000000e+00  0.00000000e+00  0.00000000e+00
  0.00000000e+00  0.00000000e+00  0.00000000e+00  0.00000000e+00
  0.00000000e+00  0.00000000e+00  0.00000000e+00  0.00000000e+00
  0.00000000e+00  0.00000000e+00  0.00000000e+00  0.00000000e+00
  0.00000000e+00  0.00000000e+00  0.00000000e+00  0.00000000e+00
  0.00000000e+00  0.00000000e+00  0.00000000e+00  0.00000000e+00
  0.00000000e+00  0.00000000e+00  0.00000000e+00  0.00000000e+00
  0.00000000e+00  0.00000000e+00  0.00000000e+00  0.00000000e+00
  0.00000000e+00  0.00000000e+00  0.00000000e+00  0.00000000e+00
  0.00000000e+00  0.00000000e+00  0.00000000e+00  0.00000000e+00
  0.00000000e+00  0.00000000e+00  0.00000000e+00  0.00000000e+00
  0.00000000e+00  0.00000000e+00  0.00000000e+00  0.00000000e+00
  0.00000000e+00  0.00000000e+00  0.00000000e+00  0.00000000e+00
  0.00000000e+00  0.00000000e+00  0.00000000e+00  0.00000000e+00
  0.00000000e+00  0.00000000e+00  0.00000000e+00  0.00000000e+00
  0.00000000e+00  0.00000000e+00  0.00000000e+00  0.00000000e+00
  0.00000000e+00  0.00000000e+00  0.00000000e+00  0.00000000e+00
  0.00000000e+00  0.00000000e+00  0.00000000e+00  0.00000000e+00
  0.00000000e+00  0.00000000e+00  0.00000000e+00  0.00000000e+00
  0.00000000e+00  0.00000000e+00  0.00000000e+00  0.00000000e+00
  0.00000000e+00  0.00000000e+00  0.00000000e+00  0.00000000e+00
  0.00000000e+00  0.00000000e+00  0.00000000e+00  0.00000000e+00
  0.00000000e+00  0.00000000e+00  0.00000000e+00  0.00000000e+00
  0.00000000e+00  0.00000000e+00  0.00000000e+00  0.00000000e+00
  0.00000000e+00  0.00000000e+00  0.00000000e+00  0.00000000e+00
  0.00000000e+00  0.00000000e+00  0.00000000e+00  0.00000000e+00
  0.00000000e+00  0.00000000e+00  0.00000000e+00  0.00000000e+00
  0.00000000e+00  0.00000000e+00  0.00000000e+00  0.00000000e+00
  0.00000000e+00  0.00000000e+00  0.00000000e+00  0.00000000e+00]","[1 1 1 1 1 1 1 1 1 1 1 1 1 1 1 1 1 1 1 1 0 0 1 1 1 1 1 1 1 1 1 1 1 1 1 1 1
 1 1 1 1 1 0 0 1 1 1 1 1 1 1 1 1 1 1 1 1 1 1 1 1 1 1 1 0 0 1 1 1 1 1 1 1 1
 1 1 1 1 1 1 1 1 1 1 1 1 0 0 1 1 1 1 1 1 1 1 1 1 1 1 1 1 1 1 1 1 1 1 0 0 1
 1 1 1 1 1 1 1 1 1 1 1 1 1 1 1 1 1 1 1 0 0 1 1 1 1 1 1 1 1 1 1 1 1 1 1 1 1
 1 1 1 1 0 0 1 1 1 1 1 1 1 1 1 1 1 1 1 1 1 1 1 1 1 1 0 0 1 1 1 0 1 0 1 0 1
 0 1 0 1 0 1 0 1 1 1 1 0 0 1 0 1 0 1 0 1 0 1 0 1 0 1 0 1 0 1 0 1 0 0 0 1 0
 1 0 1 0 1 0 1 0 1 0 1 0 1 0 1 0 1 0 0 0 1 0 1 0 1 0 1 0 1 0 1 0 1 0 1 0 1
 0 1 0 0 0 1 0 1 0 0 0 0 0 0 0 0 0 1 0 1 0 1 0 1 0 0 0 1 0 0 0 0 0 0 0 0 0
 0 0 1 0 1 0 1 0 1 0 0 0 1 0 0 0 0 0 0 0 0 0 0 0 1 0 1 0 1 0 1 0 0 0 1 0 0
 0 0 0 0 0 0 0 0 0 1 0 1 0 1 0 1 0 0 0 1 0 0 0 0 0 0 0 0 0 0 0 0 0 0 0 1 0
 0 0 0 0 0 0 0 0 0 0 0 0 0 0 0 0 0 0 0 0 0 0 0 0 0 0 0 0 0 0 0 0 0 0 0 0 0
 0 0 0 0 0 0 0 0 0 0 0 0 0 0 0 0 0 0 0 0 0 0 0 0 0 0 0 0 0 0 0 0 0 0 0 0 0
 0 0 0 0 0 0 0 0 0 0 0 0 0 0 0 0 0 0 0 0 0 0 0 0 0 0 0 0 0 0 0 0 0 0 0 0 0
 0 0 0 0 0 0 0 0 0 0 0 0 0 0 0 0 0 0 0 0 0 0 0 0 0 0 0 0 0 0 0 0 0 0 0 0 0
 0 0 0 0 0 0 0 0 0 0 0 0 0 0 0 0 0 0 0 0 0 0 0 0 0 0 0 0 0 0 0 0 0 0 0 0 0
 0 0 0 0 0 0 0 0 0 0 0 0 0 0 0 0 0 0 0 0 0 0 0 0 0 0 0 0 0 0 0 0 0 0 0 0 0
 0 0 0 0 0 0 0 0 0 0 0 0 0 0 0 0 0 0 0 0 0 0 0 0 0 0 0 0 0 0 0 0 0 0 0 0 0
 0 0 0 0 0 0 0 0 0 0 0 0 0 0 0 0 0 0 0 0 0 0 0 0 0 0 0 0 0 0 0 0 0 0 0 0 0
 0 0 0 0 0 0 0 0 0 0 0 0 0 0 0 0 0 0 0 0 0 0 0 0 0 0 0 0 0 0 0 0 0 0 0 0 0
 0]"
1,0.2,0,1555203702.813475,1555203702.813475,"[-1.82704622e-03  6.12135497e-02  1.16917160e-03  6.41860711e-02
  2.31393576e-03  6.59643752e-02  3.48375364e-03  6.78197389e-02
  4.67334913e-03  6.94220670e-02  5.79994789e-03  7.45904865e-02
  2.75053372e-03  8.57186148e-02  5.16980082e-04  8.04466146e-02
 -1.49723729e-03  6.96589201e-02 -3.36698699e-03  4.86730034e-02
  0.00000000e+00  0.00000000e+00 -6.56467836e-04  9.29066398e-02
  2.61795567e-03  9.36693693e-02  3.72335794e-03  9.50858240e-02
  4.85308342e-03  9.65633413e-02  5.99992744e-03  9.78387024e-02
  7.11318104e-03  1.01859400e-01  3.90514453e-03  1.10632405e-01
  1.48995655e-03  1.04738617e-01 -5.49673846e-04  9.66647130e-02
 -1.90547294e-03  8.93537534e-02  0.00000000e+00  0.00000000e+00
 -2.13176078e-02  3.91015771e-02 -2.24641737e-02  4.21361023e-02
 -1.85480999e-02  4.33439934e-02 -1.45644109e-02  4.46021354e-02
 -1.03612780e-02  4.56884569e-02 -8.53430502e-03  4.90185186e-02
 -1.64877310e-02  5.63467244e-02 -1.90551227e-02  5.02763838e-02
 -2.12504909e-02  4.18378234e-02 -2.27569053e-02  3.33053632e-02
  0.00000000e+00  0.00000000e+00 -2.97580105e-02  3.85091290e-02
 -2.76018062e-02  4.14976765e-02 -2.29880635e-02  4.26872662e-02
 -1.82955408e-02  4.39263455e-02 -1.33367446e-02  4.49962075e-02
 -1.12859762e-02  4.82758137e-02 -2.46637305e-02  5.54929861e-02
 -2.73675335e-02  4.95146204e-02 -2.96854458e-02  4.12039170e-02
 -3.12771009e-02  3.28007364e-02  0.00000000e+00  0.00000000e+00
 -3.90560231e-02  3.79256573e-02 -3.26626403e-02  4.08689239e-02
 -2.73616405e-02  4.20404894e-02 -2.19708622e-02  4.32607948e-02
 -1.62676796e-02  4.43144468e-02 -1.39965728e-02  4.75443620e-02
 -3.35086566e-02  5.46521833e-02 -3.62833990e-02  4.87643989e-02
 -3.89824313e-02  4.05796152e-02 -4.06559843e-02  3.23037556e-02
  0.00000000e+00  0.00000000e+00 -4.91821247e-02  3.73510261e-02
 -3.76450097e-02  4.02496978e-02 -3.16669762e-02  4.14035123e-02
 -2.55883217e-02  4.26053282e-02 -1.91519020e-02  4.36430158e-02
 -1.66553443e-02  4.68239929e-02 -4.97804839e-02  5.38241199e-02
 -5.46439422e-02  4.80255444e-02 -4.89197647e-02  3.99647726e-02
 -5.06927813e-02  3.18143047e-02  0.00000000e+00  0.00000000e+00
 -6.01965056e-02  3.67851015e-02 -4.27358338e-02  3.96398538e-02
 -3.60930039e-02  4.07761864e-02 -2.93394191e-02  4.19597929e-02
 -2.21780554e-02  4.29817580e-02 -2.00130532e-02  4.61145385e-02
 -5.84351417e-02  5.30086030e-02 -6.35221196e-02  4.72978846e-02
 -6.60584150e-02  3.93592457e-02 -6.72527731e-02  3.13322698e-02
  0.00000000e+00  0.00000000e+00 -6.94456675e-02  3.62277515e-02
 -3.56770383e-02  3.90392500e-02 -2.82385171e-02  4.01583654e-02
 -2.06431727e-02  4.13240385e-02 -1.29425201e-02  4.23305192e-02
 -5.31346401e-03  1.46737500e-02 -3.24691554e-02  5.22054423e-02
 -6.17826047e-02  4.65812500e-02 -6.64963676e-02  3.87628935e-02
 -6.75093801e-02  3.08575385e-02  0.00000000e+00  0.00000000e+00
 -4.46203624e-02  3.56788462e-02 -1.26184533e-02  1.52177500e-01
 -5.46751213e-03  1.85375000e-01  1.85869615e-03  2.19817500e-01
  9.07968846e-03  2.49451250e-01  1.92242053e-02  3.54305000e-01
  8.05920064e-03  4.99442500e-01 -2.25234675e-02  1.32438750e-01
 -5.10779032e-02  3.81755769e-02 -5.57805793e-02  3.03900000e-02
  0.00000000e+00  0.00000000e+00 -1.06499262e-02  3.47045000e-01
  1.42619707e-02  4.82881250e-01  2.10234287e-02  5.05453750e-01
  2.79535225e-02  5.28973750e-01  3.48289441e-02  5.49390000e-01
  4.39164929e-02  6.19971250e-01  3.44881049e-02  7.69970000e-01
  2.01060817e-02  7.42317500e-01 -9.86700971e-03  3.59496250e-01
 -3.14158039e-02  7.88975000e-02  0.00000000e+00  0.00000000e+00
  2.81403960e-02  8.19337500e-01  4.48674423e-02  7.99983750e-01
  5.11650962e-02  8.12840000e-01  5.76175385e-02  8.26312500e-01
  6.40646346e-02  8.37950000e-01  7.19488077e-02  8.79948750e-01
  6.02374701e-02  9.66533750e-01  4.84842991e-02  9.89768750e-01
  3.45881728e-02  9.47946250e-01  1.47833501e-02  6.93172500e-01
  0.00000000e+00  0.00000000e+00  4.82490594e-02  1.15274250e+00
  6.44605962e-02  1.10250875e+00  6.95753654e-02  1.10662500e+00
  7.48139615e-02  1.11095875e+00  8.00526154e-02  1.11469250e+00
  8.63782885e-02  1.12854625e+00  7.33900157e-02  1.15740750e+00
  6.10258695e-02  1.16325625e+00  4.97331353e-02  1.17397000e+00
  4.31599871e-02  1.20328000e+00  0.00000000e+00  0.00000000e+00
 -3.06848121e-01  0.00000000e+00 -3.65980000e-01  0.00000000e+00
 -3.15312500e-01  0.00000000e+00 -2.63828750e-01  0.00000000e+00
 -2.08991250e-01  0.00000000e+00 -1.92123750e-01  0.00000000e+00
 -2.82294213e-01  0.00000000e+00 -2.94739578e-01  0.00000000e+00
 -3.06351310e-01  0.00000000e+00 -3.14158904e-01  0.00000000e+00
  0.00000000e+00  0.00000000e+00 -3.76910772e-01  0.00000000e+00
 -3.65980000e-01  0.00000000e+00 -3.15312500e-01  0.00000000e+00
 -2.63828750e-01  0.00000000e+00 -2.08991250e-01  0.00000000e+00
 -1.92123750e-01  0.00000000e+00 -3.52747615e-01  0.00000000e+00
 -3.65014654e-01  0.00000000e+00 -3.76421033e-01  0.00000000e+00
 -3.84112107e-01  0.00000000e+00  0.00000000e+00  0.00000000e+00
 -4.45927657e-01  0.00000000e+00 -3.65980000e-01  0.00000000e+00
 -3.15312500e-01  0.00000000e+00 -2.63828750e-01  0.00000000e+00
 -2.08991250e-01  0.00000000e+00 -1.92123750e-01  0.00000000e+00
 -4.20528865e-01  0.00000000e+00 -4.32120077e-01  0.00000000e+00
 -4.45468019e-01  0.00000000e+00 -4.53041769e-01  0.00000000e+00
  0.00000000e+00  0.00000000e+00 -5.13902538e-01  0.00000000e+00
 -3.65980000e-01  0.00000000e+00 -3.15312500e-01  0.00000000e+00
 -2.63828750e-01  0.00000000e+00 -2.08991250e-01  0.00000000e+00
 -1.92123750e-01  0.00000000e+00 -5.94218750e-01  0.00000000e+00
 -6.38147500e-01  0.00000000e+00 -5.11945904e-01  0.00000000e+00
 -5.19571962e-01  0.00000000e+00  0.00000000e+00  0.00000000e+00
 -5.81632673e-01  0.00000000e+00 -3.65980000e-01  0.00000000e+00
 -3.15312500e-01  0.00000000e+00 -2.63828750e-01  0.00000000e+00
 -2.08991250e-01  0.00000000e+00 -1.92123750e-01  0.00000000e+00
 -5.94218750e-01  0.00000000e+00 -6.38147500e-01  0.00000000e+00
 -6.78937500e-01  0.00000000e+00 -6.75537500e-01  0.00000000e+00
  0.00000000e+00  0.00000000e+00 -5.97541250e-01  0.00000000e+00
 -1.91218750e-01  0.00000000e+00 -1.46520000e-01  0.00000000e+00
 -1.00716250e-01  0.00000000e+00 -5.61762500e-02  0.00000000e+00
  1.46737500e-02  0.00000000e+00 -1.33511250e-01  0.00000000e+00
 -4.77438750e-01  0.00000000e+00 -5.28942500e-01  0.00000000e+00
 -5.24651250e-01  0.00000000e+00  0.00000000e+00  0.00000000e+00
 -1.25248750e-01  0.00000000e+00  1.52177500e-01  0.00000000e+00
  1.85375000e-01  0.00000000e+00  2.19817500e-01  0.00000000e+00
  2.49451250e-01  0.00000000e+00  3.54305000e-01  0.00000000e+00
  4.99442500e-01  0.00000000e+00  1.32438750e-01  0.00000000e+00
 -2.28953750e-01  0.00000000e+00 -2.22876250e-01  0.00000000e+00
  0.00000000e+00  0.00000000e+00  3.47045000e-01  0.00000000e+00
  4.82881250e-01  0.00000000e+00  5.05453750e-01  0.00000000e+00
  5.28973750e-01  0.00000000e+00  5.49390000e-01  0.00000000e+00
  6.19971250e-01  0.00000000e+00  7.69970000e-01  0.00000000e+00
  7.42317500e-01  0.00000000e+00  3.59496250e-01  0.00000000e+00
  7.88975000e-02  0.00000000e+00  0.00000000e+00  0.00000000e+00
  8.19337500e-01  0.00000000e+00  7.99983750e-01  0.00000000e+00
  8.12840000e-01  0.00000000e+00  8.26312500e-01  0.00000000e+00
  8.37950000e-01  0.00000000e+00  8.79948750e-01  0.00000000e+00
  9.66533750e-01  0.00000000e+00  9.89768750e-01  0.00000000e+00
  9.47946250e-01  0.00000000e+00  6.93172500e-01  0.00000000e+00
  0.00000000e+00  0.00000000e+00  1.15274250e+00  0.00000000e+00
  1.10250875e+00  0.00000000e+00  1.10662500e+00  0.00000000e+00
  1.11095875e+00  0.00000000e+00  1.11469250e+00  0.00000000e+00
  1.12854625e+00  0.00000000e+00  1.15740750e+00  0.00000000e+00
  1.16325625e+00  0.00000000e+00  1.17397000e+00  0.00000000e+00
  1.20328000e+00  0.00000000e+00  0.00000000e+00  0.00000000e+00
  0.00000000e+00  0.00000000e+00  0.00000000e+00  0.00000000e+00
  0.00000000e+00  0.00000000e+00  0.00000000e+00  0.00000000e+00
  0.00000000e+00  0.00000000e+00  0.00000000e+00  0.00000000e+00
  0.00000000e+00  0.00000000e+00  0.00000000e+00  0.00000000e+00
  0.00000000e+00  0.00000000e+00  0.00000000e+00  0.00000000e+00
  0.00000000e+00  0.00000000e+00  0.00000000e+00  0.00000000e+00
  0.00000000e+00  0.00000000e+00  0.00000000e+00  0.00000000e+00
  0.00000000e+00  0.00000000e+00  0.00000000e+00  0.00000000e+00
  0.00000000e+00  0.00000000e+00  0.00000000e+00  0.00000000e+00
  0.00000000e+00  0.00000000e+00  0.00000000e+00  0.00000000e+00
  0.00000000e+00  0.00000000e+00  0.00000000e+00  0.00000000e+00
  0.00000000e+00  0.00000000e+00  0.00000000e+00  0.00000000e+00
  0.00000000e+00  0.00000000e+00  0.00000000e+00  0.00000000e+00
  0.00000000e+00  0.00000000e+00  0.00000000e+00  0.00000000e+00
  0.00000000e+00  0.00000000e+00  0.00000000e+00  0.00000000e+00
  0.00000000e+00  0.00000000e+00  0.00000000e+00  0.00000000e+00
  0.00000000e+00  0.00000000e+00  0.00000000e+00  0.00000000e+00
  0.00000000e+00  0.00000000e+00  0.00000000e+00  0.00000000e+00
  0.00000000e+00  0.00000000e+00  0.00000000e+00  0.00000000e+00
  0.00000000e+00  0.00000000e+00  0.00000000e+00  0.00000000e+00
  0.00000000e+00  0.00000000e+00  0.00000000e+00  0.00000000e+00
  0.00000000e+00  0.00000000e+00  0.00000000e+00  0.00000000e+00
  0.00000000e+00  0.00000000e+00  0.00000000e+00  0.00000000e+00
  0.00000000e+00  0.00000000e+00  0.00000000e+00  0.00000000e+00
  0.00000000e+00  0.00000000e+00  0.00000000e+00  0.00000000e+00
  0.00000000e+00  0.00000000e+00  0.00000000e+00  0.00000000e+00
  0.00000000e+00  0.00000000e+00  0.00000000e+00  0.00000000e+00
  0.00000000e+00  0.00000000e+00  0.00000000e+00  0.00000000e+00
  0.00000000e+00  0.00000000e+00  0.00000000e+00  0.00000000e+00
  0.00000000e+00  0.00000000e+00  0.00000000e+00  0.00000000e+00
  0.00000000e+00  0.00000000e+00  0.00000000e+00  0.00000000e+00
  0.00000000e+00  0.00000000e+00  0.00000000e+00  0.00000000e+00
  0.00000000e+00  0.00000000e+00  0.00000000e+00  0.00000000e+00
  0.00000000e+00  0.00000000e+00  0.00000000e+00  0.00000000e+00
  0.00000000e+00  0.00000000e+00  0.00000000e+00  0.00000000e+00
  0.00000000e+00  0.00000000e+00  0.00000000e+00  0.00000000e+00
  0.00000000e+00  0.00000000e+00  0.00000000e+00  0.00000000e+00
  0.00000000e+00  0.00000000e+00  0.00000000e+00  0.00000000e+00
  0.00000000e+00  0.00000000e+00  0.00000000e+00  0.00000000e+00
  0.00000000e+00  0.00000000e+00  0.00000000e+00  0.00000000e+00
  0.00000000e+00  0.00000000e+00  0.00000000e+00  0.00000000e+00
  0.00000000e+00  0.00000000e+00  0.00000000e+00  0.00000000e+00
  0.00000000e+00  0.00000000e+00  0.00000000e+00  0.00000000e+00
  0.00000000e+00  0.00000000e+00  0.00000000e+00  0.00000000e+00
  0.00000000e+00  0.00000000e+00  0.00000000e+00  0.00000000e+00
  0.00000000e+00  0.00000000e+00  0.00000000e+00  0.00000000e+00
  0.00000000e+00  0.00000000e+00  0.00000000e+00  0.00000000e+00
  0.00000000e+00  0.00000000e+00  0.00000000e+00  0.00000000e+00
  0.00000000e+00  0.00000000e+00  0.00000000e+00  0.00000000e+00
  0.00000000e+00  0.00000000e+00  0.00000000e+00  0.00000000e+00
  0.00000000e+00  0.00000000e+00  0.00000000e+00  0.00000000e+00
  0.00000000e+00  0.00000000e+00  0.00000000e+00  0.00000000e+00
  0.00000000e+00  0.00000000e+00  0.00000000e+00  0.00000000e+00
  0.00000000e+00  0.00000000e+00  0.00000000e+00  0.00000000e+00
  0.00000000e+00  0.00000000e+00  0.00000000e+00  0.00000000e+00]","[1 1 1 1 1 1 1 1 1 1 1 1 1 1 1 1 1 1 1 1 0 0 1 1 1 1 1 1 1 1 1 1 1 1 1 1 1
 1 1 1 1 1 0 0 1 1 1 1 1 1 1 1 1 1 1 1 1 1 1 1 1 1 1 1 0 0 1 1 1 1 1 1 1 1
 1 1 1 1 1 1 1 1 1 1 1 1 0 0 1 1 1 1 1 1 1 1 1 1 1 1 1 1 1 1 1 1 1 1 0 0 1
 1 1 1 1 1 1 1 1 1 1 1 1 1 1 1 1 1 1 1 0 0 1 1 1 1 1 1 1 1 1 1 1 1 1 1 1 1
 1 1 1 1 0 0 1 1 1 1 1 1 1 1 1 1 1 1 1 1 1 1 1 1 1 1 0 0 1 1 1 0 1 0 1 0 1
 0 1 0 1 0 1 0 1 1 1 1 0 0 1 0 1 0 1 0 1 0 1 0 1 0 1 0 1 0 1 0 1 0 0 0 1 0
 1 0 1 0 1 0 1 0 1 0 1 0 1 0 1 0 1 0 0 0 1 0 1 0 1 0 1 0 1 0 1 0 1 0 1 0 1
 0 1 0 0 0 1 0 1 0 1 0 0 0 0 0 0 0 1 0 1 0 1 0 1 0 0 0 1 0 1 0 0 0 0 0 0 0
 0 0 1 0 1 0 1 0 1 0 0 0 1 0 0 0 0 0 0 0 0 0 0 0 1 0 1 0 1 0 1 0 0 0 1 0 0
 0 0 0 0 0 0 0 0 0 1 0 1 0 1 0 1 0 0 0 1 0 0 0 0 0 0 0 0 0 0 0 1 0 1 0 1 0
 1 0 0 0 0 0 0 0 0 0 0 0 0 0 0 0 0 0 0 0 0 0 0 0 0 0 0 0 0 0 0 0 0 0 0 0 0
 0 0 0 0 0 0 0 0 0 0 0 0 0 0 0 0 0 0 0 0 0 0 0 0 0 0 0 0 0 0 0 0 0 0 0 0 0
 0 0 0 0 0 0 0 0 0 0 0 0 0 0 0 0 0 0 0 0 0 0 0 0 0 0 0 0 0 0 0 0 0 0 0 0 0
 0 0 0 0 0 0 0 0 0 0 0 0 0 0 0 0 0 0 0 0 0 0 0 0 0 0 0 0 0 0 0 0 0 0 0 0 0
 0 0 0 0 0 0 0 0 0 0 0 0 0 0 0 0 0 0 0 0 0 0 0 0 0 0 0 0 0 0 0 0 0 0 0 0 0
 0 0 0 0 0 0 0 0 0 0 0 0 0 0 0 0 0 0 0 0 0 0 0 0 0 0 0 0 0 0 0 0 0 0 0 0 0
 0 0 0 0 0 0 0 0 0 0 0 0 0 0 0 0 0 0 0 0 0 0 0 0 0 0 0 0 0 0 0 0 0 0 0 0 0
 0 0 0 0 0 0 0 0 0 0 0 0 0 0 0 0 0 0 0 0 0 0 0 0 0 0 0 0 0 0 0 0 0 0 0 0 0
 0 0 0 0 0 0 0 0 0 0 0 0 0 0 0 0 0 0 0 0 0 0 0 0 0 0 0 0 0 0 0 0 0 0 0 0 0
 0]"
2,0.30000000000000004,0,1555203702.8729706,1555203702.8729706,"[-1.80714046e-03  1.09940318e-01  3.30863879e-03  1.14744500e-01
  6.32834503e-03  1.17911345e-01  9.41429212e-03  1.21215243e-01
  1.25510462e-02  1.24068526e-01  1.55085351e-02  1.32569662e-01
  9.28059836e-03  1.53053431e-01  3.17303774e-03  1.43437221e-01
 -1.66924582e-03  1.24732006e-01 -6.76213422e-03  8.78354065e-02
  0.00000000e+00  0.00000000e+00  1.17948656e-03  1.62960977e-01
  7.01283988e-03  1.63973690e-01  9.91412854e-03  1.66499296e-01
  1.28793937e-02  1.69133632e-01  1.58884361e-02  1.71407560e-01
  1.87945860e-02  1.77897446e-01  1.20397711e-02  1.94199047e-01
  5.52775414e-03  1.83605931e-01  7.04517631e-04  1.69661778e-01
 -3.02883833e-03  1.56322964e-01  0.00000000e+00  0.00000000e+00
 -3.18005977e-02  7.01364434e-02 -3.82091997e-02  7.50112003e-02
 -3.07683055e-02  7.71615026e-02 -2.31955180e-02  7.94012622e-02
 -1.52356887e-02  8.13351449e-02 -1.13999170e-02  8.66072456e-02
 -2.04410671e-02  1.00309122e-01 -2.72775291e-02  8.95026281e-02
 -3.24151749e-02  7.50444445e-02 -3.64951686e-02  5.97397826e-02
  0.00000000e+00  0.00000000e+00 -4.36315254e-02  6.85544183e-02
 -4.66333318e-02  7.33192183e-02 -3.80797475e-02  7.54210176e-02
 -2.93766366e-02  7.76102563e-02 -2.02102876e-02  7.95005176e-02
 -1.60362799e-02  8.46536987e-02 -3.18071099e-02  9.80465102e-02
 -3.89242379e-02  8.74837718e-02 -4.42671696e-02  7.33517126e-02
 -4.85232164e-02  5.83922687e-02  0.00000000e+00  0.00000000e+00
 -5.65480056e-02  6.70080781e-02 -5.48709513e-02  7.16654014e-02
 -4.52292128e-02  7.37197916e-02 -3.54207031e-02  7.58596490e-02
 -2.50744370e-02  7.77072729e-02 -2.05704223e-02  8.27442168e-02
 -4.33516201e-02  9.58349348e-02 -5.06047167e-02  8.55104537e-02
 -5.72350648e-02  7.16971627e-02 -6.16550620e-02  5.70751499e-02
  0.00000000e+00  0.00000000e+00 -7.05063949e-02  6.54966177e-02
 -6.29158558e-02  7.00488886e-02 -5.22098334e-02  7.20569392e-02
 -4.13201437e-02  7.41485291e-02 -2.98201315e-02  7.59544772e-02
 -2.49569101e-02  8.08778059e-02 -7.68899990e-02  9.36732445e-02
 -8.71601103e-02  8.35816464e-02 -7.03022712e-02  7.00799335e-02
 -7.49464357e-02  5.57877405e-02  0.00000000e+00  0.00000000e+00
 -8.51456315e-02  6.40192503e-02 -7.12303790e-02  6.84688385e-02
 -5.94889301e-02  7.04315947e-02 -4.75486700e-02  7.24760059e-02
 -3.49136393e-02  7.42412183e-02 -3.13131701e-02  7.90534945e-02
 -9.15028557e-02  9.15603142e-02 -1.01743123e-01  8.16963462e-02
 -1.05392400e-01  6.84991831e-02 -1.08698359e-01  5.45293704e-02
  0.00000000e+00  0.00000000e+00 -1.08092508e-01  6.25752071e-02
 -5.95112627e-02  6.69244286e-02 -4.65182999e-02  6.88429121e-02
 -3.32505621e-02  7.08412088e-02 -1.98030864e-02  7.25666044e-02
 -6.41556116e-03  1.67700000e-02 -4.79486245e-02  8.94950440e-02
 -9.92236402e-02  7.98535714e-02 -1.05668661e-01  6.69540888e-02
 -1.08579870e-01  5.32993846e-02  0.00000000e+00  0.00000000e+00
 -6.60915465e-02  6.11637363e-02 -2.01899457e-02  1.73917143e-01
 -7.78069603e-03  2.11857143e-01  4.93268571e-03  2.51220000e-01
  1.74656275e-02  2.85087143e-01  3.50436104e-02  4.04920000e-01
  2.09306518e-02  5.70791429e-01 -3.23154556e-02  1.51358571e-01
 -7.97760500e-02  6.54438462e-02 -8.86139047e-02  5.20971429e-02
  0.00000000e+00  0.00000000e+00 -8.43539411e-03  3.96622857e-01
  2.52991225e-02  5.51864286e-01  3.69576408e-02  5.77661429e-01
  4.89068820e-02  6.04541429e-01  6.07624002e-02  6.27874286e-01
  7.64244708e-02  7.08538571e-01  6.53242180e-02  8.79965714e-01
  4.00167606e-02  8.48362857e-01 -9.73270619e-03  4.10852857e-01
 -4.71789558e-02  9.01685714e-02  0.00000000e+00  0.00000000e+00
  5.72453017e-02  9.36385714e-01  7.69156154e-02  9.14267143e-01
  8.77115934e-02  9.28960000e-01  9.87729231e-02  9.44357143e-01
  1.09825088e-01  9.57657143e-01  1.23340813e-01  1.00565571e+00
  1.08411655e-01  1.10461000e+00  8.77811060e-02  1.13116429e+00
  6.56984335e-02  1.08336714e+00  3.13355477e-02  7.92197143e-01
  0.00000000e+00  0.00000000e+00  9.05450862e-02  1.31742000e+00
  1.10503879e-01  1.26001000e+00  1.19272055e-01  1.26471429e+00
  1.28252505e-01  1.26966714e+00  1.37233055e-01  1.27393429e+00
  1.48077066e-01  1.28976714e+00  1.29561994e-01  1.32275143e+00
  1.08051700e-01  1.32943571e+00  9.05401354e-02  1.34168000e+00
  7.89677029e-02  1.37517714e+00  0.00000000e+00  0.00000000e+00
 -2.99887806e-01  0.00000000e+00 -4.18262857e-01  0.00000000e+00
 -3.60357143e-01  0.00000000e+00 -3.01518571e-01  0.00000000e+00
 -2.38847143e-01  0.00000000e+00 -2.19570000e-01  0.00000000e+00
 -2.62090376e-01  0.00000000e+00 -2.83578138e-01  0.00000000e+00
 -3.01535177e-01  0.00000000e+00 -3.15120060e-01  0.00000000e+00
  0.00000000e+00  0.00000000e+00 -3.66834654e-01  0.00000000e+00
 -4.18262857e-01  0.00000000e+00 -3.60357143e-01  0.00000000e+00
 -3.01518571e-01  0.00000000e+00 -2.38847143e-01  0.00000000e+00
 -2.19570000e-01  0.00000000e+00 -3.29984923e-01  0.00000000e+00
 -3.51014132e-01  0.00000000e+00 -3.68443120e-01  0.00000000e+00
 -3.81728382e-01  0.00000000e+00  0.00000000e+00  0.00000000e+00
 -4.32303260e-01  0.00000000e+00 -4.18262857e-01  0.00000000e+00
 -3.60357143e-01  0.00000000e+00 -3.01518571e-01  0.00000000e+00
 -2.38847143e-01  0.00000000e+00 -2.19570000e-01  0.00000000e+00
 -3.91236297e-01  0.00000000e+00 -4.11106945e-01  0.00000000e+00
 -4.33989132e-01  0.00000000e+00 -4.46972703e-01  0.00000000e+00
  0.00000000e+00  0.00000000e+00 -4.96360396e-01  0.00000000e+00
 -4.18262857e-01  0.00000000e+00 -3.60357143e-01  0.00000000e+00
 -3.01518571e-01  0.00000000e+00 -2.38847143e-01  0.00000000e+00
 -2.19570000e-01  0.00000000e+00 -6.79107143e-01  0.00000000e+00
 -7.29311429e-01  0.00000000e+00 -4.93006165e-01  0.00000000e+00
 -5.06079407e-01  0.00000000e+00  0.00000000e+00  0.00000000e+00
 -5.57524143e-01  0.00000000e+00 -4.18262857e-01  0.00000000e+00
 -3.60357143e-01  0.00000000e+00 -3.01518571e-01  0.00000000e+00
 -2.38847143e-01  0.00000000e+00 -2.19570000e-01  0.00000000e+00
 -6.79107143e-01  0.00000000e+00 -7.29311429e-01  0.00000000e+00
 -7.75928571e-01  0.00000000e+00 -7.72042857e-01  0.00000000e+00
  0.00000000e+00  0.00000000e+00 -6.82904286e-01  0.00000000e+00
 -2.18535714e-01  0.00000000e+00 -1.67451429e-01  0.00000000e+00
 -1.15104286e-01  0.00000000e+00 -6.42014286e-02  0.00000000e+00
  1.67700000e-02  0.00000000e+00 -1.52584286e-01  0.00000000e+00
 -5.45644286e-01  0.00000000e+00 -6.04505714e-01  0.00000000e+00
 -5.99601429e-01  0.00000000e+00  0.00000000e+00  0.00000000e+00
 -1.43141429e-01  0.00000000e+00  1.73917143e-01  0.00000000e+00
  2.11857143e-01  0.00000000e+00  2.51220000e-01  0.00000000e+00
  2.85087143e-01  0.00000000e+00  4.04920000e-01  0.00000000e+00
  5.70791429e-01  0.00000000e+00  1.51358571e-01  0.00000000e+00
 -2.61661429e-01  0.00000000e+00 -2.54715714e-01  0.00000000e+00
  0.00000000e+00  0.00000000e+00  3.96622857e-01  0.00000000e+00
  5.51864286e-01  0.00000000e+00  5.77661429e-01  0.00000000e+00
  6.04541429e-01  0.00000000e+00  6.27874286e-01  0.00000000e+00
  7.08538571e-01  0.00000000e+00  8.79965714e-01  0.00000000e+00
  8.48362857e-01  0.00000000e+00  4.10852857e-01  0.00000000e+00
  9.01685714e-02  0.00000000e+00  0.00000000e+00  0.00000000e+00
  9.36385714e-01  0.00000000e+00  9.14267143e-01  0.00000000e+00
  9.28960000e-01  0.00000000e+00  9.44357143e-01  0.00000000e+00
  9.57657143e-01  0.00000000e+00  1.00565571e+00  0.00000000e+00
  1.10461000e+00  0.00000000e+00  1.13116429e+00  0.00000000e+00
  1.08336714e+00  0.00000000e+00  7.92197143e-01  0.00000000e+00
  0.00000000e+00  0.00000000e+00  1.31742000e+00  0.00000000e+00
  1.26001000e+00  0.00000000e+00  1.26471429e+00  0.00000000e+00
  1.26966714e+00  0.00000000e+00  1.27393429e+00  0.00000000e+00
  1.28976714e+00  0.00000000e+00  1.32275143e+00  0.00000000e+00
  1.32943571e+00  0.00000000e+00  1.34168000e+00  0.00000000e+00
  1.37517714e+00  0.00000000e+00  0.00000000e+00  0.00000000e+00
  0.00000000e+00  0.00000000e+00  0.00000000e+00  0.00000000e+00
  0.00000000e+00  0.00000000e+00  0.00000000e+00  0.00000000e+00
  0.00000000e+00  0.00000000e+00  0.00000000e+00  0.00000000e+00
  0.00000000e+00  0.00000000e+00  0.00000000e+00  0.00000000e+00
  0.00000000e+00  0.00000000e+00  0.00000000e+00  0.00000000e+00
  0.00000000e+00  0.00000000e+00  0.00000000e+00  0.00000000e+00
  0.00000000e+00  0.00000000e+00  0.00000000e+00  0.00000000e+00
  0.00000000e+00  0.00000000e+00  0.00000000e+00  0.00000000e+00
  0.00000000e+00  0.00000000e+00  0.00000000e+00  0.00000000e+00
  0.00000000e+00  0.00000000e+00  0.00000000e+00  0.00000000e+00
  0.00000000e+00  0.00000000e+00  0.00000000e+00  0.00000000e+00
  0.00000000e+00  0.00000000e+00  0.00000000e+00  0.00000000e+00
  0.00000000e+00  0.00000000e+00  0.00000000e+00  0.00000000e+00
  0.00000000e+00  0.00000000e+00  0.00000000e+00  0.00000000e+00
  0.00000000e+00  0.00000000e+00  0.00000000e+00  0.00000000e+00
  0.00000000e+00  0.00000000e+00  0.00000000e+00  0.00000000e+00
  0.00000000e+00  0.00000000e+00  0.00000000e+00  0.00000000e+00
  0.00000000e+00  0.00000000e+00  0.00000000e+00  0.00000000e+00
  0.00000000e+00  0.00000000e+00  0.00000000e+00  0.00000000e+00
  0.00000000e+00  0.00000000e+00  0.00000000e+00  0.00000000e+00
  0.00000000e+00  0.00000000e+00  0.00000000e+00  0.00000000e+00
  0.00000000e+00  0.00000000e+00  0.00000000e+00  0.00000000e+00
  0.00000000e+00  0.00000000e+00  0.00000000e+00  0.00000000e+00
  0.00000000e+00  0.00000000e+00  0.00000000e+00  0.00000000e+00
  0.00000000e+00  0.00000000e+00  0.00000000e+00  0.00000000e+00
  0.00000000e+00  0.00000000e+00  0.00000000e+00  0.00000000e+00
  0.00000000e+00  0.00000000e+00  0.00000000e+00  0.00000000e+00
  0.00000000e+00  0.00000000e+00  0.00000000e+00  0.00000000e+00
  0.00000000e+00  0.00000000e+00  0.00000000e+00  0.00000000e+00
  0.00000000e+00  0.00000000e+00  0.00000000e+00  0.00000000e+00
  0.00000000e+00  0.00000000e+00  0.00000000e+00  0.00000000e+00
  0.00000000e+00  0.00000000e+00  0.00000000e+00  0.00000000e+00
  0.00000000e+00  0.00000000e+00  0.00000000e+00  0.00000000e+00
  0.00000000e+00  0.00000000e+00  0.00000000e+00  0.00000000e+00
  0.00000000e+00  0.00000000e+00  0.00000000e+00  0.00000000e+00
  0.00000000e+00  0.00000000e+00  0.00000000e+00  0.00000000e+00
  0.00000000e+00  0.00000000e+00  0.00000000e+00  0.00000000e+00
  0.00000000e+00  0.00000000e+00  0.00000000e+00  0.00000000e+00
  0.00000000e+00  0.00000000e+00  0.00000000e+00  0.00000000e+00
  0.00000000e+00  0.00000000e+00  0.00000000e+00  0.00000000e+00
  0.00000000e+00  0.00000000e+00  0.00000000e+00  0.00000000e+00
  0.00000000e+00  0.00000000e+00  0.00000000e+00  0.00000000e+00
  0.00000000e+00  0.00000000e+00  0.00000000e+00  0.00000000e+00
  0.00000000e+00  0.00000000e+00  0.00000000e+00  0.00000000e+00
  0.00000000e+00  0.00000000e+00  0.00000000e+00  0.00000000e+00
  0.00000000e+00  0.00000000e+00  0.00000000e+00  0.00000000e+00
  0.00000000e+00  0.00000000e+00  0.00000000e+00  0.00000000e+00
  0.00000000e+00  0.00000000e+00  0.00000000e+00  0.00000000e+00
  0.00000000e+00  0.00000000e+00  0.00000000e+00  0.00000000e+00
  0.00000000e+00  0.00000000e+00  0.00000000e+00  0.00000000e+00
  0.00000000e+00  0.00000000e+00  0.00000000e+00  0.00000000e+00
  0.00000000e+00  0.00000000e+00  0.00000000e+00  0.00000000e+00
  0.00000000e+00  0.00000000e+00  0.00000000e+00  0.00000000e+00
  0.00000000e+00  0.00000000e+00  0.00000000e+00  0.00000000e+00
  0.00000000e+00  0.00000000e+00  0.00000000e+00  0.00000000e+00]","[1 1 1 1 1 1 1 1 1 1 1 1 1 1 1 1 1 1 1 1 0 0 1 1 1 1 1 1 1 1 1 1 1 1 1 1 1
 1 1 1 1 1 0 0 1 1 1 1 1 1 1 1 1 1 1 1 1 1 1 1 1 1 1 1 0 0 1 1 1 1 1 1 1 1
 1 1 1 1 1 1 1 1 1 1 1 1 0 0 1 1 1 1 1 1 1 1 1 1 1 1 1 1 1 1 1 1 1 1 0 0 1
 1 1 1 1 1 1 1 1 1 1 1 1 1 1 1 1 1 1 1 0 0 1 1 1 1 1 1 1 1 1 1 1 1 1 1 1 1
 1 1 1 1 0 0 1 1 1 1 1 1 1 1 1 1 1 1 1 1 1 1 1 1 1 1 0 0 1 1 1 0 1 0 1 0 1
 0 1 0 1 0 1 0 1 1 1 1 0 0 1 0 1 0 1 0 1 0 1 0 1 0 1 0 1 0 1 0 1 0 0 0 1 0
 1 0 1 0 1 0 1 0 1 0 1 0 1 0 1 0 1 0 0 0 1 0 1 0 1 0 1 0 1 0 1 0 1 0 1 0 1
 0 1 0 0 0 1 0 1 0 1 0 1 0 0 0 0 0 1 0 1 0 1 0 1 0 0 0 1 0 1 0 1 0 0 0 0 0
 0 0 1 0 1 0 1 0 1 0 0 0 1 0 1 0 0 0 0 0 0 0 0 0 1 0 1 0 1 0 1 0 0 0 1 0 0
 0 0 0 0 0 0 0 0 0 1 0 1 0 1 0 1 0 0 0 1 0 0 0 0 0 0 0 0 0 0 0 1 0 1 0 1 0
 1 0 0 0 1 0 0 0 0 0 0 0 0 0 0 0 0 0 0 0 0 0 0 0 0 0 0 0 0 0 0 0 0 0 0 0 0
 0 0 0 0 0 0 0 0 0 0 0 0 0 0 0 0 0 0 0 0 0 0 0 0 0 0 0 0 0 0 0 0 0 0 0 0 0
 0 0 0 0 0 0 0 0 0 0 0 0 0 0 0 0 0 0 0 0 0 0 0 0 0 0 0 0 0 0 0 0 0 0 0 0 0
 0 0 0 0 0 0 0 0 0 0 0 0 0 0 0 0 0 0 0 0 0 0 0 0 0 0 0 0 0 0 0 0 0 0 0 0 0
 0 0 0 0 0 0 0 0 0 0 0 0 0 0 0 0 0 0 0 0 0 0 0 0 0 0 0 0 0 0 0 0 0 0 0 0 0
 0 0 0 0 0 0 0 0 0 0 0 0 0 0 0 0 0 0 0 0 0 0 0 0 0 0 0 0 0 0 0 0 0 0 0 0 0
 0 0 0 0 0 0 0 0 0 0 0 0 0 0 0 0 0 0 0 0 0 0 0 0 0 0 0 0 0 0 0 0 0 0 0 0 0
 0 0 0 0 0 0 0 0 0 0 0 0 0 0 0 0 0 0 0 0 0 0 0 0 0 0 0 0 0 0 0 0 0 0 0 0 0
 0 0 0 0 0 0 0 0 0 0 0 0 0 0 0 0 0 0 0 0 0 0 0 0 0 0 0 0 0 0 0 0 0 0 0 0 0
 0]"
3,0.4,0,1555203702.9344745,1555203702.9344745,"[ 2.70040354e-03  1.79161982e-01  7.52164707e-03  1.86110044e-01
  1.39462105e-02  1.91228621e-01  2.05120286e-02  1.96568438e-01
  2.71830639e-02  2.01179919e-01  3.34421479e-02  2.13770149e-01
  2.40393971e-02  2.47971077e-01  1.05913592e-02  2.32070866e-01
  1.34649940e-03  2.02684880e-01 -9.83344516e-03  1.43779006e-01
  0.00000000e+00  0.00000000e+00  8.73998114e-03  2.59503714e-01
  1.51497744e-02  2.60557854e-01  2.12915633e-02  2.64643886e-01
  2.75690720e-02  2.68905599e-01  3.39368397e-02  2.72584300e-01
  4.00536574e-02  2.81989498e-01  2.92629846e-02  3.09425821e-01
  1.51143953e-02  2.92157059e-01  6.06347723e-03  2.70347670e-01
 -2.21013765e-03  2.48287195e-01  0.00000000e+00  0.00000000e+00
 -3.90064500e-02  1.14116439e-01 -5.86946658e-02  1.21137171e-01
 -4.59416490e-02  1.24609740e-01 -3.29574514e-02  1.28226775e-01
 -1.93546814e-02  1.31349843e-01 -1.22654989e-02  1.38820110e-01
 -1.77913178e-02  1.61991319e-01 -3.24682940e-02  1.44539684e-01
 -4.20186244e-02  1.22102067e-01 -5.09207614e-02  9.72004127e-02
  0.00000000e+00  0.00000000e+00 -5.36627541e-02  1.10709978e-01
 -7.12498321e-02  1.17521136e-01 -5.69098864e-02  1.20890046e-01
 -4.23140155e-02  1.24399110e-01 -2.69873796e-02  1.27428952e-01
 -1.94576106e-02  1.34676226e-01 -3.18874152e-02  1.57155757e-01
 -4.69970365e-02  1.40225067e-01 -5.67563999e-02  1.18457230e-01
 -6.59300158e-02  9.42989078e-02  0.00000000e+00  0.00000000e+00
 -6.95368526e-02  1.07405202e-01 -8.34385227e-02  1.14013043e-01
 -6.75576075e-02  1.17281388e-01 -5.13967392e-02  1.20685704e-01
 -3.43961560e-02  1.23625103e-01 -2.64415561e-02  1.30656040e-01
 -4.44630686e-02  1.52464541e-01 -5.97555878e-02  1.36039244e-01
 -7.28330921e-02  1.14921193e-01 -8.22469710e-02  9.14840150e-02
  0.00000000e+00  0.00000000e+00 -8.66216205e-02  1.04199077e-01
 -9.52442630e-02  1.10609668e-01 -7.78666689e-02  1.13780451e-01
 -6.01857037e-02  1.17083146e-01 -4.15600686e-02  1.19934801e-01
 -3.30869521e-02  1.26755860e-01 -1.05656600e-01  1.47913360e-01
 -1.24725392e-01  1.31978371e-01 -8.72139513e-02  1.11490710e-01
 -9.70252661e-02  8.87531489e-02  0.00000000e+00  0.00000000e+00
 -1.03099002e-01  1.01088657e-01 -1.07588556e-01  1.07307887e-01
 -8.87686007e-02  1.10384020e-01 -6.96253416e-02  1.13588126e-01
 -4.94079861e-02  1.16354658e-01 -4.39733852e-02  1.22972103e-01
 -1.28253604e-01  1.43498036e-01 -1.46606036e-01  1.28038718e-01
 -1.50911028e-01  1.08162629e-01 -1.58070245e-01  8.61038012e-02
  0.00000000e+00  0.00000000e+00 -1.50107802e-01  9.80710848e-02
 -8.99870391e-02  1.04104667e-01 -6.93989308e-02  1.07088974e-01
 -4.83741225e-02  1.10197436e-01 -2.70709520e-02  1.12881385e-01
 -5.76302681e-03  1.95650000e-02 -6.21725692e-02  1.39214513e-01
 -1.43564444e-01  1.24216667e-01 -1.50814211e-01  1.04933893e-01
 -1.57207115e-01  8.35335385e-02  0.00000000e+00  0.00000000e+00
 -8.58898585e-02  9.51435897e-02 -2.91639558e-02  2.02903333e-01
 -9.62657751e-03  2.47166667e-01  1.03896103e-02  2.93090000e-01
  3.01250051e-02  3.32601667e-01  5.77600181e-02  4.72406667e-01
  4.38901980e-02  6.65923333e-01 -4.02334173e-02  1.76585000e-01
 -1.11555552e-01  1.01801538e-01 -1.26535263e-01  8.10400000e-02
  0.00000000e+00  0.00000000e+00  2.67158642e-03  4.62726667e-01
  4.06764592e-02  6.43841667e-01  5.89168505e-02  6.73938333e-01
  7.76120174e-02  7.05298333e-01  9.61613941e-02  7.32520000e-01
  1.20654372e-01  8.26628333e-01  1.11401732e-01  1.02662667e+00
  7.10082953e-02  9.89756667e-01 -3.69631626e-03  4.79328333e-01
 -6.27468654e-02  1.05196667e-01  0.00000000e+00  0.00000000e+00
  1.03378039e-01  1.09245000e+00  1.19646513e-01  1.06664500e+00
  1.36440256e-01  1.08378667e+00  1.53646769e-01  1.10175000e+00
  1.70839026e-01  1.11726667e+00  1.91863487e-01  1.17326500e+00
  1.76696808e-01  1.28871167e+00  1.43851007e-01  1.31969167e+00
  1.12303184e-01  1.26392833e+00  5.82020851e-02  9.24230000e-01
  0.00000000e+00  0.00000000e+00  1.53200303e-01  1.53699000e+00
  1.71894923e-01  1.47001167e+00  1.85534308e-01  1.47550000e+00
  1.99503897e-01  1.48127833e+00  2.13473641e-01  1.48625667e+00
  2.30342103e-01  1.50472833e+00  2.07375050e-01  1.54321000e+00
  1.73425194e-01  1.55100833e+00  1.49109577e-01  1.56529333e+00
  1.30632442e-01  1.60437333e+00  0.00000000e+00  0.00000000e+00
 -2.85603599e-01  0.00000000e+00 -4.87973333e-01  0.00000000e+00
 -4.20416667e-01  0.00000000e+00 -3.51771667e-01  0.00000000e+00
 -2.78655000e-01  0.00000000e+00 -2.56165000e-01  0.00000000e+00
 -2.33547883e-01  0.00000000e+00 -2.67211060e-01  0.00000000e+00
 -2.92112783e-01  0.00000000e+00 -3.13556614e-01  0.00000000e+00
  0.00000000e+00  0.00000000e+00 -3.49843189e-01  0.00000000e+00
 -4.87973333e-01  0.00000000e+00 -4.20416667e-01  0.00000000e+00
 -3.51771667e-01  0.00000000e+00 -2.78655000e-01  0.00000000e+00
 -2.56165000e-01  0.00000000e+00 -2.99634667e-01  0.00000000e+00
 -3.32346769e-01  0.00000000e+00 -3.56153277e-01  0.00000000e+00
 -3.76975672e-01  0.00000000e+00  0.00000000e+00  0.00000000e+00
 -4.12213316e-01  0.00000000e+00 -4.87973333e-01  0.00000000e+00
 -4.20416667e-01  0.00000000e+00 -3.51771667e-01  0.00000000e+00
 -2.78655000e-01  0.00000000e+00 -2.56165000e-01  0.00000000e+00
 -3.52179538e-01  0.00000000e+00 -3.83089436e-01  0.00000000e+00
 -4.18683949e-01  0.00000000e+00 -4.38880615e-01  0.00000000e+00
  0.00000000e+00  0.00000000e+00 -4.72970872e-01  0.00000000e+00
 -4.87973333e-01  0.00000000e+00 -4.20416667e-01  0.00000000e+00
 -3.51771667e-01  0.00000000e+00 -2.78655000e-01  0.00000000e+00
 -2.56165000e-01  0.00000000e+00 -7.92291667e-01  0.00000000e+00
 -8.50863333e-01  0.00000000e+00 -4.67753179e-01  0.00000000e+00
 -4.88089333e-01  0.00000000e+00  0.00000000e+00  0.00000000e+00
 -5.25379436e-01  0.00000000e+00 -4.87973333e-01  0.00000000e+00
 -4.20416667e-01  0.00000000e+00 -3.51771667e-01  0.00000000e+00
 -2.78655000e-01  0.00000000e+00 -2.56165000e-01  0.00000000e+00
 -7.92291667e-01  0.00000000e+00 -8.50863333e-01  0.00000000e+00
 -9.05250000e-01  0.00000000e+00 -9.00716667e-01  0.00000000e+00
  0.00000000e+00  0.00000000e+00 -7.96721667e-01  0.00000000e+00
 -2.54958333e-01  0.00000000e+00 -1.95360000e-01  0.00000000e+00
 -1.34288333e-01  0.00000000e+00 -7.49016667e-02  0.00000000e+00
  1.95650000e-02  0.00000000e+00 -1.78015000e-01  0.00000000e+00
 -6.36585000e-01  0.00000000e+00 -7.05256667e-01  0.00000000e+00
 -6.99535000e-01  0.00000000e+00  0.00000000e+00  0.00000000e+00
 -1.66998333e-01  0.00000000e+00  2.02903333e-01  0.00000000e+00
  2.47166667e-01  0.00000000e+00  2.93090000e-01  0.00000000e+00
  3.32601667e-01  0.00000000e+00  4.72406667e-01  0.00000000e+00
  6.65923333e-01  0.00000000e+00  1.76585000e-01  0.00000000e+00
 -3.05271667e-01  0.00000000e+00 -2.97168333e-01  0.00000000e+00
  0.00000000e+00  0.00000000e+00  4.62726667e-01  0.00000000e+00
  6.43841667e-01  0.00000000e+00  6.73938333e-01  0.00000000e+00
  7.05298333e-01  0.00000000e+00  7.32520000e-01  0.00000000e+00
  8.26628333e-01  0.00000000e+00  1.02662667e+00  0.00000000e+00
  9.89756667e-01  0.00000000e+00  4.79328333e-01  0.00000000e+00
  1.05196667e-01  0.00000000e+00  0.00000000e+00  0.00000000e+00
  1.09245000e+00  0.00000000e+00  1.06664500e+00  0.00000000e+00
  1.08378667e+00  0.00000000e+00  1.10175000e+00  0.00000000e+00
  1.11726667e+00  0.00000000e+00  1.17326500e+00  0.00000000e+00
  1.28871167e+00  0.00000000e+00  1.31969167e+00  0.00000000e+00
  1.26392833e+00  0.00000000e+00  9.24230000e-01  0.00000000e+00
  0.00000000e+00  0.00000000e+00  1.53699000e+00  0.00000000e+00
  1.47001167e+00  0.00000000e+00  1.47550000e+00  0.00000000e+00
  1.48127833e+00  0.00000000e+00  1.48625667e+00  0.00000000e+00
  1.50472833e+00  0.00000000e+00  1.54321000e+00  0.00000000e+00
  1.55100833e+00  0.00000000e+00  1.56529333e+00  0.00000000e+00
  1.60437333e+00  0.00000000e+00  0.00000000e+00  0.00000000e+00
  0.00000000e+00  0.00000000e+00  0.00000000e+00  0.00000000e+00
  0.00000000e+00  0.00000000e+00  0.00000000e+00  0.00000000e+00
  0.00000000e+00  0.00000000e+00  0.00000000e+00  0.00000000e+00
  0.00000000e+00  0.00000000e+00  0.00000000e+00  0.00000000e+00
  0.00000000e+00  0.00000000e+00  0.00000000e+00  0.00000000e+00
  0.00000000e+00  0.00000000e+00  0.00000000e+00  0.00000000e+00
  0.00000000e+00  0.00000000e+00  0.00000000e+00  0.00000000e+00
  0.00000000e+00  0.00000000e+00  0.00000000e+00  0.00000000e+00
  0.00000000e+00  0.00000000e+00  0.00000000e+00  0.00000000e+00
  0.00000000e+00  0.00000000e+00  0.00000000e+00  0.00000000e+00
  0.00000000e+00  0.00000000e+00  0.00000000e+00  0.00000000e+00
  0.00000000e+00  0.00000000e+00  0.00000000e+00  0.00000000e+00
  0.00000000e+00  0.00000000e+00  0.00000000e+00  0.00000000e+00
  0.00000000e+00  0.00000000e+00  0.00000000e+00  0.00000000e+00
  0.00000000e+00  0.00000000e+00  0.00000000e+00  0.00000000e+00
  0.00000000e+00  0.00000000e+00  0.00000000e+00  0.00000000e+00
  0.00000000e+00  0.00000000e+00  0.00000000e+00  0.00000000e+00
  0.00000000e+00  0.00000000e+00  0.00000000e+00  0.00000000e+00
  0.00000000e+00  0.00000000e+00  0.00000000e+00  0.00000000e+00
  0.00000000e+00  0.00000000e+00  0.00000000e+00  0.00000000e+00
  0.00000000e+00  0.00000000e+00  0.00000000e+00  0.00000000e+00
  0.00000000e+00  0.00000000e+00  0.00000000e+00  0.00000000e+00
  0.00000000e+00  0.00000000e+00  0.00000000e+00  0.00000000e+00
  0.00000000e+00  0.00000000e+00  0.00000000e+00  0.00000000e+00
  0.00000000e+00  0.00000000e+00  0.00000000e+00  0.00000000e+00
  0.00000000e+00  0.00000000e+00  0.00000000e+00  0.00000000e+00
  0.00000000e+00  0.00000000e+00  0.00000000e+00  0.00000000e+00
  0.00000000e+00  0.00000000e+00  0.00000000e+00  0.00000000e+00
  0.00000000e+00  0.00000000e+00  0.00000000e+00  0.00000000e+00
  0.00000000e+00  0.00000000e+00  0.00000000e+00  0.00000000e+00
  0.00000000e+00  0.00000000e+00  0.00000000e+00  0.00000000e+00
  0.00000000e+00  0.00000000e+00  0.00000000e+00  0.00000000e+00
  0.00000000e+00  0.00000000e+00  0.00000000e+00  0.00000000e+00
  0.00000000e+00  0.00000000e+00  0.00000000e+00  0.00000000e+00
  0.00000000e+00  0.00000000e+00  0.00000000e+00  0.00000000e+00
  0.00000000e+00  0.00000000e+00  0.00000000e+00  0.00000000e+00
  0.00000000e+00  0.00000000e+00  0.00000000e+00  0.00000000e+00
  0.00000000e+00  0.00000000e+00  0.00000000e+00  0.00000000e+00
  0.00000000e+00  0.00000000e+00  0.00000000e+00  0.00000000e+00
  0.00000000e+00  0.00000000e+00  0.00000000e+00  0.00000000e+00
  0.00000000e+00  0.00000000e+00  0.00000000e+00  0.00000000e+00
  0.00000000e+00  0.00000000e+00  0.00000000e+00  0.00000000e+00
  0.00000000e+00  0.00000000e+00  0.00000000e+00  0.00000000e+00
  0.00000000e+00  0.00000000e+00  0.00000000e+00  0.00000000e+00
  0.00000000e+00  0.00000000e+00  0.00000000e+00  0.00000000e+00
  0.00000000e+00  0.00000000e+00  0.00000000e+00  0.00000000e+00
  0.00000000e+00  0.00000000e+00  0.00000000e+00  0.00000000e+00
  0.00000000e+00  0.00000000e+00  0.00000000e+00  0.00000000e+00
  0.00000000e+00  0.00000000e+00  0.00000000e+00  0.00000000e+00
  0.00000000e+00  0.00000000e+00  0.00000000e+00  0.00000000e+00
  0.00000000e+00  0.00000000e+00  0.00000000e+00  0.00000000e+00
  0.00000000e+00  0.00000000e+00  0.00000000e+00  0.00000000e+00
  0.00000000e+00  0.00000000e+00  0.00000000e+00  0.00000000e+00
  0.00000000e+00  0.00000000e+00  0.00000000e+00  0.00000000e+00
  0.00000000e+00  0.00000000e+00  0.00000000e+00  0.00000000e+00]","[1 1 1 1 1 1 1 1 1 1 1 1 1 1 1 1 1 1 1 1 0 0 1 1 1 1 1 1 1 1 1 1 1 1 1 1 1
 1 1 1 1 1 0 0 1 1 1 1 1 1 1 1 1 1 1 1 1 1 1 1 1 1 1 1 0 0 1 1 1 1 1 1 1 1
 1 1 1 1 1 1 1 1 1 1 1 1 0 0 1 1 1 1 1 1 1 1 1 1 1 1 1 1 1 1 1 1 1 1 0 0 1
 1 1 1 1 1 1 1 1 1 1 1 1 1 1 1 1 1 1 1 0 0 1 1 1 1 1 1 1 1 1 1 1 1 1 1 1 1
 1 1 1 1 0 0 1 1 1 1 1 1 1 1 1 1 1 1 1 1 1 1 1 1 1 1 0 0 1 1 1 0 1 0 1 0 1
 0 1 0 1 0 1 0 1 1 1 1 0 0 1 0 1 0 1 0 1 0 1 0 1 0 1 0 1 0 1 0 1 0 0 0 1 0
 1 0 1 0 1 0 1 0 1 0 1 0 1 0 1 0 1 0 0 0 1 0 1 0 1 0 1 0 1 0 1 0 1 0 1 0 1
 0 1 0 0 0 1 0 1 0 1 0 1 0 1 0 1 0 1 0 1 0 1 0 1 0 0 0 1 0 1 0 1 0 1 0 0 0
 0 0 1 0 1 0 1 0 1 0 0 0 1 0 1 0 1 0 0 0 0 0 0 0 1 0 1 0 1 0 1 0 0 0 1 0 1
 0 0 0 0 0 0 0 0 0 1 0 1 0 1 0 1 0 0 0 1 0 0 0 0 0 0 0 0 0 0 0 1 0 1 0 1 0
 1 0 0 0 1 0 0 0 0 0 0 0 0 0 0 0 0 0 1 0 1 0 1 0 0 0 0 0 0 0 0 0 0 0 0 0 0
 0 0 0 0 0 0 0 0 0 0 0 0 0 0 0 0 0 0 0 0 0 0 0 0 0 0 0 0 0 0 0 0 0 0 0 0 0
 0 0 0 0 0 0 0 0 0 0 0 0 0 0 0 0 0 0 0 0 0 0 0 0 0 0 0 0 0 0 0 0 0 0 0 0 0
 0 0 0 0 0 0 0 0 0 0 0 0 0 0 0 0 0 0 0 0 0 0 0 0 0 0 0 0 0 0 0 0 0 0 0 0 0
 0 0 0 0 0 0 0 0 0 0 0 0 0 0 0 0 0 0 0 0 0 0 0 0 0 0 0 0 0 0 0 0 0 0 0 0 0
 0 0 0 0 0 0 0 0 0 0 0 0 0 0 0 0 0 0 0 0 0 0 0 0 0 0 0 0 0 0 0 0 0 0 0 0 0
 0 0 0 0 0 0 0 0 0 0 0 0 0 0 0 0 0 0 0 0 0 0 0 0 0 0 0 0 0 0 0 0 0 0 0 0 0
 0 0 0 0 0 0 0 0 0 0 0 0 0 0 0 0 0 0 0 0 0 0 0 0 0 0 0 0 0 0 0 0 0 0 0 0 0
 0 0 0 0 0 0 0 0 0 0 0 0 0 0 0 0 0 0 0 0 0 0 0 0 0 0 0 0 0 0 0 0 0 0 0 0 0
 0]"
4,0.5,0,1555203703.0014722,1555203703.0014722,"[ 0.01803736  0.28152582  0.01540157  0.29104458  0.02775758  0.29902395
  0.04038587  0.3073478   0.05321104  0.31453622  0.06518008  0.3323509
  0.05446577  0.38739249  0.02773868  0.36206461  0.01209569  0.31762028
 -0.01007341  0.22687093  0.          0.          0.02885982  0.39868161
  0.02958118  0.39938123  0.04133444  0.40575522  0.05334797  0.41240291
  0.06552965  0.41814125  0.07716407  0.43111353  0.06319924  0.47556484
  0.03543438  0.44843074  0.02040349  0.41560715  0.00386137  0.38045956
  0.          0.         -0.03789709  0.17898362 -0.08650318  0.18858778
 -0.06553514  0.19399391 -0.04417954  0.19962495 -0.02187191  0.20448698
 -0.00951425  0.21451592 -0.00280153  0.25218999 -0.03127509  0.22502108
 -0.04700639  0.19150852 -0.0645456   0.15245202  0.          0.
 -0.05488678  0.1723546  -0.10459048  0.18160304 -0.08148017  0.18680895
 -0.05794975  0.19223144 -0.03330847  0.19691339 -0.0204401   0.20657088
 -0.019416    0.24284962 -0.04841267  0.21668697 -0.06415167  0.18441561
 -0.08201617  0.14680565  0.          0.         -0.07315671  0.16597109
 -0.12202422  0.174877   -0.09684803  0.1798901  -0.07122032  0.18511175
 -0.04432858  0.1896203  -0.03097672  0.19892011 -0.03060494  0.23385519
 -0.0597534   0.20866153 -0.0829493   0.1775854  -0.10107138  0.1413684
  0.          0.         -0.09288124  0.15982402 -0.13876753  0.16840008
 -0.11159832  0.17322751 -0.08394713  0.17825576 -0.05488612  0.18259733
 -0.04081335  0.1915527  -0.13631625  0.22519389 -0.16969154  0.20093332
 -0.09597254  0.17100817 -0.11470948  0.13613254  0.          0.
 -0.10864847  0.15390461 -0.15647918  0.16216304 -0.12740821  0.16681167
 -0.09783102  0.1716537  -0.06665268  0.17583446 -0.05874026  0.18445815
 -0.17034607  0.21685338 -0.20159937  0.19349135 -0.20555521  0.16467453
 -0.21940911  0.13109059  0.          0.         -0.19658295  0.14820444
 -0.13107099  0.156157   -0.09962116  0.16063346 -0.06750231  0.16529615
 -0.03496776  0.16932208 -0.00227855  0.023478   -0.07400629  0.20882177
 -0.19859893  0.186325   -0.20495262  0.15857547 -0.21739512  0.12623538
  0.          0.         -0.10232586  0.14271538 -0.04038199  0.243484
 -0.01072478  0.2966      0.01965923  0.351708    0.04962188  0.399122
  0.09151163  0.566888    0.08322984  0.799108   -0.04493448  0.211902
 -0.14787253  0.15270231 -0.17222728  0.12156     0.          0.
  0.02847808  0.555272    0.06299809  0.77261     0.09051606  0.808726
  0.11871999  0.846358    0.14670525  0.879024    0.18363935  0.991954
  0.18199069  1.231952    0.11984433  1.187708    0.01202924  0.575194
 -0.07776974  0.126236    0.          0.          0.1770477   1.31094
  0.17946977  1.279974    0.20466038  1.300544    0.23047015  1.3221
  0.25625854  1.34072     0.28779523  1.407918    0.27720393  1.546454
  0.22679899  1.58363     0.18382798  1.516714    0.10169395  1.109076
  0.          0.          0.248582    1.844388    0.25784238  1.764014
  0.27830146  1.7706      0.29925585  1.777534    0.32021046  1.783508
  0.34551315  1.805674    0.31981383  1.851852    0.26815495  1.86121
  0.23614469  1.878352    0.20771202  1.925248    0.          0.
 -0.25954788  0.         -0.585568    0.         -0.5045      0.
 -0.422126    0.         -0.334386    0.         -0.307398    0.
 -0.19166354  0.         -0.24251496  0.         -0.27532037  0.
 -0.3079538   0.          0.          0.         -0.32178717  0.
 -0.585568    0.         -0.5045      0.         -0.422126    0.
 -0.334386    0.         -0.307398    0.         -0.25714431  0.
 -0.30621246  0.         -0.33696435  0.         -0.36843259  0.
  0.          0.         -0.38177849  0.         -0.585568    0.
 -0.5045      0.         -0.422126    0.         -0.334386    0.
 -0.307398    0.         -0.29750008  0.         -0.34386492  0.
 -0.39725669  0.         -0.42755169  0.          0.          0.
 -0.44022554  0.         -0.585568    0.         -0.5045      0.
 -0.422126    0.         -0.334386    0.         -0.307398    0.
 -0.95075     0.         -1.021036    0.         -0.432399    0.
 -0.46290323  0.          0.          0.         -0.48037685  0.
 -0.585568    0.         -0.5045      0.         -0.422126    0.
 -0.334386    0.         -0.307398    0.         -0.95075     0.
 -1.021036    0.         -1.0863      0.         -1.08086     0.
  0.          0.         -0.956066    0.         -0.30595     0.
 -0.234432    0.         -0.161146    0.         -0.089882    0.
  0.023478    0.         -0.213618    0.         -0.763902    0.
 -0.846308    0.         -0.839442    0.          0.          0.
 -0.200398    0.          0.243484    0.          0.2966      0.
  0.351708    0.          0.399122    0.          0.566888    0.
  0.799108    0.          0.211902    0.         -0.366326    0.
 -0.356602    0.          0.          0.          0.555272    0.
  0.77261     0.          0.808726    0.          0.846358    0.
  0.879024    0.          0.991954    0.          1.231952    0.
  1.187708    0.          0.575194    0.          0.126236    0.
  0.          0.          1.31094     0.          1.279974    0.
  1.300544    0.          1.3221      0.          1.34072     0.
  1.407918    0.          1.546454    0.          1.58363     0.
  1.516714    0.          1.109076    0.          0.          0.
  1.844388    0.          1.764014    0.          1.7706      0.
  1.777534    0.          1.783508    0.          1.805674    0.
  1.851852    0.          1.86121     0.          1.878352    0.
  1.925248    0.          0.          0.          0.          0.
  0.          0.          0.          0.          0.          0.
  0.          0.          0.          0.          0.          0.
  0.          0.          0.          0.          0.          0.
  0.          0.          0.          0.          0.          0.
  0.          0.          0.          0.          0.          0.
  0.          0.          0.          0.          0.          0.
  0.          0.          0.          0.          0.          0.
  0.          0.          0.          0.          0.          0.
  0.          0.          0.          0.          0.          0.
  0.          0.          0.          0.          0.          0.
  0.          0.          0.          0.          0.          0.
  0.          0.          0.          0.          0.          0.
  0.          0.          0.          0.          0.          0.
  0.          0.          0.          0.          0.          0.
  0.          0.          0.          0.          0.          0.
  0.          0.          0.          0.          0.          0.
  0.          0.          0.          0.          0.          0.
  0.          0.          0.          0.          0.          0.
  0.          0.          0.          0.          0.          0.
  0.          0.          0.          0.          0.          0.
  0.          0.          0.          0.          0.          0.
  0.          0.          0.          0.          0.          0.
  0.          0.          0.          0.          0.          0.
  0.          0.          0.          0.          0.          0.
  0.          0.          0.          0.          0.          0.
  0.          0.          0.          0.          0.          0.
  0.          0.          0.          0.          0.          0.
  0.          0.          0.          0.          0.          0.
  0.          0.          0.          0.          0.          0.
  0.          0.          0.          0.          0.          0.
  0.          0.          0.          0.          0.          0.
  0.          0.          0.          0.          0.          0.
  0.          0.          0.          0.          0.          0.
  0.          0.          0.          0.          0.          0.
  0.          0.          0.          0.          0.          0.
  0.          0.          0.          0.          0.          0.
  0.          0.        ]","[1 1 1 1 1 1 1 1 1 1 1 1 1 1 1 1 1 1 1 1 0 0 1 1 1 1 1 1 1 1 1 1 1 1 1 1 1
 1 1 1 1 1 0 0 1 1 1 1 1 1 1 1 1 1 1 1 1 1 1 1 1 1 1 1 0 0 1 1 1 1 1 1 1 1
 1 1 1 1 1 1 1 1 1 1 1 1 0 0 1 1 1 1 1 1 1 1 1 1 1 1 1 1 1 1 1 1 1 1 0 0 1
 1 1 1 1 1 1 1 1 1 1 1 1 1 1 1 1 1 1 1 0 0 1 1 1 1 1 1 1 1 1 1 1 1 1 1 1 1
 1 1 1 1 0 0 1 1 1 1 1 1 1 1 1 1 1 1 1 1 1 1 1 1 1 1 0 0 1 1 1 0 1 0 1 0 1
 0 1 0 1 0 1 0 1 1 1 1 0 0 1 0 1 0 1 0 1 0 1 0 1 0 1 0 1 0 1 0 1 0 0 0 1 0
 1 0 1 0 1 0 1 0 1 0 1 0 1 0 1 0 1 0 0 0 1 0 1 0 1 0 1 0 1 0 1 0 1 0 1 0 1
 0 1 0 0 0 1 0 1 0 1 0 1 0 1 0 1 0 1 0 1 0 1 0 1 0 0 0 1 0 1 0 1 0 1 0 1 0
 1 0 1 0 1 0 1 0 1 0 0 0 1 0 1 0 1 0 1 0 1 0 1 0 1 0 1 0 1 0 1 0 0 0 1 0 1
 0 1 0 1 0 0 0 0 0 1 0 1 0 1 0 1 0 0 0 1 0 1 0 1 0 0 0 0 0 0 0 1 0 1 0 1 0
 1 0 0 0 1 0 0 0 0 0 0 0 0 0 0 0 0 0 1 0 1 0 1 0 0 0 0 0 0 0 0 0 0 0 0 0 0
 0 0 0 0 0 0 0 0 0 0 0 0 0 0 0 0 0 0 0 0 0 0 0 0 0 0 0 0 0 0 0 0 0 0 0 0 0
 0 0 0 0 0 0 0 0 0 0 0 0 0 0 0 0 0 0 0 0 0 0 0 0 0 0 0 0 0 0 0 0 0 0 0 0 0
 0 0 0 0 0 0 0 0 0 0 0 0 0 0 0 0 0 0 0 0 0 0 0 0 0 0 0 0 0 0 0 0 0 0 0 0 0
 0 0 0 0 0 0 0 0 0 0 0 0 0 0 0 0 0 0 0 0 0 0 0 0 0 0 0 0 0 0 0 0 0 0 0 0 0
 0 0 0 0 0 0 0 0 0 0 0 0 0 0 0 0 0 0 0 0 0 0 0 0 0 0 0 0 0 0 0 0 0 0 0 0 0
 0 0 0 0 0 0 0 0 0 0 0 0 0 0 0 0 0 0 0 0 0 0 0 0 0 0 0 0 0 0 0 0 0 0 0 0 0
 0 0 0 0 0 0 0 0 0 0 0 0 0 0 0 0 0 0 0 0 0 0 0 0 0 0 0 0 0 0 0 0 0 0 0 0 0
 0 0 0 0 0 0 0 0 0 0 0 0 0 0 0 0 0 0 0 0 0 0 0 0 0 0 0 0 0 0 0 0 0 0 0 0 0
 0]"
5,0.6,0,1555203703.0564709,1555203703.0564709,"[ 5.74746069e-02  4.42352751e-01  3.01747771e-02  4.55089235e-01
  5.29866409e-02  4.67530706e-01  7.63023464e-02  4.80508633e-01
  9.99714806e-02  4.91716209e-01  1.21933053e-01  5.16641080e-01
  1.15703338e-01  6.05182742e-01  6.47832578e-02  5.64873309e-01
  4.00346788e-02  4.97771854e-01 -2.13440579e-03  3.57867878e-01
  0.00000000e+00  0.00000000e+00  7.56491789e-02  6.12804027e-01
  5.54379136e-02  6.12372100e-01  7.70290023e-02  6.22314351e-01
  9.90991962e-02  6.32683031e-01  1.21470000e-01  6.41633435e-01
  1.42705880e-01  6.59230922e-01  1.29280271e-01  7.31133099e-01
  7.70190901e-02  6.88515847e-01  5.37407574e-02  6.39226736e-01
  2.20486497e-02  5.83279809e-01  0.00000000e+00  0.00000000e+00
 -1.80800891e-02  2.80630834e-01 -1.26784580e-01  2.93515132e-01
 -9.24659849e-02  3.01929159e-01 -5.75021638e-02  3.10693228e-01
 -2.10749221e-02  3.18260416e-01  1.05932465e-04  3.31414374e-01
  3.61301487e-02  3.92504654e-01 -1.68785928e-02  3.50219376e-01
 -4.10871005e-02  3.00268791e-01 -7.42255398e-02  2.39031583e-01
  0.00000000e+00  0.00000000e+00 -3.71558628e-02  2.68250062e-01
 -1.52925894e-01  2.80565935e-01 -1.15785591e-01  2.88608755e-01
 -7.79588968e-02  2.96986174e-01 -3.84446709e-02  3.04219515e-01
 -1.67548926e-02  3.16793152e-01  1.66695279e-02  3.75188272e-01
 -3.67477973e-02  3.34768521e-01 -6.03211029e-02  2.87021639e-01
 -9.36993543e-02  2.28486072e-01  0.00000000e+00  0.00000000e+00
 -5.75225968e-02  2.56415501e-01 -1.77942769e-01  2.68188026e-01
 -1.38099605e-01  2.75876016e-01 -9.75306163e-02  2.83883843e-01
 -5.50593906e-02  2.90798066e-01 -3.29057926e-02  3.02816983e-01
  1.07521763e-02  3.58635848e-01 -4.25845615e-02  3.19999321e-01
 -8.18427468e-02  2.74358919e-01 -1.15326660e-01  2.18405804e-01
  0.00000000e+00  0.00000000e+00 -7.98892299e-02  2.45103052e-01
 -2.01759535e-01  2.56356202e-01 -1.59325708e-01  2.63705015e-01
 -1.16127863e-01  2.71359556e-01 -7.08262330e-02  2.77968740e-01
 -4.76709058e-02  2.89457411e-01 -1.69310115e-01  3.42813678e-01
 -2.26734008e-01  3.05881704e-01 -8.91589830e-02  2.62254849e-01
 -1.23508142e-01  2.08770254e-01  0.00000000e+00  0.00000000e+00
 -9.09127300e-02  2.34289682e-01 -2.27239897e-01  2.45046369e-01
 -1.82360137e-01  2.52070970e-01 -1.36688896e-01  2.59387811e-01
 -8.86309100e-02  2.65705413e-01 -7.71068933e-02  2.76687231e-01
 -2.21081832e-01  3.27689546e-01 -2.73685648e-01  2.92386923e-01
 -2.75175117e-01  2.50684783e-01 -3.00766391e-01  1.99559801e-01
  0.00000000e+00  0.00000000e+00 -2.49663037e-01  2.23953373e-01
 -1.90696363e-01  2.34235500e-01 -1.42666476e-01  2.40950192e-01
 -9.36120257e-02  2.47944231e-01 -4.39367950e-02  2.53983115e-01
  6.19249824e-03  2.93475000e-02 -8.11738526e-02  3.13232654e-01
 -2.71908895e-01  2.79487500e-01 -2.74106849e-01  2.39625160e-01
 -2.97136477e-01  1.90755692e-01  0.00000000e+00  0.00000000e+00
 -1.12001422e-01  2.14073077e-01 -5.55270817e-02  3.04355000e-01
 -1.05145260e-02  3.70750000e-01  3.56010692e-02  4.39635000e-01
  8.10843923e-02  4.98902500e-01  1.44574850e-01  7.08610000e-01
  1.51535286e-01  9.98885000e-01 -4.37313025e-02  2.64877500e-01
 -1.91632504e-01  2.29053462e-01 -2.31048838e-01  1.82340000e-01
  0.00000000e+00  0.00000000e+00  8.06061009e-02  6.94090000e-01
  9.74722420e-02  9.65762500e-01  1.38985255e-01  1.01090750e+00
  1.81532943e-01  1.05794750e+00  2.23752609e-01  1.09878000e+00
  2.79445718e-01  1.23994250e+00  2.95631170e-01  1.53994000e+00
  2.00052158e-01  1.48463500e+00  4.50198902e-02  7.18992500e-01
 -9.15463282e-02  1.57795000e-01  0.00000000e+00  0.00000000e+00
  2.99274497e-01  1.63867500e+00  2.69204654e-01  1.59996750e+00
  3.06990577e-01  1.62568000e+00  3.45705231e-01  1.65262500e+00
  3.84387808e-01  1.67590000e+00  4.31692846e-01  1.75989750e+00
  4.34155010e-01  1.93306750e+00  3.56835013e-01  1.97953750e+00
  2.99123955e-01  1.89589250e+00  1.74433115e-01  1.38634500e+00
  0.00000000e+00  0.00000000e+00  4.01424747e-01  2.30548500e+00
  3.86763577e-01  2.20501750e+00  4.17452192e-01  2.21325000e+00
  4.48883769e-01  2.22191750e+00  4.80315692e-01  2.22938500e+00
  5.18269731e-01  2.25709250e+00  4.92847631e-01  2.31481500e+00
  4.14258154e-01  2.32651250e+00  3.73051936e-01  2.34794000e+00
  3.29322059e-01  2.40656000e+00  0.00000000e+00  0.00000000e+00
 -2.12825414e-01  0.00000000e+00 -7.31960000e-01  0.00000000e+00
 -6.30625000e-01  0.00000000e+00 -5.27657500e-01  0.00000000e+00
 -4.17982500e-01  0.00000000e+00 -3.84247500e-01  0.00000000e+00
 -1.26430964e-01  0.00000000e+00 -2.03243069e-01  0.00000000e+00
 -2.45630433e-01  0.00000000e+00 -2.95282110e-01  0.00000000e+00
  0.00000000e+00  0.00000000e+00 -2.74368177e-01  0.00000000e+00
 -7.31960000e-01  0.00000000e+00 -6.30625000e-01  0.00000000e+00
 -5.27657500e-01  0.00000000e+00 -4.17982500e-01  0.00000000e+00
 -3.84247500e-01  0.00000000e+00 -1.93408769e-01  0.00000000e+00
 -2.67011000e-01  0.00000000e+00 -3.05702011e-01  0.00000000e+00
 -3.53256342e-01  0.00000000e+00  0.00000000e+00  0.00000000e+00
 -3.33240137e-01  0.00000000e+00 -7.31960000e-01  0.00000000e+00
 -6.30625000e-01  0.00000000e+00 -5.27657500e-01  0.00000000e+00
 -4.17982500e-01  0.00000000e+00 -3.84247500e-01  0.00000000e+00
 -2.15480885e-01  0.00000000e+00 -2.85028154e-01  0.00000000e+00
 -3.65115808e-01  0.00000000e+00 -4.10558308e-01  0.00000000e+00
  0.00000000e+00  0.00000000e+00 -3.91107538e-01  0.00000000e+00
 -7.31960000e-01  0.00000000e+00 -6.30625000e-01  0.00000000e+00
 -5.27657500e-01  0.00000000e+00 -4.17982500e-01  0.00000000e+00
 -3.84247500e-01  0.00000000e+00 -1.18843750e+00  0.00000000e+00
 -1.27629500e+00  0.00000000e+00 -3.79367731e-01  0.00000000e+00
 -4.25124077e-01  0.00000000e+00  0.00000000e+00  0.00000000e+00
 -4.12872962e-01  0.00000000e+00 -7.31960000e-01  0.00000000e+00
 -6.30625000e-01  0.00000000e+00 -5.27657500e-01  0.00000000e+00
 -4.17982500e-01  0.00000000e+00 -3.84247500e-01  0.00000000e+00
 -1.18843750e+00  0.00000000e+00 -1.27629500e+00  0.00000000e+00
 -1.35787500e+00  0.00000000e+00 -1.35107500e+00  0.00000000e+00
  0.00000000e+00  0.00000000e+00 -1.19508250e+00  0.00000000e+00
 -3.82437500e-01  0.00000000e+00 -2.93040000e-01  0.00000000e+00
 -2.01432500e-01  0.00000000e+00 -1.12352500e-01  0.00000000e+00
  2.93475000e-02  0.00000000e+00 -2.67022500e-01  0.00000000e+00
 -9.54877500e-01  0.00000000e+00 -1.05788500e+00  0.00000000e+00
 -1.04930250e+00  0.00000000e+00  0.00000000e+00  0.00000000e+00
 -2.50497500e-01  0.00000000e+00  3.04355000e-01  0.00000000e+00
  3.70750000e-01  0.00000000e+00  4.39635000e-01  0.00000000e+00
  4.98902500e-01  0.00000000e+00  7.08610000e-01  0.00000000e+00
  9.98885000e-01  0.00000000e+00  2.64877500e-01  0.00000000e+00
 -4.57907500e-01  0.00000000e+00 -4.45752500e-01  0.00000000e+00
  0.00000000e+00  0.00000000e+00  6.94090000e-01  0.00000000e+00
  9.65762500e-01  0.00000000e+00  1.01090750e+00  0.00000000e+00
  1.05794750e+00  0.00000000e+00  1.09878000e+00  0.00000000e+00
  1.23994250e+00  0.00000000e+00  1.53994000e+00  0.00000000e+00
  1.48463500e+00  0.00000000e+00  7.18992500e-01  0.00000000e+00
  1.57795000e-01  0.00000000e+00  0.00000000e+00  0.00000000e+00
  1.63867500e+00  0.00000000e+00  1.59996750e+00  0.00000000e+00
  1.62568000e+00  0.00000000e+00  1.65262500e+00  0.00000000e+00
  1.67590000e+00  0.00000000e+00  1.75989750e+00  0.00000000e+00
  1.93306750e+00  0.00000000e+00  1.97953750e+00  0.00000000e+00
  1.89589250e+00  0.00000000e+00  1.38634500e+00  0.00000000e+00
  0.00000000e+00  0.00000000e+00  2.30548500e+00  0.00000000e+00
  2.20501750e+00  0.00000000e+00  2.21325000e+00  0.00000000e+00
  2.22191750e+00  0.00000000e+00  2.22938500e+00  0.00000000e+00
  2.25709250e+00  0.00000000e+00  2.31481500e+00  0.00000000e+00
  2.32651250e+00  0.00000000e+00  2.34794000e+00  0.00000000e+00
  2.40656000e+00  0.00000000e+00  0.00000000e+00  0.00000000e+00
  0.00000000e+00  0.00000000e+00  0.00000000e+00  0.00000000e+00
  0.00000000e+00  0.00000000e+00  0.00000000e+00  0.00000000e+00
  0.00000000e+00  0.00000000e+00  0.00000000e+00  0.00000000e+00
  0.00000000e+00  0.00000000e+00  0.00000000e+00  0.00000000e+00
  0.00000000e+00  0.00000000e+00  0.00000000e+00  0.00000000e+00
  0.00000000e+00  0.00000000e+00  0.00000000e+00  0.00000000e+00
  0.00000000e+00  0.00000000e+00  0.00000000e+00  0.00000000e+00
  0.00000000e+00  0.00000000e+00  0.00000000e+00  0.00000000e+00
  0.00000000e+00  0.00000000e+00  0.00000000e+00  0.00000000e+00
  0.00000000e+00  0.00000000e+00  0.00000000e+00  0.00000000e+00
  0.00000000e+00  0.00000000e+00  0.00000000e+00  0.00000000e+00
  0.00000000e+00  0.00000000e+00  0.00000000e+00  0.00000000e+00
  0.00000000e+00  0.00000000e+00  0.00000000e+00  0.00000000e+00
  0.00000000e+00  0.00000000e+00  0.00000000e+00  0.00000000e+00
  0.00000000e+00  0.00000000e+00  0.00000000e+00  0.00000000e+00
  0.00000000e+00  0.00000000e+00  0.00000000e+00  0.00000000e+00
  0.00000000e+00  0.00000000e+00  0.00000000e+00  0.00000000e+00
  0.00000000e+00  0.00000000e+00  0.00000000e+00  0.00000000e+00
  0.00000000e+00  0.00000000e+00  0.00000000e+00  0.00000000e+00
  0.00000000e+00  0.00000000e+00  0.00000000e+00  0.00000000e+00
  0.00000000e+00  0.00000000e+00  0.00000000e+00  0.00000000e+00
  0.00000000e+00  0.00000000e+00  0.00000000e+00  0.00000000e+00
  0.00000000e+00  0.00000000e+00  0.00000000e+00  0.00000000e+00
  0.00000000e+00  0.00000000e+00  0.00000000e+00  0.00000000e+00
  0.00000000e+00  0.00000000e+00  0.00000000e+00  0.00000000e+00
  0.00000000e+00  0.00000000e+00  0.00000000e+00  0.00000000e+00
  0.00000000e+00  0.00000000e+00  0.00000000e+00  0.00000000e+00
  0.00000000e+00  0.00000000e+00  0.00000000e+00  0.00000000e+00
  0.00000000e+00  0.00000000e+00  0.00000000e+00  0.00000000e+00
  0.00000000e+00  0.00000000e+00  0.00000000e+00  0.00000000e+00
  0.00000000e+00  0.00000000e+00  0.00000000e+00  0.00000000e+00
  0.00000000e+00  0.00000000e+00  0.00000000e+00  0.00000000e+00
  0.00000000e+00  0.00000000e+00  0.00000000e+00  0.00000000e+00
  0.00000000e+00  0.00000000e+00  0.00000000e+00  0.00000000e+00
  0.00000000e+00  0.00000000e+00  0.00000000e+00  0.00000000e+00
  0.00000000e+00  0.00000000e+00  0.00000000e+00  0.00000000e+00
  0.00000000e+00  0.00000000e+00  0.00000000e+00  0.00000000e+00
  0.00000000e+00  0.00000000e+00  0.00000000e+00  0.00000000e+00
  0.00000000e+00  0.00000000e+00  0.00000000e+00  0.00000000e+00
  0.00000000e+00  0.00000000e+00  0.00000000e+00  0.00000000e+00
  0.00000000e+00  0.00000000e+00  0.00000000e+00  0.00000000e+00
  0.00000000e+00  0.00000000e+00  0.00000000e+00  0.00000000e+00
  0.00000000e+00  0.00000000e+00  0.00000000e+00  0.00000000e+00
  0.00000000e+00  0.00000000e+00  0.00000000e+00  0.00000000e+00
  0.00000000e+00  0.00000000e+00  0.00000000e+00  0.00000000e+00
  0.00000000e+00  0.00000000e+00  0.00000000e+00  0.00000000e+00
  0.00000000e+00  0.00000000e+00  0.00000000e+00  0.00000000e+00
  0.00000000e+00  0.00000000e+00  0.00000000e+00  0.00000000e+00
  0.00000000e+00  0.00000000e+00  0.00000000e+00  0.00000000e+00
  0.00000000e+00  0.00000000e+00  0.00000000e+00  0.00000000e+00
  0.00000000e+00  0.00000000e+00  0.00000000e+00  0.00000000e+00
  0.00000000e+00  0.00000000e+00  0.00000000e+00  0.00000000e+00
  0.00000000e+00  0.00000000e+00  0.00000000e+00  0.00000000e+00
  0.00000000e+00  0.00000000e+00  0.00000000e+00  0.00000000e+00
  0.00000000e+00  0.00000000e+00  0.00000000e+00  0.00000000e+00]","[1 1 1 1 1 1 1 1 1 1 1 1 1 1 1 1 1 1 1 1 0 0 1 1 1 1 1 1 1 1 1 1 1 1 1 1 1
 1 1 1 1 1 0 0 1 1 1 1 1 1 1 1 1 1 1 1 1 1 1 1 1 1 1 1 0 0 1 1 1 1 1 1 1 1
 1 1 1 1 1 1 1 1 1 1 1 1 0 0 1 1 1 1 1 1 1 1 1 1 1 1 1 1 1 1 1 1 1 1 0 0 1
 1 1 1 1 1 1 1 1 1 1 1 1 1 1 1 1 1 1 1 0 0 1 1 1 1 1 1 1 1 1 1 1 1 1 1 1 1
 1 1 1 1 0 0 1 1 1 1 1 1 1 1 1 1 1 1 1 1 1 1 1 1 1 1 0 0 1 1 1 0 1 0 1 0 1
 0 1 0 1 0 1 1 1 1 1 1 0 0 1 0 1 0 1 0 1 0 1 0 1 0 1 0 1 0 1 0 1 1 0 0 1 0
 1 0 1 0 1 0 1 0 1 0 1 0 1 0 1 0 1 0 0 0 1 0 1 0 1 0 1 0 1 0 1 0 1 0 1 0 1
 0 1 0 0 0 1 0 1 0 1 0 1 0 1 0 1 0 1 0 1 0 1 0 1 0 0 0 1 0 1 0 1 0 1 0 1 0
 1 0 1 0 1 0 1 0 1 0 0 0 1 0 1 0 1 0 1 0 1 0 1 0 1 0 1 0 1 0 1 0 0 0 1 0 1
 0 1 0 1 0 1 0 1 0 1 0 1 0 1 0 1 0 0 0 1 0 1 0 1 0 1 0 1 0 1 0 1 0 1 0 1 0
 1 0 0 0 1 0 0 0 0 0 0 0 0 0 0 0 0 0 1 0 1 0 1 0 0 0 0 0 0 0 0 0 0 0 0 0 0
 0 0 0 0 0 0 0 0 0 0 0 0 0 0 0 0 0 0 0 0 0 0 0 0 0 0 0 0 0 0 0 0 0 0 0 0 0
 0 0 0 0 0 0 0 0 0 0 0 0 0 0 0 0 0 0 0 0 0 0 0 0 0 0 0 0 0 0 0 0 0 0 0 0 0
 0 0 0 0 0 0 0 0 0 0 0 0 0 0 0 0 0 0 0 0 0 0 0 0 0 0 0 0 0 0 0 0 0 0 0 0 0
 0 0 0 0 0 0 0 0 0 0 0 0 0 0 0 0 0 0 0 0 0 0 0 0 0 0 0 0 0 0 0 0 0 0 0 0 0
 0 0 0 0 0 0 0 0 0 0 0 0 0 0 0 0 0 0 0 0 0 0 0 0 0 0 0 0 0 0 0 0 0 0 0 0 0
 0 0 0 0 0 0 0 0 0 0 0 0 0 0 0 0 0 0 0 0 0 0 0 0 0 0 0 0 0 0 0 0 0 0 0 0 0
 0 0 0 0 0 0 0 0 0 0 0 0 0 0 0 0 0 0 0 0 0 0 0 0 0 0 0 0 0 0 0 0 0 0 0 0 0
 0 0 0 0 0 0 0 0 0 0 0 0 0 0 0 0 0 0 0 0 0 0 0 0 0 0 0 0 0 0 0 0 0 0 0 0 0
 0]"
6,0.7000000000000001,0,1555203703.1039722,1555203703.1039722,"[ 1.52811546e-01  7.20761683e-01  5.94241954e-02  7.37863944e-01
  1.01884041e-01  7.57984739e-01  1.45283798e-01  7.78972101e-01
  1.89322879e-01  7.97096375e-01  2.29930807e-01  8.32757579e-01
  2.43459523e-01  9.80392460e-01  1.45780145e-01  9.13920220e-01
  1.07742987e-01  8.09057516e-01  2.69308348e-02  5.85233485e-01
  0.00000000e+00  0.00000000e+00  1.82652059e-01  9.77281451e-01
  1.04727431e-01  9.74042891e-01  1.44715564e-01  9.90123913e-01
  1.85592848e-01  1.00689387e+00  2.27011688e-01  1.02137009e+00
  2.66077004e-01  1.04559228e+00  2.63767709e-01  1.16602109e+00
  1.64667810e-01  1.09663537e+00  1.29815799e-01  1.02006506e+00
  6.87037811e-02  9.27792699e-01  0.00000000e+00  0.00000000e+00
  4.51360703e-02  4.56153348e-01 -1.91534399e-01  4.73613765e-01
 -1.33518282e-01  4.87190575e-01 -7.43947998e-02  5.01332209e-01
 -1.29413362e-02  5.13542566e-01  2.42082948e-02  5.30864278e-01
  1.26251077e-01  6.33342498e-01  2.67910771e-02  5.65111297e-01
 -9.32695691e-03  4.88074002e-01 -7.23902386e-02  3.88535554e-01
  0.00000000e+00  0.00000000e+00  2.35109710e-02  4.32846243e-01
 -2.30877181e-01  4.49414522e-01 -1.69136531e-01  4.62297626e-01
 -1.06237749e-01  4.75716695e-01 -4.06821854e-02  4.87303164e-01
 -3.18907004e-03  5.03739826e-01  1.02297688e-01  6.00981932e-01
  3.09037157e-03  5.36236997e-01 -3.07792334e-02  4.63135914e-01
 -9.36223219e-02  3.68683372e-01  0.00000000e+00  0.00000000e+00
  6.41735931e-04  4.10730011e-01 -2.68257778e-01  4.26451736e-01
 -2.02972602e-01  4.38676579e-01 -1.36480974e-01  4.51410003e-01
 -6.70215020e-02  4.62404463e-01 -2.92603275e-02  4.78001294e-01
  1.08915794e-01  5.70274826e-01  1.05148688e-02  5.08838027e-01
 -5.59996255e-02  4.39472035e-01 -1.18364916e-01  3.49845535e-01
  0.00000000e+00  0.00000000e+00 -2.55809456e-02  3.89743806e-01
 -3.03525088e-01  4.04662231e-01 -2.34863288e-01  4.16262447e-01
 -1.64948173e-01  4.28345258e-01 -9.17777686e-02  4.38777957e-01
 -5.25729273e-02  4.53577871e-01 -2.05626114e-01  5.41136696e-01
 -3.06724338e-01  4.82839003e-01 -4.93881320e-02  4.17017260e-01
 -1.12872655e-01  3.31970216e-01  0.00000000e+00  0.00000000e+00
 -2.44139558e-02  3.69829889e-01 -3.41658521e-01  3.83986059e-01
 -2.69846620e-01  3.94993563e-01 -1.96753045e-01  4.06459004e-01
 -1.19970075e-01  4.16358646e-01 -1.02557231e-01  4.30402359e-01
 -2.88143398e-01  5.13487376e-01 -3.79091388e-01  4.58168397e-01
 -3.73378459e-01  3.95709809e-01 -4.20888391e-01  3.15008234e-01
  0.00000000e+00  0.00000000e+00 -3.14302419e-01  3.50933471e-01
 -2.87374063e-01  3.64366333e-01 -2.11325042e-01  3.74811410e-01
 -1.33649393e-01  3.85691026e-01 -5.50123908e-02  3.95084846e-01
  2.46775714e-02  3.91300000e-02 -7.83560682e-02  4.87250795e-01
 -3.81177226e-01  4.34758333e-01 -3.72308693e-01  3.75491059e-01
 -4.15059947e-01  2.98912923e-01  0.00000000e+00  0.00000000e+00
 -1.06961886e-01  3.33002564e-01 -7.85262679e-02  4.05806667e-01
 -7.68738343e-03  4.94333333e-01  6.48873436e-02  5.86180000e-01
  1.36478156e-01  6.65203333e-01  2.36261284e-01  9.44813333e-01
  2.78175468e-01  1.33184667e+00 -3.03513406e-02  3.53170000e-01
 -2.49606080e-01  3.56305385e-01 -3.15495458e-01  2.83640000e-01
  0.00000000e+00  0.00000000e+00  1.86184202e-01  9.25453333e-01
  1.56251428e-01  1.28768333e+00  2.21194440e-01  1.34787667e+00
  2.87755837e-01  1.41059667e+00  3.53806981e-01  1.46504000e+00
  4.40894858e-01  1.65325667e+00  4.95583368e-01  2.05325333e+00
  3.43195456e-01  1.97951333e+00  1.12955131e-01  9.58656667e-01
 -1.02438120e-01  2.10393333e-01  0.00000000e+00  0.00000000e+00
  5.19108371e-01  2.18490000e+00  4.18762795e-01  2.13329000e+00
  4.77540897e-01  2.16757333e+00  5.37763692e-01  2.20350000e+00
  5.97936590e-01  2.23453333e+00  6.71522205e-01  2.34653000e+00
  7.04068058e-01  2.57742333e+00  5.81115678e-01  2.63938333e+00
  5.02177043e-01  2.52785667e+00  3.05870856e-01  1.84846000e+00
  0.00000000e+00  0.00000000e+00  6.69442560e-01  3.07398000e+00
  6.01632231e-01  2.94002333e+00  6.49370077e-01  2.95100000e+00
  6.98263641e-01  2.96255667e+00  7.47157744e-01  2.97251333e+00
  8.06197359e-01  3.00945667e+00  7.87071469e-01  3.08642000e+00
  6.63108271e-01  3.10201667e+00  6.09779720e-01  3.13058667e+00
  5.40065691e-01  3.20874667e+00  0.00000000e+00  0.00000000e+00
 -1.24680650e-01  0.00000000e+00 -9.75946667e-01  0.00000000e+00
 -8.40833333e-01  0.00000000e+00 -7.03543333e-01  0.00000000e+00
 -5.57310000e-01  0.00000000e+00 -5.12330000e-01  0.00000000e+00
 -1.45019150e-02  0.00000000e+00 -1.34819601e-01  0.00000000e+00
 -1.90145433e-01  0.00000000e+00 -2.68472644e-01  0.00000000e+00
  0.00000000e+00  0.00000000e+00 -1.88223242e-01  0.00000000e+00
 -9.75946667e-01  0.00000000e+00 -8.40833333e-01  0.00000000e+00
 -7.03543333e-01  0.00000000e+00 -5.57310000e-01  0.00000000e+00
 -5.12330000e-01  0.00000000e+00 -8.71828718e-02  0.00000000e+00
 -2.01675231e-01  0.00000000e+00 -2.50292866e-01  0.00000000e+00
 -3.24813783e-01  0.00000000e+00  0.00000000e+00  0.00000000e+00
 -2.48494708e-01  0.00000000e+00 -9.75946667e-01  0.00000000e+00
 -8.40833333e-01  0.00000000e+00 -7.03543333e-01  0.00000000e+00
 -5.57310000e-01  0.00000000e+00 -5.12330000e-01  0.00000000e+00
 -7.87822308e-02  0.00000000e+00 -1.86966872e-01  0.00000000e+00
 -3.11547667e-01  0.00000000e+00 -3.82236000e-01  0.00000000e+00
  0.00000000e+00  0.00000000e+00 -3.09244205e-01  0.00000000e+00
 -9.75946667e-01  0.00000000e+00 -8.40833333e-01  0.00000000e+00
 -7.03543333e-01  0.00000000e+00 -5.57310000e-01  0.00000000e+00
 -5.12330000e-01  0.00000000e+00 -1.58458333e+00  0.00000000e+00
 -1.70172667e+00  0.00000000e+00 -2.90982282e-01  0.00000000e+00
 -3.62158821e-01  0.00000000e+00  0.00000000e+00  0.00000000e+00
 -3.00366487e-01  0.00000000e+00 -9.75946667e-01  0.00000000e+00
 -8.40833333e-01  0.00000000e+00 -7.03543333e-01  0.00000000e+00
 -5.57310000e-01  0.00000000e+00 -5.12330000e-01  0.00000000e+00
 -1.58458333e+00  0.00000000e+00 -1.70172667e+00  0.00000000e+00
 -1.81050000e+00  0.00000000e+00 -1.80143333e+00  0.00000000e+00
  0.00000000e+00  0.00000000e+00 -1.59344333e+00  0.00000000e+00
 -5.09916667e-01  0.00000000e+00 -3.90720000e-01  0.00000000e+00
 -2.68576667e-01  0.00000000e+00 -1.49803333e-01  0.00000000e+00
  3.91300000e-02  0.00000000e+00 -3.56030000e-01  0.00000000e+00
 -1.27317000e+00  0.00000000e+00 -1.41051333e+00  0.00000000e+00
 -1.39907000e+00  0.00000000e+00  0.00000000e+00  0.00000000e+00
 -3.33996667e-01  0.00000000e+00  4.05806667e-01  0.00000000e+00
  4.94333333e-01  0.00000000e+00  5.86180000e-01  0.00000000e+00
  6.65203333e-01  0.00000000e+00  9.44813333e-01  0.00000000e+00
  1.33184667e+00  0.00000000e+00  3.53170000e-01  0.00000000e+00
 -6.10543333e-01  0.00000000e+00 -5.94336667e-01  0.00000000e+00
  0.00000000e+00  0.00000000e+00  9.25453333e-01  0.00000000e+00
  1.28768333e+00  0.00000000e+00  1.34787667e+00  0.00000000e+00
  1.41059667e+00  0.00000000e+00  1.46504000e+00  0.00000000e+00
  1.65325667e+00  0.00000000e+00  2.05325333e+00  0.00000000e+00
  1.97951333e+00  0.00000000e+00  9.58656667e-01  0.00000000e+00
  2.10393333e-01  0.00000000e+00  0.00000000e+00  0.00000000e+00
  2.18490000e+00  0.00000000e+00  2.13329000e+00  0.00000000e+00
  2.16757333e+00  0.00000000e+00  2.20350000e+00  0.00000000e+00
  2.23453333e+00  0.00000000e+00  2.34653000e+00  0.00000000e+00
  2.57742333e+00  0.00000000e+00  2.63938333e+00  0.00000000e+00
  2.52785667e+00  0.00000000e+00  1.84846000e+00  0.00000000e+00
  0.00000000e+00  0.00000000e+00  3.07398000e+00  0.00000000e+00
  2.94002333e+00  0.00000000e+00  2.95100000e+00  0.00000000e+00
  2.96255667e+00  0.00000000e+00  2.97251333e+00  0.00000000e+00
  3.00945667e+00  0.00000000e+00  3.08642000e+00  0.00000000e+00
  3.10201667e+00  0.00000000e+00  3.13058667e+00  0.00000000e+00
  3.20874667e+00  0.00000000e+00  0.00000000e+00  0.00000000e+00
  0.00000000e+00  0.00000000e+00  0.00000000e+00  0.00000000e+00
  0.00000000e+00  0.00000000e+00  0.00000000e+00  0.00000000e+00
  0.00000000e+00  0.00000000e+00  0.00000000e+00  0.00000000e+00
  0.00000000e+00  0.00000000e+00  0.00000000e+00  0.00000000e+00
  0.00000000e+00  0.00000000e+00  0.00000000e+00  0.00000000e+00
  0.00000000e+00  0.00000000e+00  0.00000000e+00  0.00000000e+00
  0.00000000e+00  0.00000000e+00  0.00000000e+00  0.00000000e+00
  0.00000000e+00  0.00000000e+00  0.00000000e+00  0.00000000e+00
  0.00000000e+00  0.00000000e+00  0.00000000e+00  0.00000000e+00
  0.00000000e+00  0.00000000e+00  0.00000000e+00  0.00000000e+00
  0.00000000e+00  0.00000000e+00  0.00000000e+00  0.00000000e+00
  0.00000000e+00  0.00000000e+00  0.00000000e+00  0.00000000e+00
  0.00000000e+00  0.00000000e+00  0.00000000e+00  0.00000000e+00
  0.00000000e+00  0.00000000e+00  0.00000000e+00  0.00000000e+00
  0.00000000e+00  0.00000000e+00  0.00000000e+00  0.00000000e+00
  0.00000000e+00  0.00000000e+00  0.00000000e+00  0.00000000e+00
  0.00000000e+00  0.00000000e+00  0.00000000e+00  0.00000000e+00
  0.00000000e+00  0.00000000e+00  0.00000000e+00  0.00000000e+00
  0.00000000e+00  0.00000000e+00  0.00000000e+00  0.00000000e+00
  0.00000000e+00  0.00000000e+00  0.00000000e+00  0.00000000e+00
  0.00000000e+00  0.00000000e+00  0.00000000e+00  0.00000000e+00
  0.00000000e+00  0.00000000e+00  0.00000000e+00  0.00000000e+00
  0.00000000e+00  0.00000000e+00  0.00000000e+00  0.00000000e+00
  0.00000000e+00  0.00000000e+00  0.00000000e+00  0.00000000e+00
  0.00000000e+00  0.00000000e+00  0.00000000e+00  0.00000000e+00
  0.00000000e+00  0.00000000e+00  0.00000000e+00  0.00000000e+00
  0.00000000e+00  0.00000000e+00  0.00000000e+00  0.00000000e+00
  0.00000000e+00  0.00000000e+00  0.00000000e+00  0.00000000e+00
  0.00000000e+00  0.00000000e+00  0.00000000e+00  0.00000000e+00
  0.00000000e+00  0.00000000e+00  0.00000000e+00  0.00000000e+00
  0.00000000e+00  0.00000000e+00  0.00000000e+00  0.00000000e+00
  0.00000000e+00  0.00000000e+00  0.00000000e+00  0.00000000e+00
  0.00000000e+00  0.00000000e+00  0.00000000e+00  0.00000000e+00
  0.00000000e+00  0.00000000e+00  0.00000000e+00  0.00000000e+00
  0.00000000e+00  0.00000000e+00  0.00000000e+00  0.00000000e+00
  0.00000000e+00  0.00000000e+00  0.00000000e+00  0.00000000e+00
  0.00000000e+00  0.00000000e+00  0.00000000e+00  0.00000000e+00
  0.00000000e+00  0.00000000e+00  0.00000000e+00  0.00000000e+00
  0.00000000e+00  0.00000000e+00  0.00000000e+00  0.00000000e+00
  0.00000000e+00  0.00000000e+00  0.00000000e+00  0.00000000e+00
  0.00000000e+00  0.00000000e+00  0.00000000e+00  0.00000000e+00
  0.00000000e+00  0.00000000e+00  0.00000000e+00  0.00000000e+00
  0.00000000e+00  0.00000000e+00  0.00000000e+00  0.00000000e+00
  0.00000000e+00  0.00000000e+00  0.00000000e+00  0.00000000e+00
  0.00000000e+00  0.00000000e+00  0.00000000e+00  0.00000000e+00
  0.00000000e+00  0.00000000e+00  0.00000000e+00  0.00000000e+00
  0.00000000e+00  0.00000000e+00  0.00000000e+00  0.00000000e+00
  0.00000000e+00  0.00000000e+00  0.00000000e+00  0.00000000e+00
  0.00000000e+00  0.00000000e+00  0.00000000e+00  0.00000000e+00
  0.00000000e+00  0.00000000e+00  0.00000000e+00  0.00000000e+00
  0.00000000e+00  0.00000000e+00  0.00000000e+00  0.00000000e+00
  0.00000000e+00  0.00000000e+00  0.00000000e+00  0.00000000e+00
  0.00000000e+00  0.00000000e+00  0.00000000e+00  0.00000000e+00
  0.00000000e+00  0.00000000e+00  0.00000000e+00  0.00000000e+00
  0.00000000e+00  0.00000000e+00  0.00000000e+00  0.00000000e+00]","[1 1 1 1 1 1 1 1 1 1 1 1 1 1 1 1 1 1 1 1 0 0 1 1 1 1 1 1 1 1 1 1 1 1 1 1 1
 1 1 1 1 1 0 0 1 1 1 1 1 1 1 1 1 1 1 1 1 1 1 1 1 1 1 1 0 0 1 1 1 1 1 1 1 1
 1 1 1 1 1 1 1 1 1 1 1 1 0 0 1 1 1 1 1 1 1 1 1 1 1 1 1 1 1 1 1 1 1 1 0 0 1
 1 1 1 1 1 1 1 1 1 1 1 1 1 1 1 1 1 1 1 0 0 1 1 1 1 1 1 1 1 1 1 1 1 1 1 1 1
 1 1 1 1 0 0 1 1 1 1 1 1 1 1 1 1 1 1 1 1 1 1 1 1 1 1 0 0 1 1 1 0 1 0 1 0 1
 0 1 0 1 0 1 1 1 1 1 1 0 0 1 0 1 0 1 0 1 0 1 0 1 0 1 0 1 0 1 0 1 1 0 0 1 0
 1 0 1 0 1 0 1 0 1 0 1 0 1 0 1 0 1 0 0 0 1 0 1 0 1 0 1 0 1 0 1 0 1 0 1 0 1
 0 1 0 0 0 1 0 1 0 1 0 1 0 1 0 1 0 1 0 1 0 1 0 1 0 0 0 1 0 1 0 1 0 1 0 1 0
 1 0 1 0 1 0 1 0 1 0 0 0 1 0 1 0 1 0 1 0 1 0 1 0 1 0 1 0 1 0 1 0 0 0 1 0 1
 0 1 0 1 0 1 0 1 0 1 0 1 0 1 0 1 0 0 0 1 0 1 0 1 0 1 0 1 0 1 0 1 0 1 0 1 0
 1 0 0 0 1 0 1 0 1 0 0 0 0 0 0 0 1 0 1 0 1 0 1 0 0 0 0 0 0 0 0 0 0 0 0 0 0
 0 0 0 0 0 1 0 1 0 0 0 0 0 0 0 0 0 0 0 0 0 0 0 0 0 0 0 0 0 0 0 0 0 0 0 0 0
 0 0 0 0 0 0 0 0 0 0 0 0 0 0 0 0 0 0 0 0 0 0 0 0 0 0 0 0 0 0 0 0 0 0 0 0 0
 0 0 0 0 0 0 0 0 0 0 0 0 0 0 0 0 0 0 0 0 0 0 0 0 0 0 0 0 0 0 0 0 0 0 0 0 0
 0 0 0 0 0 0 0 0 0 0 0 0 0 0 0 0 0 0 0 0 0 0 0 0 0 0 0 0 0 0 0 0 0 0 0 0 0
 0 0 0 0 0 0 0 0 0 0 0 0 0 0 0 0 0 0 0 0 0 0 0 0 0 0 0 0 0 0 0 0 0 0 0 0 0
 0 0 0 0 0 0 0 0 0 0 0 0 0 0 0 0 0 0 0 0 0 0 0 0 0 0 0 0 0 0 0 0 0 0 0 0 0
 0 0 0 0 0 0 0 0 0 0 0 0 0 0 0 0 0 0 0 0 0 0 0 0 0 0 0 0 0 0 0 0 0 0 0 0 0
 0 0 0 0 0 0 0 0 0 0 0 0 0 0 0 0 0 0 0 0 0 0 0 0 0 0 0 0 0 0 0 0 0 0 0 0 0
 0]"
7,0.8,0,1555203703.157472,1555203703.157472,"[ 4.00777127e-01  1.29416709e+00  1.25983609e-01  1.31826589e+00
  2.11296088e-01  1.35413206e+00  2.98501293e-01  1.39154118e+00
  3.86954213e-01  1.42384670e+00  4.67972721e-01  1.47907486e+00
  5.45442357e-01  1.75022344e+00  3.43412733e-01  1.62951972e+00
  2.83775142e-01  1.44929273e+00  1.16709035e-01  1.05440783e+00
  0.00000000e+00  0.00000000e+00  4.51482019e-01  1.71837943e+00
  2.13526642e-01  1.70795105e+00  2.93475121e-01  1.73661252e+00
  3.75204884e-01  1.76650053e+00  4.57987360e-01  1.79230081e+00
  5.35539056e-01  1.82796067e+00  5.75843857e-01  2.04992729e+00
  3.73131977e-01  1.92548234e+00  3.20431624e-01  1.79473460e+00
  1.93416493e-01  1.62716158e+00  0.00000000e+00  0.00000000e+00
  2.26521761e-01  8.16855407e-01 -3.16707625e-01  8.41976788e-01
 -2.09009791e-01  8.66113245e-01 -9.92283605e-02  8.91253832e-01
  1.46365310e-02  9.12961048e-01  8.56703579e-02  9.36916280e-01
  3.49576621e-01  1.12593789e+00  1.48188753e-01  1.00463844e+00
  9.34725731e-02  8.74017234e-01 -3.59625267e-02  6.95769020e-01
  0.00000000e+00  0.00000000e+00  1.99530118e-01  7.69501470e-01
 -3.82292031e-01  7.93166539e-01 -2.69447176e-01  8.15903781e-01
 -1.54456812e-01  8.39586943e-01 -3.48598443e-02  8.60035770e-01
  3.59145062e-02  8.82602293e-01  3.15432875e-01  1.06066612e+00
  1.16541752e-01  9.46398531e-01  6.82059742e-02  8.23349568e-01
 -5.94572678e-02  6.55434584e-01  0.00000000e+00  0.00000000e+00
  1.71492419e-01  7.24892690e-01 -4.44154059e-01  7.47185870e-01
 -3.26441262e-01  7.68605011e-01 -2.06524376e-01  7.90915236e-01
 -8.15060473e-02  8.10178624e-01 -1.11277597e-02  8.31436942e-01
  3.51918744e-01  9.99178233e-01  1.55936864e-01  8.91534848e-01
  3.53033774e-02  7.75619159e-01 -9.00721517e-02  6.17438376e-01
  0.00000000e+00  0.00000000e+00  1.36453781e-01  6.82869925e-01
 -5.01977172e-01  7.03870747e-01 -3.79652921e-01  7.24048199e-01
 -2.55067235e-01  7.45065078e-01 -1.24931078e-01  7.63211747e-01
 -5.22574225e-02  7.83237699e-01 -2.48165212e-01  9.41254858e-01
 -4.42219888e-01  8.39851669e-01  7.56083324e-02  7.30655729e-01
 -5.10509010e-02  5.81644847e-01  0.00000000e+00  0.00000000e+00
  1.67415866e-01  6.43283263e-01 -5.65098516e-01  6.63066646e-01
 -4.38534350e-01  6.82074391e-01 -3.09685728e-01  7.01872899e-01
 -1.74552415e-01  7.18967588e-01 -1.45543063e-01  7.37832615e-01
 -3.94546442e-01  8.86689359e-01 -5.66466910e-01  7.91164615e-01
 -5.40923757e-01  6.88298875e-01 -6.35952944e-01  5.47926305e-01
  0.00000000e+00  0.00000000e+00 -4.05287203e-01  6.05991479e-01
 -4.76636811e-01  6.24628000e-01 -3.43967325e-01  6.42533846e-01
 -2.08452764e-01  6.61184615e-01 -7.12975457e-02  6.77288308e-01
  6.82590442e-02  5.86950000e-02 -4.95822993e-02  8.35287077e-01
 -5.79440524e-01  7.45300000e-01 -5.41620781e-01  6.48397491e-01
 -6.27020728e-01  5.16162462e-01  0.00000000e+00  0.00000000e+00
 -6.33044553e-02  5.70861538e-01 -1.21160701e-01  6.08710000e-01
  1.68199290e-03  7.41500000e-01  1.27534708e-01  8.79270000e-01
  2.51700062e-01  9.97805000e-01  4.24505756e-01  1.41722000e+00
  5.51260602e-01  1.99777000e+00  1.40262296e-02  5.29755000e-01
 -3.42091625e-01  6.10809231e-01 -4.63040959e-01  4.86240000e-01
  0.00000000e+00  0.00000000e+00  4.26613810e-01  1.38818000e+00
  2.75793202e-01  1.93152500e+00  3.87753591e-01  2.02181500e+00
  5.02503593e-01  2.11589500e+00  6.16378883e-01  2.19756000e+00
  7.66450930e-01  2.47988500e+00  9.11627859e-01  3.07988000e+00
  6.43965260e-01  2.96927000e+00  2.68876985e-01  1.43798500e+00
 -1.05526251e-01  3.15590000e-01  0.00000000e+00  0.00000000e+00
  9.83703196e-01  3.27735000e+00  7.17879077e-01  3.19993500e+00
  8.18641538e-01  3.25136000e+00  9.21880615e-01  3.30525000e+00
  1.02503415e+00  3.35180000e+00  1.15118092e+00  3.51979500e+00
  1.25649707e+00  3.86613500e+00  1.04111076e+00  3.95907500e+00
  9.24945092e-01  3.79178500e+00  5.84360992e-01  2.77269000e+00
  0.00000000e+00  0.00000000e+00  1.22577747e+00  4.61097000e+00
  1.03136954e+00  4.41003500e+00  1.11320585e+00  4.42650000e+00
  1.19702338e+00  4.44383500e+00  1.28084185e+00  4.45877000e+00
  1.38205262e+00  4.51418500e+00  1.38427040e+00  4.62963000e+00
  1.16882566e+00  4.65302500e+00  1.09617326e+00  4.69588000e+00
  9.73752300e-01  4.81312000e+00  0.00000000e+00  0.00000000e+00
  6.71530659e-02  0.00000000e+00 -1.46392000e+00  0.00000000e+00
 -1.26125000e+00  0.00000000e+00 -1.05531500e+00  0.00000000e+00
 -8.35965000e-01  0.00000000e+00 -7.68495000e-01  0.00000000e+00
  2.14168312e-01  0.00000000e+00  6.48281183e-03  0.00000000e+00
 -7.01727858e-02  0.00000000e+00 -2.06318750e-01  0.00000000e+00
  0.00000000e+00  0.00000000e+00 -5.26345089e-03  0.00000000e+00
 -1.46392000e+00  0.00000000e+00 -1.26125000e+00  0.00000000e+00
 -1.05531500e+00  0.00000000e+00 -8.35965000e-01  0.00000000e+00
 -7.68495000e-01  0.00000000e+00  1.25268923e-01  0.00000000e+00
 -7.10036923e-02  0.00000000e+00 -1.34516701e-01  0.00000000e+00
 -2.63205434e-01  0.00000000e+00  0.00000000e+00  0.00000000e+00
 -7.32316024e-02  0.00000000e+00 -1.46392000e+00  0.00000000e+00
 -1.26125000e+00  0.00000000e+00 -1.05531500e+00  0.00000000e+00
 -8.35965000e-01  0.00000000e+00 -7.68495000e-01  0.00000000e+00
  1.94615077e-01  0.00000000e+00  9.15569231e-03  0.00000000e+00
 -2.04411385e-01  0.00000000e+00 -3.25591385e-01  0.00000000e+00
  0.00000000e+00  0.00000000e+00 -1.45517538e-01  0.00000000e+00
 -1.46392000e+00  0.00000000e+00 -1.26125000e+00  0.00000000e+00
 -1.05531500e+00  0.00000000e+00 -8.35965000e-01  0.00000000e+00
 -7.68495000e-01  0.00000000e+00 -2.37687500e+00  0.00000000e+00
 -2.55259000e+00  0.00000000e+00 -1.14211385e-01  0.00000000e+00
 -2.36228308e-01  0.00000000e+00  0.00000000e+00  0.00000000e+00
 -7.53535385e-02  0.00000000e+00 -1.46392000e+00  0.00000000e+00
 -1.26125000e+00  0.00000000e+00 -1.05531500e+00  0.00000000e+00
 -8.35965000e-01  0.00000000e+00 -7.68495000e-01  0.00000000e+00
 -2.37687500e+00  0.00000000e+00 -2.55259000e+00  0.00000000e+00
 -2.71575000e+00  0.00000000e+00 -2.70215000e+00  0.00000000e+00
  0.00000000e+00  0.00000000e+00 -2.39016500e+00  0.00000000e+00
 -7.64875000e-01  0.00000000e+00 -5.86080000e-01  0.00000000e+00
 -4.02865000e-01  0.00000000e+00 -2.24705000e-01  0.00000000e+00
  5.86950000e-02  0.00000000e+00 -5.34045000e-01  0.00000000e+00
 -1.90975500e+00  0.00000000e+00 -2.11577000e+00  0.00000000e+00
 -2.09860500e+00  0.00000000e+00  0.00000000e+00  0.00000000e+00
 -5.00995000e-01  0.00000000e+00  6.08710000e-01  0.00000000e+00
  7.41500000e-01  0.00000000e+00  8.79270000e-01  0.00000000e+00
  9.97805000e-01  0.00000000e+00  1.41722000e+00  0.00000000e+00
  1.99777000e+00  0.00000000e+00  5.29755000e-01  0.00000000e+00
 -9.15815000e-01  0.00000000e+00 -8.91505000e-01  0.00000000e+00
  0.00000000e+00  0.00000000e+00  1.38818000e+00  0.00000000e+00
  1.93152500e+00  0.00000000e+00  2.02181500e+00  0.00000000e+00
  2.11589500e+00  0.00000000e+00  2.19756000e+00  0.00000000e+00
  2.47988500e+00  0.00000000e+00  3.07988000e+00  0.00000000e+00
  2.96927000e+00  0.00000000e+00  1.43798500e+00  0.00000000e+00
  3.15590000e-01  0.00000000e+00  0.00000000e+00  0.00000000e+00
  3.27735000e+00  0.00000000e+00  3.19993500e+00  0.00000000e+00
  3.25136000e+00  0.00000000e+00  3.30525000e+00  0.00000000e+00
  3.35180000e+00  0.00000000e+00  3.51979500e+00  0.00000000e+00
  3.86613500e+00  0.00000000e+00  3.95907500e+00  0.00000000e+00
  3.79178500e+00  0.00000000e+00  2.77269000e+00  0.00000000e+00
  0.00000000e+00  0.00000000e+00  4.61097000e+00  0.00000000e+00
  4.41003500e+00  0.00000000e+00  4.42650000e+00  0.00000000e+00
  4.44383500e+00  0.00000000e+00  4.45877000e+00  0.00000000e+00
  4.51418500e+00  0.00000000e+00  4.62963000e+00  0.00000000e+00
  4.65302500e+00  0.00000000e+00  4.69588000e+00  0.00000000e+00
  4.81312000e+00  0.00000000e+00  0.00000000e+00  0.00000000e+00
  0.00000000e+00  0.00000000e+00  0.00000000e+00  0.00000000e+00
  0.00000000e+00  0.00000000e+00  0.00000000e+00  0.00000000e+00
  0.00000000e+00  0.00000000e+00  0.00000000e+00  0.00000000e+00
  0.00000000e+00  0.00000000e+00  0.00000000e+00  0.00000000e+00
  0.00000000e+00  0.00000000e+00  0.00000000e+00  0.00000000e+00
  0.00000000e+00  0.00000000e+00  0.00000000e+00  0.00000000e+00
  0.00000000e+00  0.00000000e+00  0.00000000e+00  0.00000000e+00
  0.00000000e+00  0.00000000e+00  0.00000000e+00  0.00000000e+00
  0.00000000e+00  0.00000000e+00  0.00000000e+00  0.00000000e+00
  0.00000000e+00  0.00000000e+00  0.00000000e+00  0.00000000e+00
  0.00000000e+00  0.00000000e+00  0.00000000e+00  0.00000000e+00
  0.00000000e+00  0.00000000e+00  0.00000000e+00  0.00000000e+00
  0.00000000e+00  0.00000000e+00  0.00000000e+00  0.00000000e+00
  0.00000000e+00  0.00000000e+00  0.00000000e+00  0.00000000e+00
  0.00000000e+00  0.00000000e+00  0.00000000e+00  0.00000000e+00
  0.00000000e+00  0.00000000e+00  0.00000000e+00  0.00000000e+00
  0.00000000e+00  0.00000000e+00  0.00000000e+00  0.00000000e+00
  0.00000000e+00  0.00000000e+00  0.00000000e+00  0.00000000e+00
  0.00000000e+00  0.00000000e+00  0.00000000e+00  0.00000000e+00
  0.00000000e+00  0.00000000e+00  0.00000000e+00  0.00000000e+00
  0.00000000e+00  0.00000000e+00  0.00000000e+00  0.00000000e+00
  0.00000000e+00  0.00000000e+00  0.00000000e+00  0.00000000e+00
  0.00000000e+00  0.00000000e+00  0.00000000e+00  0.00000000e+00
  0.00000000e+00  0.00000000e+00  0.00000000e+00  0.00000000e+00
  0.00000000e+00  0.00000000e+00  0.00000000e+00  0.00000000e+00
  0.00000000e+00  0.00000000e+00  0.00000000e+00  0.00000000e+00
  0.00000000e+00  0.00000000e+00  0.00000000e+00  0.00000000e+00
  0.00000000e+00  0.00000000e+00  0.00000000e+00  0.00000000e+00
  0.00000000e+00  0.00000000e+00  0.00000000e+00  0.00000000e+00
  0.00000000e+00  0.00000000e+00  0.00000000e+00  0.00000000e+00
  0.00000000e+00  0.00000000e+00  0.00000000e+00  0.00000000e+00
  0.00000000e+00  0.00000000e+00  0.00000000e+00  0.00000000e+00
  0.00000000e+00  0.00000000e+00  0.00000000e+00  0.00000000e+00
  0.00000000e+00  0.00000000e+00  0.00000000e+00  0.00000000e+00
  0.00000000e+00  0.00000000e+00  0.00000000e+00  0.00000000e+00
  0.00000000e+00  0.00000000e+00  0.00000000e+00  0.00000000e+00
  0.00000000e+00  0.00000000e+00  0.00000000e+00  0.00000000e+00
  0.00000000e+00  0.00000000e+00  0.00000000e+00  0.00000000e+00
  0.00000000e+00  0.00000000e+00  0.00000000e+00  0.00000000e+00
  0.00000000e+00  0.00000000e+00  0.00000000e+00  0.00000000e+00
  0.00000000e+00  0.00000000e+00  0.00000000e+00  0.00000000e+00
  0.00000000e+00  0.00000000e+00  0.00000000e+00  0.00000000e+00
  0.00000000e+00  0.00000000e+00  0.00000000e+00  0.00000000e+00
  0.00000000e+00  0.00000000e+00  0.00000000e+00  0.00000000e+00
  0.00000000e+00  0.00000000e+00  0.00000000e+00  0.00000000e+00
  0.00000000e+00  0.00000000e+00  0.00000000e+00  0.00000000e+00
  0.00000000e+00  0.00000000e+00  0.00000000e+00  0.00000000e+00
  0.00000000e+00  0.00000000e+00  0.00000000e+00  0.00000000e+00
  0.00000000e+00  0.00000000e+00  0.00000000e+00  0.00000000e+00
  0.00000000e+00  0.00000000e+00  0.00000000e+00  0.00000000e+00
  0.00000000e+00  0.00000000e+00  0.00000000e+00  0.00000000e+00
  0.00000000e+00  0.00000000e+00  0.00000000e+00  0.00000000e+00
  0.00000000e+00  0.00000000e+00  0.00000000e+00  0.00000000e+00
  0.00000000e+00  0.00000000e+00  0.00000000e+00  0.00000000e+00
  0.00000000e+00  0.00000000e+00  0.00000000e+00  0.00000000e+00]","[1 1 1 1 1 1 1 1 1 1 1 1 1 1 1 1 1 1 1 1 0 0 1 1 1 1 1 1 1 1 1 1 1 1 1 1 1
 1 1 1 1 1 0 0 1 1 1 1 1 1 1 1 1 1 1 1 1 1 1 1 1 1 1 1 0 0 1 1 1 1 1 1 1 1
 1 1 1 1 1 1 1 1 1 1 1 1 0 0 1 1 1 1 1 1 1 1 1 1 1 1 1 1 1 1 1 1 1 1 0 0 1
 1 1 1 1 1 1 1 1 1 1 1 1 1 1 1 1 1 1 1 0 0 1 1 1 1 1 1 1 1 1 1 1 1 1 1 1 1
 1 1 1 1 0 0 1 1 1 1 1 1 1 1 1 1 1 1 1 1 1 1 1 1 1 1 0 0 1 1 1 0 1 0 1 0 1
 0 1 0 1 0 1 1 1 1 1 1 0 0 1 0 1 0 1 0 1 0 1 0 1 0 1 0 1 0 1 0 1 1 0 0 1 0
 1 0 1 0 1 0 1 0 1 0 1 0 1 0 1 0 1 0 0 0 1 0 1 0 1 0 1 0 1 0 1 0 1 0 1 0 1
 0 1 0 0 0 1 0 1 0 1 0 1 0 1 0 1 0 1 0 1 0 1 0 1 0 0 0 1 0 1 0 1 0 1 0 1 0
 1 0 1 0 1 0 1 0 1 0 0 0 1 0 1 0 1 0 1 0 1 0 1 0 1 0 1 0 1 0 1 0 0 0 1 0 1
 0 1 0 1 0 1 0 1 0 1 0 1 0 1 0 1 0 0 0 1 0 1 0 1 0 1 0 1 0 1 0 1 0 1 0 1 0
 1 0 0 0 1 0 1 0 1 0 1 0 1 0 0 0 1 0 1 0 1 0 1 0 0 0 1 0 0 0 0 0 0 0 0 0 0
 0 0 0 0 0 1 0 1 0 0 0 0 0 0 0 0 0 0 0 0 0 0 0 0 0 0 0 0 0 0 0 0 0 0 0 0 0
 0 0 0 0 0 0 0 0 0 0 0 0 0 0 0 0 0 0 0 0 0 0 0 0 0 0 0 0 0 0 0 0 0 0 0 0 0
 0 0 0 0 0 0 0 0 0 0 0 0 0 0 0 0 0 0 0 0 0 0 0 0 0 0 0 0 0 0 0 0 0 0 0 0 0
 0 0 0 0 0 0 0 0 0 0 0 0 0 0 0 0 0 0 0 0 0 0 0 0 0 0 0 0 0 0 0 0 0 0 0 0 0
 0 0 0 0 0 0 0 0 0 0 0 0 0 0 0 0 0 0 0 0 0 0 0 0 0 0 0 0 0 0 0 0 0 0 0 0 0
 0 0 0 0 0 0 0 0 0 0 0 0 0 0 0 0 0 0 0 0 0 0 0 0 0 0 0 0 0 0 0 0 0 0 0 0 0
 0 0 0 0 0 0 0 0 0 0 0 0 0 0 0 0 0 0 0 0 0 0 0 0 0 0 0 0 0 0 0 0 0 0 0 0 0
 0 0 0 0 0 0 0 0 0 0 0 0 0 0 0 0 0 0 0 0 0 0 0 0 0 0 0 0 0 0 0 0 0 0 0 0 0
 0]"
