,mean_fit_time,std_fit_time,mean_score_time,std_score_time,param_NN__alpha,param_NN__hidden_layer_sizes,param_km__n_clusters,params,split0_test_score,split1_test_score,split2_test_score,split3_test_score,split4_test_score,mean_test_score,std_test_score,rank_test_score,split0_train_score,split1_train_score,split2_train_score,split3_train_score,split4_train_score,mean_train_score,std_train_score
0,0.640842199,0.177451556,0.003797913,0.000748431,0.1,"(50, 50)",2,"{'NN__alpha': 0.1, 'NN__hidden_layer_sizes': (50, 50), 'km__n_clusters': 2}",0.5,0.5,0.540806188,0.510503158,0.517649564,0.513776361,0.015071127,243,0.5,0.5,0.524034591,0.522007785,0.513772283,0.511962932,0.010354914
1,0.652927399,0.169182932,0.005503321,0.001489081,0.1,"(50, 50)",3,"{'NN__alpha': 0.1, 'NN__hidden_layer_sizes': (50, 50), 'km__n_clusters': 3}",0.500971941,0.513475087,0.602285147,0.504201263,0.518203108,0.527801941,0.037728205,191,0.501521002,0.505012285,0.597179192,0.508190384,0.540790463,0.530538665,0.036163865
2,0.906446314,0.156351078,0.003799391,0.001720551,0.1,"(50, 50)",4,"{'NN__alpha': 0.1, 'NN__hidden_layer_sizes': (50, 50), 'km__n_clusters': 4}",0.512268988,0.598442407,0.625824995,0.561017671,0.600120644,0.579491846,0.039497948,76,0.514200889,0.591498771,0.63617729,0.564991374,0.635494316,0.588472528,0.045964316
3,0.921609259,0.292665185,0.003000212,0.001094757,0.1,"(50, 50)",5,"{'NN__alpha': 0.1, 'NN__hidden_layer_sizes': (50, 50), 'km__n_clusters': 5}",0.500521185,0.647398353,0.592463274,0.498694202,0.49650841,0.547119727,0.06195995,160,0.499444249,0.65004095,0.594505684,0.502477109,0.567557836,0.562805166,0.057081824
4,0.922800779,0.221142006,0.006399632,0.003930235,0.1,"(50, 50)",6,"{'NN__alpha': 0.1, 'NN__hidden_layer_sizes': (50, 50), 'km__n_clusters': 6}",0.513832545,0.681542314,0.574068554,0.56852601,0.608203818,0.589212845,0.055217594,51,0.507970633,0.663849304,0.578231079,0.572230283,0.643804131,0.593217086,0.055641609
5,0.899401474,0.267458552,0.00410738,0.001015637,0.1,"(50, 50)",7,"{'NN__alpha': 0.1, 'NN__hidden_layer_sizes': (50, 50), 'km__n_clusters': 7}",0.570726279,0.566632714,0.585480094,0.513781847,0.546277766,0.556594032,0.024785897,137,0.589724465,0.552989353,0.596988543,0.502033883,0.57028354,0.562403957,0.033875573
6,1.087643814,0.151307534,0.00440011,0.001855191,0.1,"(50, 50)",8,"{'NN__alpha': 0.1, 'NN__hidden_layer_sizes': (50, 50), 'km__n_clusters': 8}",0.594912103,0.58704694,0.6459868,0.617564403,0.639621035,0.616998598,0.023399808,7,0.626199251,0.583226863,0.660143761,0.614607865,0.647249967,0.626285541,0.026744388
7,1.220018053,0.182108078,0.004598904,0.001356952,0.1,"(50, 50)",9,"{'NN__alpha': 0.1, 'NN__hidden_layer_sizes': (50, 50), 'km__n_clusters': 9}",0.495619225,0.5529242,0.636597828,0.525065645,0.634703002,0.568921308,0.057379202,103,0.508233883,0.563718264,0.650801079,0.516148096,0.674922812,0.582764827,0.068523642
8,1.304599285,0.360096196,0.003600454,0.000489475,0.1,"(50, 50)",10,"{'NN__alpha': 0.1, 'NN__hidden_layer_sizes': (50, 50), 'km__n_clusters': 10}",0.501042371,0.593752653,0.500525158,0.665516997,0.650046129,0.582120496,0.070615166,66,0.500643501,0.597592138,0.508618569,0.625677445,0.688849471,0.584276225,0.071477901
9,1.373600912,0.314889603,0.004800892,0.001468653,0.1,"(50, 50)",15,"{'NN__alpha': 0.1, 'NN__hidden_layer_sizes': (50, 50), 'km__n_clusters': 15}",0.54313162,0.638867668,0.621510184,0.63566106,0.603938684,0.608584298,0.035025068,21,0.538098163,0.625323505,0.648132437,0.638193038,0.640722343,0.618093897,0.040669203
10,1.508836603,0.501616997,0.007595873,0.00387391,0.1,"(50, 50)",20,"{'NN__alpha': 0.1, 'NN__hidden_layer_sizes': (50, 50), 'km__n_clusters': 20}",0.558879874,0.528987353,0.572351146,0.611943794,0.614094103,0.57721957,0.032408679,83,0.534266409,0.519312039,0.568757022,0.626791702,0.648418189,0.579509072,0.050537711
11,2.222901964,0.778125978,0.006798553,0.002925716,0.1,"(50, 50)",25,"{'NN__alpha': 0.1, 'NN__hidden_layer_sizes': (50, 50), 'km__n_clusters': 25}",0.64083277,0.675409558,0.512987013,0.506429636,0.522723724,0.571766755,0.07162442,97,0.631127881,0.658869779,0.500364047,0.514418101,0.556007874,0.572157536,0.062841823
12,2.59602108,0.322241552,0.00799942,0.002098103,0.1,"(50, 50)",30,"{'NN__alpha': 0.1, 'NN__hidden_layer_sizes': (50, 50), 'km__n_clusters': 30}",0.502676358,0.622400475,0.608700589,0.505059967,0.587325243,0.565207203,0.051353056,112,0.505411255,0.625683866,0.618902995,0.518588048,0.573943911,0.568506015,0.049621538
13,2.958442068,0.713854441,0.007000828,0.001672888,0.1,"(50, 50)",35,"{'NN__alpha': 0.1, 'NN__hidden_layer_sizes': (50, 50), 'km__n_clusters': 35}",0.653313049,0.559863339,0.631949471,0.65633383,0.500986445,0.600513462,0.060733569,36,0.663112788,0.577084357,0.666472774,0.656998717,0.503284381,0.613390603,0.064238935
14,3.060272884,0.289401212,0.011400557,0.005783059,0.1,"(50, 50)",40,"{'NN__alpha': 0.1, 'NN__hidden_layer_sizes': (50, 50), 'km__n_clusters': 40}",0.546794005,0.539958408,0.5,0.586970407,0.547789369,0.544302676,0.027627107,161,0.551918802,0.531253071,0.5,0.612796921,0.562313885,0.551656536,0.037246459
15,0.364015961,0.045246392,0.003998947,0.001095366,0.1,"(50,)",2,"{'NN__alpha': 0.1, 'NN__hidden_layer_sizes': (50,), 'km__n_clusters': 2}",0.5,0.511883541,0.5,0.5,0.5,0.50237848,0.004754745,281,0.5,0.507338247,0.499590835,0.499181669,0.5,0.50122215,0.003073067
16,0.777600145,0.257059843,0.004600048,0.001356798,0.1,"(50,)",3,"{'NN__alpha': 0.1, 'NN__hidden_layer_sizes': (50,), 'km__n_clusters': 3}",0.500408497,0.506726933,0.598736782,0.502242566,0.50119225,0.521839773,0.038483942,199,0.512562888,0.506879607,0.590392799,0.507510506,0.518092626,0.527087685,0.031909405
17,1.178207541,0.656679812,0.006000614,0.001898033,0.1,"(50,)",4,"{'NN__alpha': 0.1, 'NN__hidden_layer_sizes': (50,), 'km__n_clusters': 4}",0.5,0.5,0.536874601,0.5,0.617039245,0.530748349,0.045417572,182,0.5,0.5,0.522458088,0.5,0.62453709,0.529399036,0.048357701
18,0.897999811,0.066510267,0.006600571,0.002244297,0.1,"(50,)",5,"{'NN__alpha': 0.1, 'NN__hidden_layer_sizes': (50,), 'km__n_clusters': 5}",0.5,0.606442577,0.5,0.5,0.5,0.521304385,0.042588928,201,0.5,0.588190008,0.5,0.5,0.5,0.517638002,0.035276003
19,1.273615885,0.497943821,0.006199503,0.002924953,0.1,"(50,)",6,"{'NN__alpha': 0.1, 'NN__hidden_layer_sizes': (50,), 'km__n_clusters': 6}",0.539088911,0.587980647,0.495415513,0.509658647,0.518458591,0.530148713,0.032212069,187,0.548847549,0.586732187,0.491212014,0.512720396,0.548947671,0.537691963,0.032984986
20,0.963040161,0.214977519,0.005799532,0.004167122,0.1,"(50,)",7,"{'NN__alpha': 0.1, 'NN__hidden_layer_sizes': (50,), 'km__n_clusters': 7}",0.550357787,0.493294287,0.490625222,0.506699312,0.492725853,0.506767994,0.02255645,265,0.555721306,0.497362817,0.491959128,0.522225417,0.498899898,0.513233713,0.023647401
21,1.430236244,0.289796689,0.005399704,0.003825639,0.1,"(50,)",8,"{'NN__alpha': 0.1, 'NN__hidden_layer_sizes': (50,), 'km__n_clusters': 8}",0.483688303,0.537624141,0.602746434,0.508352849,0.56058477,0.538558003,0.041305996,169,0.495524746,0.553791974,0.607884726,0.480280002,0.600752422,0.547646774,0.052424368
22,1.614234018,0.631266447,0.005400181,0.001853901,0.1,"(50,)",9,"{'NN__alpha': 0.1, 'NN__hidden_layer_sizes': (50,), 'km__n_clusters': 9}",0.52459432,0.532064341,0.682371727,0.613710879,0.663955716,0.603254132,0.065295714,28,0.504182754,0.545487305,0.670718804,0.580688282,0.656641748,0.591543779,0.063839517
23,1.264600325,0.325619801,0.006398821,0.002653198,0.1,"(50,)",10,"{'NN__alpha': 0.1, 'NN__hidden_layer_sizes': (50,), 'km__n_clusters': 10}",0.499408384,0.5,0.509183167,0.5,0.499091619,0.501534475,0.003837665,285,0.503831754,0.501752662,0.500656876,0.499853585,0.490021675,0.49922331,0.004790779
24,1.787599754,0.567544979,0.005199814,0.001166155,0.1,"(50,)",15,"{'NN__alpha': 0.1, 'NN__hidden_layer_sizes': (50,), 'km__n_clusters': 15}",0.556682443,0.461675579,0.480072387,0.639464907,0.616272798,0.550804752,0.070873335,152,0.572788698,0.486158886,0.490581236,0.628230637,0.599269253,0.555405742,0.05749258
25,2.202207804,0.626196881,0.009999895,0.007070683,0.1,"(50,)",20,"{'NN__alpha': 0.1, 'NN__hidden_layer_sizes': (50,), 'km__n_clusters': 20}",0.508817895,0.553221289,0.619821162,0.68657299,0.566027961,0.58682151,0.06113777,54,0.506040131,0.587272727,0.62817269,0.643556421,0.567396382,0.58648767,0.04864439
26,1.80943284,0.07896189,0.006798935,0.003309912,0.1,"(50,)",25,"{'NN__alpha': 0.1, 'NN__hidden_layer_sizes': (50,), 'km__n_clusters': 25}",0.498887199,0.5,0.5,0.502164502,0.500525158,0.50031419,0.001068016,289,0.500775126,0.5,0.500540541,0.5,0.499035255,0.500070184,0.000599851
27,2.246238375,0.168519434,0.007800293,0.002134939,0.1,"(50,)",30,"{'NN__alpha': 0.1, 'NN__hidden_layer_sizes': (50,), 'km__n_clusters': 30}",0.500450755,0.509018759,0.522631467,0.50388191,0.498885814,0.506969641,0.008563012,260,0.495861121,0.505831286,0.519470518,0.514567612,0.506587783,0.508463664,0.008095449
28,2.598237276,0.185406771,0.007199717,0.001166065,0.1,"(50,)",35,"{'NN__alpha': 0.1, 'NN__hidden_layer_sizes': (50,), 'km__n_clusters': 35}",0.552160807,0.494758509,0.5,0.500525158,0.49503229,0.508522783,0.021986718,256,0.587837838,0.506732187,0.5,0.501884372,0.520149511,0.523320782,0.033018381
29,3.41962266,0.137975797,0.011600161,0.003262666,0.1,"(50,)",40,"{'NN__alpha': 0.1, 'NN__hidden_layer_sizes': (50,), 'km__n_clusters': 40}",0.521481294,0.5,0.5,0.5,0.5,0.504307468,0.008600913,272,0.501521002,0.501212121,0.5,0.5,0.5,0.500546625,0.000676564
30,0.358026171,0.024740132,0.004000521,0.001264217,0.1,"(25,)",2,"{'NN__alpha': 0.1, 'NN__hidden_layer_sizes': (25,), 'km__n_clusters': 2}",0.5,0.5,0.5,0.5,0.5,0.5,8.60E-17,293,0.5,0.5,0.5,0.5,0.5,0.5,4.97E-17
31,0.595931768,0.15579032,0.006105804,0.002299176,0.1,"(25,)",3,"{'NN__alpha': 0.1, 'NN__hidden_layer_sizes': (25,), 'km__n_clusters': 3}",0.5,0.5,0.584507842,0.5,0.5,0.51688267,0.033788955,226,0.5,0.5,0.567787411,0.5,0.500525501,0.513662582,0.02706318
32,0.795599127,0.194679937,0.008000612,0.00424176,0.1,"(25,)",4,"{'NN__alpha': 0.1, 'NN__hidden_layer_sizes': (25,), 'km__n_clusters': 4}",0.494999437,0.515300059,0.616769569,0.527563693,0.439166844,0.518740919,0.057582212,217,0.451869077,0.522915643,0.62927058,0.494413235,0.440958995,0.507885506,0.067466646
33,0.822400856,0.071978605,0.007398844,0.001357711,0.1,"(25,)",5,"{'NN__alpha': 0.1, 'NN__hidden_layer_sizes': (25,), 'km__n_clusters': 5}",0.505141424,0.513963161,0.532275921,0.507018664,0.491753602,0.510028376,0.013239945,249,0.510647011,0.530630631,0.527912593,0.506850533,0.522908391,0.519789832,0.009425966
34,1.130837297,0.057572827,0.006800795,0.003429057,0.1,"(25,)",6,"{'NN__alpha': 0.1, 'NN__hidden_layer_sizes': (25,), 'km__n_clusters': 6}",0.523833671,0.622124607,0.539181038,0.545468739,0.511759279,0.548482551,0.038675399,155,0.522727273,0.59038493,0.548463308,0.528396072,0.499976114,0.537989539,0.03041371
35,1.419046879,0.154153532,0.005599213,0.001624098,0.1,"(25,)",7,"{'NN__alpha': 0.1, 'NN__hidden_layer_sizes': (25,), 'km__n_clusters': 7}",0.515100293,0.645148969,0.583265914,0.520637286,0.536966858,0.56022188,0.048775136,122,0.560386685,0.595724816,0.578815853,0.518571239,0.551938338,0.561087386,0.026099306
36,1.525067759,0.345951298,0.004800463,0.001721211,0.1,"(25,)",8,"{'NN__alpha': 0.1, 'NN__hidden_layer_sizes': (25,), 'km__n_clusters': 8}",0.4767016,0.516254987,0.471095025,0.671549216,0.579320133,0.542924821,0.074981853,163,0.498917749,0.521932842,0.474983855,0.632122794,0.59067457,0.543726362,0.058696448
37,1.315645218,0.261887744,0.00599885,0.002606815,0.1,"(25,)",9,"{'NN__alpha': 0.1, 'NN__hidden_layer_sizes': (25,), 'km__n_clusters': 9}",0.458361506,0.486270266,0.59507487,0.471187283,0.586033638,0.519327681,0.05884049,210,0.481864982,0.501654382,0.598594241,0.49516256,0.602546556,0.535964544,0.053149591
38,1.482599449,0.094709262,0.005200577,0.00074987,0.1,"(25,)",10,"{'NN__alpha': 0.1, 'NN__hidden_layer_sizes': (25,), 'km__n_clusters': 10}",0.490365112,0.493166964,0.526733376,0.512284437,0.55288482,0.515060343,0.023082542,232,0.488914239,0.499410319,0.543440085,0.531553059,0.542682797,0.5212001,0.022717739
39,1.911045122,0.199915346,0.009801149,0.00487307,0.1,"(25,)",15,"{'NN__alpha': 0.1, 'NN__hidden_layer_sizes': (25,), 'km__n_clusters': 15}",0.575726842,0.495628554,0.5,0.518061174,0.506571571,0.519230982,0.029286396,214,0.571106821,0.492039312,0.5,0.548846375,0.537829876,0.529964477,0.029823719
40,1.6580266,0.055380567,0.00660038,0.002153914,0.1,"(25,)",20,"{'NN__alpha': 0.1, 'NN__hidden_layer_sizes': (25,), 'km__n_clusters': 20}",0.5,0.5,0.5,0.5,0.5,0.5,8.60E-17,293,0.5,0.5,0.5,0.5,0.5,0.5,4.97E-17
41,2.297046185,0.274163182,0.004799747,0.000748751,0.1,"(25,)",25,"{'NN__alpha': 0.1, 'NN__hidden_layer_sizes': (25,), 'km__n_clusters': 25}",0.5762762,0.626283847,0.486885246,0.497246469,0.484003974,0.534204902,0.057232551,173,0.598894349,0.617231777,0.492736321,0.490382625,0.480341045,0.535917223,0.059337807
42,2.685852003,0.422429057,0.007799911,0.002399508,0.1,"(25,)",30,"{'NN__alpha': 0.1, 'NN__hidden_layer_sizes': (25,), 'km__n_clusters': 30}",0.502155172,0.519056107,0.500028387,0.506791569,0.529437229,0.51148955,0.011132566,245,0.499444249,0.528452088,0.547468483,0.527100456,0.569201575,0.53433337,0.023205509
43,2.548239374,0.39254086,0.006400537,0.003381267,0.1,"(25,)",35,"{'NN__alpha': 0.1, 'NN__hidden_layer_sizes': (25,), 'km__n_clusters': 35}",0.498366013,0.502652576,0.593705202,0.503548364,0.490447804,0.517723922,0.038245515,222,0.502413127,0.500589681,0.60050073,0.509312602,0.467453444,0.516053917,0.04464063
44,3.05165081,0.162852643,0.010599852,0.009436181,0.1,"(25,)",40,"{'NN__alpha': 0.1, 'NN__hidden_layer_sizes': (25,), 'km__n_clusters': 40}",0.637494366,0.612511671,0.57546661,0.62334114,0.60689802,0.611162515,0.020669245,17,0.643427518,0.618263718,0.585470872,0.590932455,0.610984651,0.609815843,0.020744818
45,0.649830627,0.089431799,0.005999565,0.002190406,0.1,"(25, 25)",2,"{'NN__alpha': 0.1, 'NN__hidden_layer_sizes': (25, 25), 'km__n_clusters': 2}",0.5,0.520987183,0.5,0.5,0.5,0.504200565,0.008397219,276,0.5,0.511941032,0.5,0.5,0.5,0.502388206,0.004776413
46,0.864200068,0.109594114,0.006399918,0.001624657,0.1,"(25, 25)",3,"{'NN__alpha': 0.1, 'NN__hidden_layer_sizes': (25, 25), 'km__n_clusters': 3}",0.511297048,0.510398099,0.556880278,0.5,0.5,0.51570981,0.021137243,231,0.504431379,0.51954136,0.547859513,0.5,0.5,0.51436645,0.018221198
47,1.544600725,0.601318777,0.005399656,0.001357585,0.1,"(25, 25)",4,"{'NN__alpha': 0.1, 'NN__hidden_layer_sizes': (25, 25), 'km__n_clusters': 4}",0.51525524,0.532128003,0.617564403,0.566730537,0.598672912,0.566019689,0.03860748,108,0.512957763,0.508599509,0.637753793,0.568297872,0.636185252,0.572758838,0.056497332
48,1.096999311,0.396318277,0.004999352,0.000632109,0.1,"(25, 25)",5,"{'NN__alpha': 0.1, 'NN__hidden_layer_sizes': (25, 25), 'km__n_clusters': 5}",0.493393622,0.636788049,0.629770776,0.496274218,0.518458591,0.554921682,0.064594968,143,0.498435123,0.621638002,0.625778741,0.499927898,0.534236741,0.556003301,0.056760646
49,1.218000078,0.359815234,0.007000351,0.0016728,0.1,"(25, 25)",6,"{'NN__alpha': 0.1, 'NN__hidden_layer_sizes': (25, 25), 'km__n_clusters': 6}",0.514945346,0.668597742,0.628323043,0.540579093,0.544418423,0.579357959,0.058729734,77,0.502500878,0.626240786,0.628312912,0.539209095,0.571662317,0.573585197,0.049002302
50,1.320618773,0.234892158,0.005199575,0.001166482,0.1,"(25, 25)",7,"{'NN__alpha': 0.1, 'NN__hidden_layer_sizes': (25, 25), 'km__n_clusters': 7}",0.496732026,0.540106952,0.543183592,0.5,0.545355191,0.525060027,0.021899682,196,0.500526501,0.568992629,0.550126509,0.5,0.569409033,0.537810934,0.031439488
51,1.329646158,0.210632274,0.021999121,0.014226033,0.1,"(25, 25)",8,"{'NN__alpha': 0.1, 'NN__hidden_layer_sizes': (25, 25), 'km__n_clusters': 8}",0.502676358,0.5,0.554204812,0.515406997,0.5,0.514443463,0.020669301,240,0.499312624,0.5,0.581492458,0.510935109,0.5,0.518348038,0.031867906
52,1.564645863,0.103906189,0.004799271,0.001721405,0.1,"(25, 25)",9,"{'NN__alpha': 0.1, 'NN__hidden_layer_sizes': (25, 25), 'km__n_clusters': 9}",0.506465517,0.5,0.651288056,0.56010929,0.548094528,0.553136822,0.054233514,148,0.498595999,0.49972154,0.633650197,0.575688946,0.560468439,0.553625024,0.050737474
53,1.726635313,0.572842583,0.009399843,0.008165075,0.1,"(25, 25)",10,"{'NN__alpha': 0.1, 'NN__hidden_layer_sizes': (25, 25), 'km__n_clusters': 10}",0.534158778,0.481028775,0.500865801,0.494443262,0.506827053,0.503479252,0.017593546,279,0.533886159,0.501769042,0.551613659,0.511249171,0.50855443,0.521414492,0.018559046
54,1.908608723,0.650770907,0.006399202,0.001960419,0.1,"(25, 25)",15,"{'NN__alpha': 0.1, 'NN__hidden_layer_sizes': (25, 25), 'km__n_clusters': 15}",0.459840545,0.583078686,0.601568377,0.555780285,0.501050316,0.54021965,0.052630343,167,0.492614368,0.586011466,0.624464989,0.552783651,0.502905295,0.551755954,0.049689464
55,2.333058739,0.617520099,0.006600952,0.00241604,0.1,"(25, 25)",20,"{'NN__alpha': 0.1, 'NN__hidden_layer_sizes': (25, 25), 'km__n_clusters': 20}",0.537990196,0.504689755,0.660471223,0.575353062,0.531253992,0.561912441,0.054171862,118,0.527904528,0.498476658,0.651123988,0.60458044,0.504772858,0.557371694,0.06020255
56,2.549250126,0.316876725,0.006399393,0.001355778,0.1,"(25, 25)",25,"{'NN__alpha': 0.1, 'NN__hidden_layer_sizes': (25, 25), 'km__n_clusters': 25}",0.498887199,0.595895934,0.610481868,0.597686467,0.596458733,0.579827632,0.040890894,74,0.4997075,0.612497952,0.607640996,0.580058389,0.64301588,0.588584143,0.048722878
57,2.542425203,0.581489376,0.010800791,0.007934679,0.1,"(25, 25)",30,"{'NN__alpha': 0.1, 'NN__hidden_layer_sizes': (25, 25), 'km__n_clusters': 30}",0.577783412,0.595535184,0.553537719,0.552089987,0.547200341,0.565249982,0.018497647,111,0.606031356,0.588173628,0.555978679,0.575370903,0.562783209,0.577667555,0.017956105
58,2.86944418,0.199971049,0.005998135,0.001414718,0.1,"(25, 25)",35,"{'NN__alpha': 0.1, 'NN__hidden_layer_sizes': (25, 25), 'km__n_clusters': 35}",0.59777158,0.581784229,0.517152793,0.617259243,0.54826485,0.572468897,0.035705179,94,0.553586054,0.594037674,0.515335958,0.621877737,0.584449064,0.573857297,0.036499497
59,3.157827806,0.570181984,0.007800436,0.002786438,0.1,"(25, 25)",40,"{'NN__alpha': 0.1, 'NN__hidden_layer_sizes': (25, 25), 'km__n_clusters': 40}",0.538638156,0.556383159,0.605308353,0.534390746,0.587417501,0.56440536,0.027677085,114,0.529498654,0.561310401,0.577145132,0.538733578,0.648327067,0.571002967,0.042129823
60,1.073000526,0.199003145,0.005800104,0.001165747,0.1,"(100, 25, 100)",2,"{'NN__alpha': 0.1, 'NN__hidden_layer_sizes': (100, 25, 100), 'km__n_clusters': 2}",0.522932161,0.5,0.5,0.509644454,0.487822014,0.504092259,0.011701044,277,0.531048906,0.5,0.5,0.512999071,0.526031318,0.514015859,0.012871817
61,1.485238791,0.659918896,0.008000183,0.00089399,0.1,"(100, 25, 100)",3,"{'NN__alpha': 0.1, 'NN__hidden_layer_sizes': (100, 25, 100), 'km__n_clusters': 3}",0.505352716,0.490832697,0.588042013,0.49115038,0.525555319,0.520164626,0.0362024,206,0.502647128,0.484946765,0.567371168,0.508862299,0.560655107,0.524896493,0.032957205
62,1.324049139,0.424865961,0.007199335,0.001165845,0.1,"(100, 25, 100)",4,"{'NN__alpha': 0.1, 'NN__hidden_layer_sizes': (100, 25, 100), 'km__n_clusters': 4}",0.5,0.5,0.633702363,0.5,0.647100986,0.556097874,0.0688999,140,0.5,0.5,0.653658159,0.5,0.650680763,0.560867784,0.074553452
63,1.424843311,0.212596874,0.009399557,0.002417381,0.1,"(100, 25, 100)",5,"{'NN__alpha': 0.1, 'NN__hidden_layer_sizes': (100, 25, 100), 'km__n_clusters': 5}",0.523523777,0.64589169,0.63069335,0.543829395,0.508274785,0.570435746,0.056741533,100,0.546917047,0.645814906,0.630290618,0.555190428,0.515697793,0.578782158,0.050394648
64,1.772441912,0.297200082,0.007000256,0.001897557,0.1,"(100, 25, 100)",6,"{'NN__alpha': 0.1, 'NN__hidden_layer_sizes': (100, 25, 100), 'km__n_clusters': 6}",0.5,0.567821068,0.643552622,0.519750195,0.608253495,0.567824859,0.053444797,106,0.5,0.585536446,0.659344451,0.535389923,0.619375415,0.579929247,0.057037972
65,1.812096739,0.396771614,0.010600281,0.004315269,0.1,"(100, 25, 100)",7,"{'NN__alpha': 0.1, 'NN__hidden_layer_sizes': (100, 25, 100), 'km__n_clusters': 7}",0.582924837,0.663568458,0.618167625,0.5,0.548570009,0.582676554,0.056207424,64,0.62995788,0.630925471,0.64329367,0.500540541,0.566312204,0.594205953,0.054013698
66,2.1748981,0.707097383,0.007599401,0.001020133,0.1,"(100, 25, 100)",8,"{'NN__alpha': 0.1, 'NN__hidden_layer_sizes': (100, 25, 100), 'km__n_clusters': 8}",0.592925963,0.550908242,0.64025974,0.50262579,0.656809311,0.588694867,0.056809855,52,0.656092781,0.562309582,0.635370018,0.506689079,0.687189808,0.609530254,0.065837479
67,1.980047274,0.632871088,0.008999205,0.001414685,0.1,"(100, 25, 100)",9,"{'NN__alpha': 0.1, 'NN__hidden_layer_sizes': (100, 25, 100), 'km__n_clusters': 9}",0.549554879,0.503756048,0.678468526,0.664991839,0.518969555,0.583093537,0.073919202,63,0.570755821,0.504946765,0.670736055,0.615575707,0.568685805,0.586140031,0.055057455
68,2.076616716,0.668034783,0.007599783,0.001496835,0.1,"(100, 25, 100)",10,"{'NN__alpha': 0.1, 'NN__hidden_layer_sizes': (100, 25, 100), 'km__n_clusters': 10}",0.5,0.505878109,0.531814633,0.610226386,0.598609041,0.549252694,0.046401765,154,0.5,0.508337428,0.527563586,0.61744902,0.648966692,0.560463345,0.06088601
69,2.341400957,0.656118273,0.007599354,0.002059468,0.1,"(100, 25, 100)",15,"{'NN__alpha': 0.1, 'NN__hidden_layer_sizes': (100, 25, 100), 'km__n_clusters': 15}",0.595334686,0.611662847,0.647292598,0.576154993,0.575260805,0.601140779,0.026701384,35,0.612583363,0.625208845,0.660147742,0.568711903,0.632296191,0.619789609,0.029917967
70,2.7343225,0.605850914,0.009400082,0.002653658,0.1,"(100, 25, 100)",20,"{'NN__alpha': 0.1, 'NN__hidden_layer_sizes': (100, 25, 100), 'km__n_clusters': 20}",0.617548456,0.659281895,0.599836775,0.646100348,0.548939039,0.614360443,0.038786084,9,0.626213876,0.655151515,0.575810147,0.656255585,0.569155129,0.61651725,0.037592566
71,2.821112251,0.738900655,0.011800289,0.004915341,0.1,"(100, 25, 100)",25,"{'NN__alpha': 0.1, 'NN__hidden_layer_sizes': (100, 25, 100), 'km__n_clusters': 25}",0.604166667,0.706540192,0.575246611,0.509580583,0.569228586,0.593003223,0.064585294,46,0.608619984,0.671154791,0.573133543,0.51635865,0.602911488,0.594435691,0.050415592
72,3.054210281,0.415457918,0.013600016,0.007471733,0.1,"(100, 25, 100)",30,"{'NN__alpha': 0.1, 'NN__hidden_layer_sizes': (100, 25, 100), 'km__n_clusters': 30}",0.532778341,0.574357016,0.620793414,0.628642396,0.633510752,0.597958935,0.038835115,41,0.515736516,0.585143325,0.648815411,0.633474588,0.639149821,0.604463932,0.049512873
73,2.737450218,0.558245982,0.009800625,0.003486246,0.1,"(100, 25, 100)",35,"{'NN__alpha': 0.1, 'NN__hidden_layer_sizes': (100, 25, 100), 'km__n_clusters': 35}",0.61991492,0.508658009,0.629657228,0.612312824,0.621588248,0.598408806,0.045232938,40,0.601833977,0.50999181,0.631085947,0.603346751,0.673053479,0.603862393,0.053562291
74,3.100206804,0.400274326,0.008801699,0.002482097,0.1,"(100, 25, 100)",40,"{'NN__alpha': 0.1, 'NN__hidden_layer_sizes': (100, 25, 100), 'km__n_clusters': 40}",0.526171963,0.623822256,0.536541055,0.653771911,0.654325456,0.598881574,0.056365138,39,0.547779923,0.656199836,0.536118017,0.644055823,0.634392445,0.603709209,0.051031815
75,0.788599396,0.171873067,0.006601095,0.002417524,0.01,"(50, 50)",2,"{'NN__alpha': 0.01, 'NN__hidden_layer_sizes': (50, 50), 'km__n_clusters': 2}",0.5,0.5,0.533787524,0.512014761,0.509452842,0.511038669,0.012365344,248,0.5,0.5,0.523918255,0.53294599,0.514151369,0.514203123,0.013031799
76,0.94280014,0.213281296,0.004999447,0.00141401,0.01,"(50, 50)",3,"{'NN__alpha': 0.01, 'NN__hidden_layer_sizes': (50, 50), 'km__n_clusters': 3}",0.500971941,0.512371615,0.606614151,0.505840607,0.524760485,0.530083426,0.039062498,188,0.501667252,0.504717445,0.598538063,0.508599549,0.548812315,0.532466925,0.037204495
77,1.387206984,0.279101398,0.005000877,0.000894096,0.01,"(50, 50)",4,"{'NN__alpha': 0.01, 'NN__hidden_layer_sizes': (50, 50), 'km__n_clusters': 4}",0.516579333,0.593009931,0.62687531,0.563182173,0.586147186,0.577119537,0.036539515,84,0.513498888,0.591449631,0.63617729,0.563880214,0.629375857,0.586876376,0.045101618
78,1.266638803,0.329945001,0.005599785,0.000800097,0.01,"(50, 50)",5,"{'NN__alpha': 0.01, 'NN__hidden_layer_sizes': (50, 50), 'km__n_clusters': 5}",0.500521185,0.64903234,0.592463274,0.508863814,0.485416223,0.54726246,0.063070742,159,0.499444249,0.648419328,0.593965144,0.49993188,0.557599416,0.559872003,0.057013099
79,1.339015436,0.333821799,0.006400108,0.001959066,0.01,"(50, 50)",6,"{'NN__alpha': 0.01, 'NN__hidden_layer_sizes': (50, 50), 'km__n_clusters': 6}",0.521340433,0.679377812,0.572954368,0.571868569,0.610765737,0.591242105,0.052464108,48,0.508087633,0.662768223,0.577149998,0.579524041,0.644810015,0.594467982,0.055107244
80,1.303201485,0.5106062,0.00539875,0.001018244,0.01,"(50, 50)",7,"{'NN__alpha': 0.01, 'NN__hidden_layer_sizes': (50, 50), 'km__n_clusters': 7}",0.573923822,0.566632714,0.58928394,0.512142502,0.550081612,0.558427544,0.02633885,132,0.58994384,0.552989353,0.596857168,0.502033883,0.56972796,0.562310441,0.033859258
81,1.529000711,0.242590062,0.005998898,0.002192146,0.01,"(50, 50)",8,"{'NN__alpha': 0.01, 'NN__hidden_layer_sizes': (50, 50), 'km__n_clusters': 8}",0.565542596,0.577370342,0.610992832,0.617628273,0.645000355,0.603269062,0.028647315,27,0.604466479,0.564946765,0.604803822,0.616098111,0.643976644,0.606858364,0.025415208
82,1.744399929,0.111482407,0.008799601,0.003248544,0.01,"(50, 50)",9,"{'NN__alpha': 0.01, 'NN__hidden_layer_sizes': (50, 50), 'km__n_clusters': 9}",0.495619225,0.548552754,0.639876517,0.525590803,0.653580299,0.572577524,0.062927161,93,0.507692758,0.565438165,0.650947494,0.521422126,0.64890963,0.578882035,0.061069774
83,2.092432642,0.675076665,0.005599976,0.001853258,0.01,"(50, 50)",10,"{'NN__alpha': 0.01, 'NN__hidden_layer_sizes': (50, 50), 'km__n_clusters': 10}",0.501042371,0.592691622,0.500525158,0.665516997,0.652735789,0.582445462,0.071106421,65,0.501184626,0.59017199,0.507537488,0.625106825,0.689900473,0.582780281,0.071610388
84,1.652231264,0.531182136,0.011000061,0.004775668,0.01,"(50, 50)",15,"{'NN__alpha': 0.01, 'NN__hidden_layer_sizes': (50, 50), 'km__n_clusters': 15}",0.558767185,0.64103217,0.627478532,0.486104606,0.605450287,0.583769265,0.056238501,60,0.572466947,0.622620803,0.645970275,0.508640687,0.637899323,0.597519607,0.051254574
85,2.067601252,0.55182224,0.005998945,0.003522462,0.01,"(50, 50)",20,"{'NN__alpha': 0.01, 'NN__hidden_layer_sizes': (50, 50), 'km__n_clusters': 20}",0.579628691,0.657775231,0.578844653,0.613583138,0.596778085,0.605322357,0.029177436,24,0.568298818,0.631531532,0.56657982,0.623007918,0.63895121,0.60567386,0.031628179
86,2.821616268,0.817099107,0.005800056,0.001327561,0.01,"(50, 50)",25,"{'NN__alpha': 0.01, 'NN__hidden_layer_sizes': (50, 50), 'km__n_clusters': 25}",0.622239126,0.658602835,0.512987013,0.506429636,0.609765098,0.582063283,0.061200915,67,0.631376506,0.656330876,0.500364047,0.515908347,0.666417481,0.594079452,0.071263454
87,2.36883173,0.299822458,0.006999063,0.002280855,0.01,"(50, 50)",30,"{'NN__alpha': 0.01, 'NN__hidden_layer_sizes': (50, 50), 'km__n_clusters': 30}",0.502676358,0.622930991,0.607586403,0.507685757,0.587325243,0.565615367,0.050678715,109,0.505001755,0.626208026,0.623388773,0.528096165,0.573403371,0.571219618,0.048978673
88,2.807008934,0.571383898,0.006201124,0.00116645,0.01,"(50, 50)",35,"{'NN__alpha': 0.01, 'NN__hidden_layer_sizes': (50, 50), 'km__n_clusters': 35}",0.645734731,0.63093116,0.518586332,0.661251863,0.500986445,0.591553233,0.067614976,47,0.666798292,0.664750205,0.524390675,0.662813288,0.502334675,0.604217427,0.074520416
89,3.259265232,0.614549796,0.007798862,0.001599664,0.01,"(50, 50)",40,"{'NN__alpha': 0.01, 'NN__hidden_layer_sizes': (50, 50), 'km__n_clusters': 40}",0.628662384,0.533464901,0.5,0.59733163,0.534149457,0.558764397,0.047073127,130,0.651529777,0.532235872,0.5,0.614272128,0.556731986,0.570953953,0.054963161
90,0.36881547,0.056982341,0.005704117,0.003307543,0.01,"(50,)",2,"{'NN__alpha': 0.01, 'NN__hidden_layer_sizes': (50,), 'km__n_clusters': 2}",0.5,0.511883541,0.5,0.5,0.5,0.50237848,0.004754745,281,0.5,0.507338247,0.499590835,0.499181669,0.5,0.50122215,0.003073067
91,0.684423876,0.11841807,0.005999851,0.002000928,0.01,"(50,)",3,"{'NN__alpha': 0.01, 'NN__hidden_layer_sizes': (50,), 'km__n_clusters': 3}",0.502563669,0.50836092,0.570200837,0.502242566,0.50119225,0.516898166,0.026750316,225,0.512153387,0.507420147,0.565137789,0.507510506,0.518092626,0.522062891,0.021888764
92,1.044206333,0.640578839,0.004401016,0.001624743,0.01,"(50,)",4,"{'NN__alpha': 0.01, 'NN__hidden_layer_sizes': (50,), 'km__n_clusters': 4}",0.5,0.5,0.536874601,0.5,0.616514087,0.530643435,0.045218289,184,0.5,0.5,0.521917548,0.5,0.622025921,0.528788694,0.047385145
93,0.830400991,0.111785326,0.005799866,0.002713249,0.01,"(50,)",5,"{'NN__alpha': 0.01, 'NN__hidden_layer_sizes': (50,), 'km__n_clusters': 5}",0.5,0.606442577,0.5,0.5,0.5,0.521304385,0.042588928,201,0.5,0.588190008,0.5,0.5,0.5,0.517638002,0.035276003
94,1.17280035,0.43808623,0.007199001,0.006078115,0.01,"(50,)",6,"{'NN__alpha': 0.01, 'NN__hidden_layer_sizes': (50,), 'km__n_clusters': 6}",0.535299752,0.587980647,0.495415513,0.509658647,0.522851465,0.530266496,0.031784174,185,0.5499298,0.586732187,0.491212014,0.512179856,0.548013005,0.537613372,0.033083091
95,1.048600149,0.201293647,0.004999399,0.002096829,0.01,"(50,)",7,"{'NN__alpha': 0.01, 'NN__hidden_layer_sizes': (50,), 'km__n_clusters': 7}",0.550357787,0.493294287,0.490625222,0.506699312,0.492725853,0.506767994,0.02255645,265,0.556262431,0.497362817,0.491959128,0.522225417,0.498899898,0.513341938,0.02384204
96,1.432609463,0.373651779,0.00439992,0.000490449,0.01,"(50,)",8,"{'NN__alpha': 0.01, 'NN__hidden_layer_sizes': (50,), 'km__n_clusters': 8}",0.483688303,0.499193617,0.615925059,0.508352849,0.580349159,0.537447405,0.0513769,171,0.495524746,0.540753481,0.628853452,0.480689167,0.63705401,0.556574971,0.065478484
97,1.454026413,0.435671344,0.008199692,0.003310606,0.01,"(50,)",9,"{'NN__alpha': 0.01, 'NN__hidden_layer_sizes': (50,), 'km__n_clusters': 9}",0.52459432,0.532064341,0.682371727,0.613710879,0.665595061,0.603581634,0.065602742,26,0.504182754,0.545487305,0.670850179,0.580688282,0.656641748,0.591570054,0.063872117
98,1.166834211,0.216661691,0.008199024,0.007025773,0.01,"(50,)",10,"{'NN__alpha': 0.01, 'NN__hidden_layer_sizes': (50,), 'km__n_clusters': 10}",0.499408384,0.5,0.509183167,0.5,0.499091619,0.501534475,0.003837665,285,0.503831754,0.501752662,0.500656876,0.499853585,0.490021675,0.49922331,0.004790779
99,1.55981884,0.379911665,0.005000401,0.001264217,0.01,"(50,)",15,"{'NN__alpha': 0.01, 'NN__hidden_layer_sizes': (50,), 'km__n_clusters': 15}",0.550287356,0.461675579,0.480072387,0.584557519,0.616272798,0.538553199,0.059357254,170,0.560913186,0.486158886,0.490581236,0.569364799,0.599269253,0.541257472,0.045045911
100,1.965045643,0.377366403,0.005799818,0.001938071,0.01,"(50,)",20,"{'NN__alpha': 0.01, 'NN__hidden_layer_sizes': (50,), 'km__n_clusters': 20}",0.577741154,0.555385791,0.510723157,0.67850401,0.566027961,0.577668155,0.055254581,82,0.60470048,0.587403767,0.502952625,0.641409298,0.566987216,0.580690677,0.045911386
101,1.893026257,0.070383772,0.006999969,0.002191298,0.01,"(50,)",25,"{'NN__alpha': 0.01, 'NN__hidden_layer_sizes': (50,), 'km__n_clusters': 25}",0.498887199,0.5,0.5,0.502164502,0.500525158,0.50031419,0.001068016,289,0.500775126,0.5,0.500540541,0.5,0.499035255,0.500070184,0.000599851
102,2.128642988,0.078031009,0.007799387,0.003186808,0.01,"(50,)",30,"{'NN__alpha': 0.01, 'NN__hidden_layer_sizes': (50,), 'km__n_clusters': 30}",0.500450755,0.509018759,0.522631467,0.50388191,0.498885814,0.506969641,0.008563012,260,0.495861121,0.505831286,0.520011059,0.515370903,0.506587783,0.50873243,0.008366164
103,2.339007902,0.123097885,0.011998987,0.005795176,0.01,"(50,)",35,"{'NN__alpha': 0.01, 'NN__hidden_layer_sizes': (50,), 'km__n_clusters': 35}",0.550357787,0.494758509,0.5,0.500525158,0.49503229,0.508161238,0.021269291,257,0.565256815,0.506732187,0.5,0.501884372,0.520149511,0.518804577,0.024270424
104,3.171214056,0.278177278,0.01359868,0.007811604,0.01,"(50,)",40,"{'NN__alpha': 0.01, 'NN__hidden_layer_sizes': (50,), 'km__n_clusters': 40}",0.521481294,0.5,0.5,0.5,0.5,0.504307468,0.008600913,272,0.501521002,0.501212121,0.5,0.5,0.5,0.500546625,0.000676564
105,0.30519824,0.017970766,0.003400278,0.001495714,0.01,"(25,)",2,"{'NN__alpha': 0.01, 'NN__hidden_layer_sizes': (25,), 'km__n_clusters': 2}",0.5,0.5,0.5,0.5,0.5,0.5,8.60E-17,293,0.5,0.5,0.5,0.5,0.5,0.5,4.97E-17
106,0.539000177,0.168524852,0.006200504,0.005419942,0.01,"(25,)",3,"{'NN__alpha': 0.01, 'NN__hidden_layer_sizes': (25,), 'km__n_clusters': 3}",0.5,0.5,0.584507842,0.5,0.5,0.51688267,0.033788955,226,0.5,0.5,0.567787411,0.5,0.500525501,0.513662582,0.02706318
107,0.743206072,0.198664826,0.009799671,0.007885124,0.01,"(25,)",4,"{'NN__alpha': 0.01, 'NN__hidden_layer_sizes': (25,), 'km__n_clusters': 4}",0.494999437,0.515300059,0.616769569,0.527563693,0.439166844,0.518740919,0.057582212,217,0.451869077,0.521965602,0.62981112,0.49400407,0.440958995,0.507721773,0.06763677
108,0.761433935,0.037177977,0.011399937,0.00717265,0.01,"(25,)",5,"{'NN__alpha': 0.01, 'NN__hidden_layer_sizes': (25,), 'km__n_clusters': 5}",0.505141424,0.513963161,0.532275921,0.507018664,0.491753602,0.510028376,0.013239945,249,0.510369135,0.530630631,0.527912593,0.506850533,0.522908391,0.519734257,0.00948037
109,0.956399727,0.11270612,0.007199764,0.000980153,0.01,"(25,)",6,"{'NN__alpha': 0.01, 'NN__hidden_layer_sizes': (25,), 'km__n_clusters': 6}",0.522199684,0.622124607,0.539181038,0.541139735,0.513923781,0.547722484,0.038600905,156,0.524204399,0.59038493,0.549003848,0.527724156,0.499976114,0.53825869,0.030353446
110,1.287200832,0.330756183,0.004999208,0.001674225,0.01,"(25,)",7,"{'NN__alpha': 0.01, 'NN__hidden_layer_sizes': (25,), 'km__n_clusters': 7}",0.52535497,0.645148969,0.583265914,0.520637286,0.536966858,0.562278167,0.047013895,117,0.598499473,0.595724816,0.578815853,0.518571239,0.552478878,0.568818052,0.029988756
111,1.343399858,0.297260201,0.004399252,0.001020273,0.01,"(25,)",8,"{'NN__alpha': 0.01, 'NN__hidden_layer_sizes': (25,), 'km__n_clusters': 8}",0.4767016,0.516254987,0.471095025,0.671549216,0.579320133,0.542924821,0.074981853,163,0.498508249,0.521932842,0.474983855,0.632122794,0.59067457,0.543644462,0.058759165
112,1.175399876,0.166167278,0.00859952,0.00736555,0.01,"(25,)",9,"{'NN__alpha': 0.01, 'NN__hidden_layer_sizes': (25,), 'km__n_clusters': 9}",0.458361506,0.486270266,0.59507487,0.471187283,0.586033638,0.519327681,0.05884049,210,0.481864982,0.501654382,0.598594241,0.49516256,0.602546556,0.535964544,0.053149591
113,1.290012884,0.126969748,0.008794737,0.008797876,0.01,"(25,)",10,"{'NN__alpha': 0.01, 'NN__hidden_layer_sizes': (25,), 'km__n_clusters': 10}",0.490365112,0.493166964,0.526733376,0.512284437,0.55288482,0.515060343,0.023082542,232,0.488914239,0.499410319,0.543440085,0.531962224,0.542682797,0.521281933,0.02275559
114,1.695839357,0.205425756,0.003598881,0.000490528,0.01,"(25,)",15,"{'NN__alpha': 0.01, 'NN__hidden_layer_sizes': (25,), 'km__n_clusters': 15}",0.575726842,0.495628554,0.5,0.518061174,0.506571571,0.519230982,0.029286396,214,0.571106821,0.492039312,0.5,0.548846375,0.537829876,0.529964477,0.029823719
115,1.533222198,0.128001034,0.009600687,0.007552817,0.01,"(25,)",20,"{'NN__alpha': 0.01, 'NN__hidden_layer_sizes': (25,), 'km__n_clusters': 20}",0.5,0.5,0.5,0.5,0.5,0.5,8.60E-17,293,0.5,0.5,0.5,0.5,0.5,0.5,4.97E-17
116,1.98883791,0.283882001,0.004399061,0.000800491,0.01,"(25,)",25,"{'NN__alpha': 0.01, 'NN__hidden_layer_sizes': (25,), 'km__n_clusters': 25}",0.5762762,0.619217384,0.486885246,0.497246469,0.484003974,0.532790555,0.054982687,175,0.598894349,0.619000819,0.492736321,0.490382625,0.480341045,0.536271032,0.059824874
117,2.324465656,0.289693071,0.005400324,0.00101959,0.01,"(25,)",30,"{'NN__alpha': 0.01, 'NN__hidden_layer_sizes': (25,), 'km__n_clusters': 30}",0.502155172,0.519056107,0.500028387,0.506791569,0.529437229,0.51148955,0.011132566,245,0.499444249,0.528452088,0.545437696,0.527100456,0.569201575,0.533927213,0.022988816
118,2.261674261,0.3577473,0.005001545,0.001673427,0.01,"(25,)",35,"{'NN__alpha': 0.01, 'NN__hidden_layer_sizes': (25,), 'km__n_clusters': 35}",0.498366013,0.502652576,0.595869704,0.503548364,0.490447804,0.518156338,0.039104725,221,0.502413127,0.500589681,0.599141859,0.509312602,0.468125359,0.515916526,0.043980262
119,2.671801043,0.150571403,0.004999304,0.003098716,0.01,"(25,)",40,"{'NN__alpha': 0.01, 'NN__hidden_layer_sizes': (25,), 'km__n_clusters': 40}",0.637494366,0.612511671,0.57546661,0.62334114,0.608537364,0.611490018,0.020611988,14,0.643427518,0.618263718,0.585470872,0.590932455,0.611802981,0.609979509,0.020756619
120,0.620399523,0.102167213,0.0052001,0.000979579,0.01,"(25, 25)",2,"{'NN__alpha': 0.01, 'NN__hidden_layer_sizes': (25, 25), 'km__n_clusters': 2}",0.515043949,0.520987183,0.5,0.497182599,0.5,0.506654355,0.009531293,269,0.507941383,0.512072072,0.5,0.504335383,0.5,0.504869768,0.004669536
121,0.734800482,0.119836056,0.008399963,0.004078373,0.01,"(25, 25)",3,"{'NN__alpha': 0.01, 'NN__hidden_layer_sizes': (25, 25), 'km__n_clusters': 3}",0.511297048,0.512562601,0.556880278,0.5,0.5,0.516143033,0.02104592,230,0.504431379,0.51954136,0.548400053,0.5,0.5,0.514474558,0.018420113
122,1.184199715,0.37103646,0.011000252,0.00933731,0.01,"(25, 25)",4,"{'NN__alpha': 0.01, 'NN__hidden_layer_sizes': (25, 25), 'km__n_clusters': 4}",0.5,0.532128003,0.614477326,0.568369881,0.608572848,0.564649231,0.043976957,113,0.5,0.508599509,0.61428186,0.570065909,0.633426372,0.56527473,0.053929902
123,0.8991992,0.304766677,0.004800749,0.000748188,0.01,"(25, 25)",5,"{'NN__alpha': 0.01, 'NN__hidden_layer_sizes': (25, 25), 'km__n_clusters': 5}",0.493393622,0.636788049,0.629834646,0.494634873,0.518458591,0.554606939,0.064909729,144,0.498435123,0.621228501,0.618605299,0.498700403,0.534236741,0.554241213,0.055189333
124,1.129234362,0.286051374,0.004398537,0.001495969,0.01,"(25, 25)",6,"{'NN__alpha': 0.01, 'NN__hidden_layer_sizes': (25, 25), 'km__n_clusters': 6}",0.514945346,0.666963755,0.618423107,0.554190618,0.543304237,0.579549817,0.055309322,75,0.502500878,0.627190827,0.62221657,0.526279029,0.570434821,0.569724425,0.049929601
125,1.134834814,0.261477375,0.006599855,0.001742772,0.01,"(25, 25)",7,"{'NN__alpha': 0.01, 'NN__hidden_layer_sizes': (25, 25), 'km__n_clusters': 7}",0.496732026,0.540106952,0.543183592,0.5,0.560506706,0.528086941,0.025281607,190,0.500526501,0.56953317,0.55066705,0.5,0.57170257,0.538485858,0.032055393
126,1.092200565,0.194986885,0.008399773,0.005817088,0.01,"(25, 25)",8,"{'NN__alpha': 0.01, 'NN__hidden_layer_sizes': (25, 25), 'km__n_clusters': 8}",0.502676358,0.5,0.554204812,0.515406997,0.5,0.514443463,0.020669301,240,0.499312624,0.5,0.581492458,0.510935109,0.5,0.518348038,0.031867906
127,1.348838663,0.249762303,0.004199839,0.001165795,0.01,"(25, 25)",9,"{'NN__alpha': 0.01, 'NN__hidden_layer_sizes': (25, 25), 'km__n_clusters': 9}",0.508198107,0.5,0.649648712,0.56010929,0.553537719,0.554244162,0.053286216,146,0.520372645,0.49972154,0.634190737,0.576229486,0.560599814,0.558222845,0.046810362
128,1.548222923,0.341942758,0.007999516,0.005099389,0.01,"(25, 25)",10,"{'NN__alpha': 0.01, 'NN__hidden_layer_sizes': (25, 25), 'km__n_clusters': 10}",0.53141199,0.489644343,0.500865801,0.492803917,0.508466397,0.504652859,0.014916003,271,0.533739909,0.535479115,0.550663954,0.510971381,0.50883222,0.527937316,0.015873856
129,1.547999954,0.295610297,0.005598831,0.000490214,0.01,"(25, 25)",15,"{'NN__alpha': 0.01, 'NN__hidden_layer_sizes': (25, 25), 'km__n_clusters': 15}",0.459840545,0.578792123,0.527435952,0.555255127,0.501050316,0.524446877,0.0415795,197,0.492614368,0.587338247,0.550092892,0.553046402,0.502364754,0.537091332,0.035021402
130,1.971399593,0.528542866,0.004998922,0.001094974,0.01,"(25, 25)",20,"{'NN__alpha': 0.01, 'NN__hidden_layer_sizes': (25, 25), 'km__n_clusters': 20}",0.537990196,0.504689755,0.658306721,0.57318856,0.531253992,0.561047609,0.053280896,119,0.528445653,0.498476658,0.653316229,0.60485823,0.504772858,0.557973926,0.06087773
131,2.007824326,0.349863987,0.005199099,0.00116636,0.01,"(25, 25)",25,"{'NN__alpha': 0.01, 'NN__hidden_layer_sizes': (25, 25), 'km__n_clusters': 25}",0.498887199,0.594792462,0.598225818,0.585749769,0.596458733,0.574773634,0.038247291,88,0.4997075,0.614660115,0.599251117,0.574405273,0.643147255,0.586234252,0.048669009
132,2.1439363,0.454088172,0.007798672,0.005230717,0.01,"(25, 25)",30,"{'NN__alpha': 0.01, 'NN__hidden_layer_sizes': (25, 25), 'km__n_clusters': 30}",0.616604688,0.593901197,0.551373217,0.555893833,0.542282308,0.572052449,0.028428985,95,0.633760384,0.589107289,0.554518512,0.578760561,0.563177334,0.583864816,0.027684949
133,2.493200207,0.32463687,0.005799484,0.001326792,0.01,"(25, 25)",35,"{'NN__alpha': 0.01, 'NN__hidden_layer_sizes': (25, 25), 'km__n_clusters': 35}",0.596137593,0.581784229,0.571087928,0.591845859,0.54826485,0.577839219,0.017125651,80,0.554127179,0.594037674,0.622058212,0.584097846,0.584449064,0.587753995,0.021777588
134,2.378828526,0.29352058,0.005001211,0.001672686,0.01,"(25, 25)",40,"{'NN__alpha': 0.01, 'NN__hidden_layer_sizes': (25, 25), 'km__n_clusters': 40}",0.523270228,0.556383159,0.596252927,0.532751402,0.543843588,0.550482155,0.025408421,153,0.528723529,0.561310401,0.573132658,0.538309373,0.57534392,0.555363976,0.018712868
135,0.78042984,0.083560097,0.005799198,0.001722929,0.01,"(100, 25, 100)",2,"{'NN__alpha': 0.01, 'NN__hidden_layer_sizes': (100, 25, 100), 'km__n_clusters': 2}",0.5,0.5,0.5,0.525257256,0.517919239,0.508625644,0.010825407,255,0.5,0.5,0.5,0.528100146,0.52907595,0.511435219,0.014008625
136,1.16021924,0.393865355,0.005401182,0.00195913,0.01,"(100, 25, 100)",3,"{'NN__alpha': 0.01, 'NN__hidden_layer_sizes': (100, 25, 100), 'km__n_clusters': 3}",0.505352716,0.495161701,0.617848272,0.488985878,0.528244979,0.527090573,0.047272413,194,0.502106002,0.484946765,0.616108285,0.508745964,0.561837484,0.5347489,0.048114665
137,1.046000671,0.325538591,0.007399225,0.0034984,0.01,"(100, 25, 100)",4,"{'NN__alpha': 0.01, 'NN__hidden_layer_sizes': (100, 25, 100), 'km__n_clusters': 4}",0.5,0.5,0.639734582,0.5,0.648215173,0.557525557,0.07057074,134,0.5,0.5,0.650227363,0.5,0.649190516,0.559883576,0.073342835
138,1.217400742,0.130602839,0.007799387,0.003310649,0.01,"(100, 25, 100)",5,"{'NN__alpha': 0.01, 'NN__hidden_layer_sizes': (100, 25, 100), 'km__n_clusters': 5}",0.555386522,0.649244546,0.621318572,0.546519055,0.509388972,0.576383052,0.051275241,85,0.568693694,0.646339066,0.636570531,0.554619808,0.515859247,0.584416469,0.049778697
139,1.697608757,0.809761681,0.009599733,0.007392072,0.01,"(100, 25, 100)",6,"{'NN__alpha': 0.01, 'NN__hidden_layer_sizes': (100, 25, 100), 'km__n_clusters': 6}",0.5,0.660067057,0.643488752,0.524476616,0.59919807,0.585410217,0.063497599,56,0.5,0.658476658,0.658116955,0.548914496,0.615640731,0.596229768,0.062578571
140,1.575017071,0.516960094,0.008600569,0.00387742,0.01,"(100, 25, 100)",7,"{'NN__alpha': 0.01, 'NN__hidden_layer_sizes': (100, 25, 100), 'km__n_clusters': 7}",0.612181654,0.65981241,0.620587609,0.594152296,0.525193386,0.602414177,0.044152316,33,0.651091026,0.632350532,0.634108462,0.589108241,0.532691202,0.607869893,0.042801088
141,1.49044323,0.353156588,0.010199594,0.004956866,0.01,"(100, 25, 100)",8,"{'NN__alpha': 0.01, 'NN__hidden_layer_sizes': (100, 25, 100), 'km__n_clusters': 8}",0.597067275,0.5,0.643013271,0.613490881,0.643822298,0.59943987,0.052844354,38,0.643968644,0.5,0.630272482,0.61147388,0.662279825,0.609598966,0.05727022
142,1.770408154,0.646213312,0.00660038,0.00101974,0.01,"(100, 25, 100)",9,"{'NN__alpha': 0.01, 'NN__hidden_layer_sizes': (100, 25, 100), 'km__n_clusters': 9}",0.551639621,0.5,0.675636931,0.663097012,0.517855369,0.581592988,0.073606681,68,0.569498069,0.5,0.679775733,0.630954572,0.570570177,0.59015971,0.061048634
143,1.821030903,0.532650149,0.006199074,0.001938096,0.01,"(100, 25, 100)",10,"{'NN__alpha': 0.01, 'NN__hidden_layer_sizes': (100, 25, 100), 'km__n_clusters': 10}",0.5,0.615015703,0.537782982,0.664147328,0.599659357,0.583270777,0.058016237,62,0.5,0.614840295,0.527826337,0.659986287,0.643985491,0.589327682,0.063863696
144,2.071637201,0.445527719,0.007799864,0.002712925,0.01,"(100, 25, 100)",15,"{'NN__alpha': 0.01, 'NN__hidden_layer_sizes': (100, 25, 100), 'km__n_clusters': 15}",0.580530201,0.637764197,0.656986729,0.565793769,0.621971471,0.612594736,0.034377151,13,0.584912835,0.632219492,0.664104923,0.569485115,0.680058389,0.626156151,0.043115988
145,2.262637138,0.533838541,0.008799505,0.002857426,0.01,"(100, 25, 100)",20,"{'NN__alpha': 0.01, 'NN__hidden_layer_sizes': (100, 25, 100), 'km__n_clusters': 20}",0.584840545,0.631886088,0.644141651,0.637108793,0.632843659,0.626135476,0.02112772,5,0.595121095,0.620524161,0.651457956,0.650839121,0.669128146,0.637414096,0.026295285
146,2.486008406,0.637232202,0.007199478,0.001166189,0.01,"(100, 25, 100)",25,"{'NN__alpha': 0.01, 'NN__hidden_layer_sizes': (100, 25, 100), 'km__n_clusters': 25}",0.633254451,0.664311179,0.5785253,0.509580583,0.661251863,0.609422941,0.05861496,20,0.660670411,0.657919738,0.588925554,0.517439731,0.682678816,0.62152685,0.060816439
147,2.497008944,0.374060972,0.008799076,0.002784155,0.01,"(100, 25, 100)",30,"{'NN__alpha': 0.01, 'NN__hidden_layer_sizes': (100, 25, 100), 'km__n_clusters': 30}",0.652270678,0.612702657,0.623674686,0.646384217,0.614491519,0.629915012,0.016401301,2,0.63969814,0.633349713,0.645020569,0.653255186,0.624540187,0.639172759,0.009806199
148,2.659636068,0.358384357,0.008400583,0.002576781,0.01,"(100, 25, 100)",35,"{'NN__alpha': 0.01, 'NN__hidden_layer_sizes': (100, 25, 100), 'km__n_clusters': 35}",0.617168132,0.510822511,0.627237244,0.633766234,0.624008232,0.602577122,0.046209373,31,0.60962911,0.511203931,0.626727562,0.605414695,0.676330783,0.605861216,0.053620448
149,2.865016174,0.299649645,0.00639987,0.00049037,0.01,"(100, 25, 100)",40,"{'NN__alpha': 0.01, 'NN__hidden_layer_sizes': (100, 25, 100), 'km__n_clusters': 40}",0.524087221,0.637742976,0.539692002,0.621304379,0.654850614,0.59549791,0.053279673,43,0.544547795,0.659344799,0.546853629,0.613992126,0.630972708,0.599142211,0.045984124
150,0.575000811,0.1694271,0.006599522,0.004315879,0.001,"(50, 50)",2,"{'NN__alpha': 0.001, 'NN__hidden_layer_sizes': (50, 50), 'km__n_clusters': 2}",0.5,0.5,0.529983678,0.51266766,0.506174154,0.509754179,0.011141484,253,0.5,0.5,0.523392754,0.522679701,0.514004954,0.512015482,0.010352483
151,0.849601221,0.156732221,0.009198618,0.008611705,0.001,"(50, 50)",3,"{'NN__alpha': 0.001, 'NN__hidden_layer_sizes': (50, 50), 'km__n_clusters': 3}",0.500971941,0.513475087,0.612710241,0.505840607,0.525349514,0.531639814,0.041334294,181,0.501257751,0.504602785,0.595910559,0.508599549,0.549923475,0.532058824,0.036466608
152,1.118015051,0.240464049,0.003999424,0.000893989,0.001,"(50, 50)",4,"{'NN__alpha': 0.001, 'NN__hidden_layer_sizes': (50, 50), 'km__n_clusters': 4}",0.51442416,0.595174433,0.622546306,0.565346675,0.595266482,0.578510004,0.036840721,79,0.51472739,0.594610975,0.63617729,0.563880214,0.630629451,0.588005064,0.045017032
153,1.169236088,0.307555138,0.004002047,0.000895109,0.001,"(50, 50)",5,"{'NN__alpha': 0.001, 'NN__hidden_layer_sizes': (50, 50), 'km__n_clusters': 5}",0.500521185,0.643684747,0.595741963,0.562621531,0.482662692,0.55703658,0.059613258,136,0.499034749,0.642588043,0.594652099,0.566813819,0.556634671,0.571944676,0.047080127
154,1.201007557,0.249118591,0.005198574,0.001720185,0.001,"(50, 50)",6,"{'NN__alpha': 0.001, 'NN__hidden_layer_sizes': (50, 50), 'km__n_clusters': 6}",0.520298062,0.679377812,0.577474984,0.570754382,0.618912781,0.593341198,0.053237694,45,0.507824383,0.662768223,0.56654576,0.573897023,0.640484806,0.590304039,0.05550803
155,1.174201012,0.317832032,0.00399909,0.000633391,0.001,"(50, 50)",7,"{'NN__alpha': 0.001, 'NN__hidden_layer_sizes': (50, 50), 'km__n_clusters': 7}",0.570726279,0.566632714,0.587644596,0.512142502,0.553360301,0.558113869,0.025443176,133,0.592693343,0.552989353,0.597119919,0.502033883,0.569056045,0.562778508,0.034349306
156,1.348999453,0.143877719,0.004201126,0.000747768,0.001,"(50, 50)",8,"{'NN__alpha': 0.001, 'NN__hidden_layer_sizes': (50, 50), 'km__n_clusters': 8}",0.58309387,0.582229862,0.644347456,0.611198637,0.643361011,0.612812577,0.027384694,12,0.613899614,0.568304668,0.65932543,0.613339231,0.647775468,0.620528882,0.031845111
157,1.52001009,0.19941072,0.005999517,0.003522544,0.001,"(50, 50)",9,"{'NN__alpha': 0.001, 'NN__hidden_layer_sizes': (50, 50), 'km__n_clusters': 9}",0.495619225,0.55398523,0.639287488,0.525590803,0.630899155,0.569015998,0.057041523,102,0.507692758,0.566977887,0.652700491,0.518163843,0.673695316,0.583846059,0.068134919
158,1.501631403,0.436041587,0.005600405,0.001020703,0.001,"(50, 50)",10,"{'NN__alpha': 0.001, 'NN__hidden_layer_sizes': (50, 50), 'km__n_clusters': 10}",0.501042371,0.597020626,0.498885814,0.668795685,0.610559932,0.575213671,0.066040628,86,0.501184626,0.591924652,0.507931614,0.623121157,0.648425267,0.574517463,0.059898369
159,1.626025152,0.463476725,0.006999874,0.00126648,0.001,"(50, 50)",15,"{'NN__alpha': 0.001, 'NN__hidden_layer_sizes': (50, 50), 'km__n_clusters': 15}",0.570796709,0.64103217,0.623149528,0.486104606,0.604336101,0.585094026,0.054663972,57,0.575976951,0.624782965,0.645035608,0.508640687,0.640162781,0.598919798,0.051328836
160,2.041000462,0.543328124,0.005798721,0.001600552,0.001,"(50, 50)",20,"{'NN__alpha': 0.001, 'NN__hidden_layer_sizes': (50, 50), 'km__n_clusters': 20}",0.606082375,0.655080214,0.581009155,0.61574764,0.590937478,0.60978551,0.025629669,19,0.627266877,0.625438165,0.568216482,0.625695581,0.634747202,0.616272862,0.02426675
161,2.154408026,0.776323568,0.00579977,0.00263786,0.001,"(50, 50)",25,"{'NN__alpha': 0.001, 'NN__hidden_layer_sizes': (50, 50), 'km__n_clusters': 25}",0.621408046,0.65423139,0.512987013,0.503150947,0.52108438,0.562650376,0.062578784,116,0.622908623,0.658705979,0.500364047,0.510634317,0.556270624,0.569776718,0.062015756
162,2.21443119,0.408489866,0.005399799,0.001019983,0.001,"(50, 50)",30,"{'NN__alpha': 0.001, 'NN__hidden_layer_sizes': (50, 50), 'km__n_clusters': 30}",0.502676358,0.617583397,0.584571712,0.504329004,0.593357462,0.560481755,0.047795599,121,0.50513338,0.626208026,0.606582917,0.50499624,0.574908657,0.563565844,0.05049341
163,2.829222918,0.40420425,0.007599783,0.001855587,0.001,"(50, 50)",35,"{'NN__alpha': 0.001, 'NN__hidden_layer_sizes': (50, 50), 'km__n_clusters': 35}",0.653693374,0.625541126,0.628337237,0.65902349,0.500986445,0.613550765,0.057792594,11,0.665467415,0.659344799,0.66716371,0.657933383,0.503430796,0.630668021,0.063714994
164,3.477232695,0.829465834,0.009000254,0.002606011,0.001,"(50, 50)",40,"{'NN__alpha': 0.001, 'NN__hidden_layer_sizes': (50, 50), 'km__n_clusters': 40}",0.510804034,0.546367032,0.5,0.599623873,0.624391456,0.556199733,0.048674917,139,0.521264771,0.552514333,0.5,0.617812182,0.620448534,0.562407964,0.049241721
165,0.41240077,0.054992936,0.005999279,0.002280981,0.001,"(50,)",2,"{'NN__alpha': 0.001, 'NN__hidden_layer_sizes': (50,), 'km__n_clusters': 2}",0.5,0.511883541,0.5,0.5,0.5,0.50237848,0.004754745,281,0.5,0.507338247,0.499590835,0.499181669,0.5,0.50122215,0.003073067
166,0.754214764,0.155367243,0.007799149,0.004167053,0.001,"(50,)",3,"{'NN__alpha': 0.001, 'NN__hidden_layer_sizes': (50,), 'km__n_clusters': 3}",0.500408497,0.50836092,0.591781989,0.502242566,0.50119225,0.520777411,0.035588138,205,0.511480636,0.507420147,0.57397399,0.507510506,0.518092626,0.523695581,0.025437621
167,1.105856466,0.586813553,0.006399632,0.003928997,0.001,"(50,)",4,"{'NN__alpha': 0.001, 'NN__hidden_layer_sizes': (50,), 'km__n_clusters': 4}",0.5,0.5,0.536874601,0.5,0.623007593,0.531940684,0.047688843,180,0.5,0.5,0.521917548,0.5,0.627093378,0.529802185,0.049380673
168,0.824426937,0.054101024,0.005599689,0.003200436,0.001,"(50,)",5,"{'NN__alpha': 0.001, 'NN__hidden_layer_sizes': (50,), 'km__n_clusters': 5}",0.5,0.606442577,0.5,0.5,0.5,0.521304385,0.042588928,201,0.5,0.588190008,0.5,0.5,0.5,0.517638002,0.035276003
169,1.139600468,0.527770647,0.008600569,0.008755057,0.001,"(50,)",6,"{'NN__alpha': 0.001, 'NN__hidden_layer_sizes': (50,), 'km__n_clusters': 6}",0.535299752,0.587980647,0.495415513,0.509658647,0.518458591,0.529388904,0.03203644,189,0.5499298,0.586732187,0.492293095,0.512179856,0.547997965,0.537826581,0.032780348
170,0.965200806,0.251332038,0.006199121,0.00365531,0.001,"(50,)",7,"{'NN__alpha': 0.001, 'NN__hidden_layer_sizes': (50,), 'km__n_clusters': 7}",0.550357787,0.493294287,0.490625222,0.506699312,0.492725853,0.506767994,0.02255645,265,0.556262431,0.497362817,0.491959128,0.522225417,0.498899898,0.513341938,0.02384204
171,1.351198435,0.149121283,0.009999561,0.011558055,0.001,"(50,)",8,"{'NN__alpha': 0.001, 'NN__hidden_layer_sizes': (50,), 'km__n_clusters': 8}",0.483688303,0.510758849,0.601632248,0.508352849,0.582513661,0.537339226,0.046042727,172,0.495524746,0.538755119,0.608308931,0.480689167,0.638266466,0.552308886,0.061745021
172,1.561631298,0.183101496,0.009998941,0.006196586,0.001,"(50,)",9,"{'NN__alpha': 0.001, 'NN__hidden_layer_sizes': (50,), 'km__n_clusters': 9}",0.52459432,0.532064341,0.664133135,0.613710879,0.663955716,0.599610492,0.061156823,37,0.504182754,0.545487305,0.653192816,0.580688282,0.65826337,0.588362906,0.060120724
173,1.512440777,0.34471807,0.00719986,0.00449003,0.001,"(50,)",10,"{'NN__alpha': 0.001, 'NN__hidden_layer_sizes': (50,), 'km__n_clusters': 10}",0.499408384,0.5,0.509183167,0.5,0.499091619,0.501534475,0.003837665,285,0.503831754,0.501752662,0.500656876,0.499853585,0.489612509,0.499141477,0.004948166
174,1.642199421,0.29480064,0.006198835,0.001833574,0.001,"(50,)",15,"{'NN__alpha': 0.001, 'NN__hidden_layer_sizes': (50,), 'km__n_clusters': 15}",0.548132184,0.461675579,0.480072387,0.590270385,0.616272798,0.539262336,0.060208797,168,0.560913186,0.486158886,0.490581236,0.580445437,0.599269253,0.5434736,0.046619287
175,2.406810379,0.600636835,0.006799126,0.002314205,0.001,"(50,)",20,"{'NN__alpha': 0.001, 'NN__hidden_layer_sizes': (50,), 'km__n_clusters': 20}",0.506662723,0.554855275,0.623625009,0.679554325,0.566027961,0.586074148,0.059727105,55,0.507137007,0.587682228,0.630905472,0.642884505,0.566987216,0.587119286,0.048641077
176,1.839419079,0.053912721,0.00579958,0.000980309,0.001,"(50,)",25,"{'NN__alpha': 0.001, 'NN__hidden_layer_sizes': (50,), 'km__n_clusters': 25}",0.498887199,0.5,0.5,0.502164502,0.500525158,0.50031419,0.001068016,289,0.500775126,0.5,0.500540541,0.5,0.499035255,0.500070184,0.000599851
177,2.320185232,0.201791908,0.007997513,0.0023661,0.001,"(50,)",30,"{'NN__alpha': 0.001, 'NN__hidden_layer_sizes': (50,), 'km__n_clusters': 30}",0.500450755,0.509018759,0.522631467,0.50388191,0.498885814,0.506969641,0.008563012,260,0.495861121,0.505831286,0.520011059,0.515370903,0.506587783,0.50873243,0.008366164
178,2.62736578,0.155463855,0.008198929,0.001167293,0.001,"(50,)",35,"{'NN__alpha': 0.001, 'NN__hidden_layer_sizes': (50,), 'km__n_clusters': 35}",0.550357787,0.494758509,0.5,0.500525158,0.49503229,0.508161238,0.021269291,257,0.566075816,0.506732187,0.5,0.501884372,0.520149511,0.518968377,0.024584112
179,3.320407104,0.15622298,0.009799194,0.002856542,0.001,"(50,)",40,"{'NN__alpha': 0.001, 'NN__hidden_layer_sizes': (50,), 'km__n_clusters': 40}",0.521481294,0.5,0.5,0.5,0.5,0.504307468,0.008600913,272,0.501521002,0.501212121,0.5,0.5,0.5,0.500546625,0.000676564
180,0.3598001,0.030426498,0.003200817,0.001470678,0.001,"(25,)",2,"{'NN__alpha': 0.001, 'NN__hidden_layer_sizes': (25,), 'km__n_clusters': 2}",0.5,0.5,0.5,0.5,0.5,0.5,8.60E-17,293,0.5,0.5,0.5,0.5,0.5,0.5,4.97E-17
181,0.567626762,0.114397237,0.005599451,0.001356432,0.001,"(25,)",3,"{'NN__alpha': 0.001, 'NN__hidden_layer_sizes': (25,), 'km__n_clusters': 3}",0.5,0.5,0.584507842,0.5,0.5,0.51688267,0.033788955,226,0.5,0.5,0.567787411,0.5,0.500525501,0.513662582,0.02706318
182,0.809000063,0.195368071,0.004601336,0.001356509,0.001,"(25,)",4,"{'NN__alpha': 0.001, 'NN__hidden_layer_sizes': (25,), 'km__n_clusters': 4}",0.494999437,0.515300059,0.616769569,0.527563693,0.439166844,0.518740919,0.057582212,217,0.451869077,0.521965602,0.62981112,0.49400407,0.440958995,0.507721773,0.06763677
183,0.900400114,0.123983096,0.010999107,0.001414752,0.001,"(25,)",5,"{'NN__alpha': 0.001, 'NN__hidden_layer_sizes': (25,), 'km__n_clusters': 5}",0.505141424,0.513963161,0.532275921,0.507018664,0.491753602,0.510028376,0.013239945,249,0.510369135,0.530630631,0.527912593,0.506850533,0.522908391,0.519734257,0.00948037
184,1.074199867,0.079873344,0.010199499,0.005980833,0.001,"(25,)",6,"{'NN__alpha': 0.001, 'NN__hidden_layer_sizes': (25,), 'km__n_clusters': 6}",0.522199684,0.622124607,0.539181038,0.541139735,0.513923781,0.547722484,0.038600905,156,0.523794899,0.59038493,0.549003848,0.527724156,0.499976114,0.538176789,0.030391786
185,1.20259943,0.059798375,0.005999374,0.002756524,0.001,"(25,)",7,"{'NN__alpha': 0.001, 'NN__hidden_layer_sizes': (25,), 'km__n_clusters': 7}",0.515100293,0.645148969,0.583265914,0.520637286,0.536966858,0.56022188,0.048775136,122,0.560927811,0.595724816,0.578815853,0.518571239,0.551938338,0.561195611,0.026097298
186,1.487822247,0.318095577,0.004799414,0.000980845,0.001,"(25,)",8,"{'NN__alpha': 0.001, 'NN__hidden_layer_sizes': (25,), 'km__n_clusters': 8}",0.4767016,0.516254987,0.471095025,0.671549216,0.579320133,0.542924821,0.074981853,163,0.499327249,0.521932842,0.474574689,0.632122794,0.59067457,0.543726429,0.058730326
187,1.311638594,0.248448845,0.005104113,0.003005668,0.001,"(25,)",9,"{'NN__alpha': 0.001, 'NN__hidden_layer_sizes': (25,), 'km__n_clusters': 9}",0.458361506,0.486270266,0.59507487,0.471187283,0.586033638,0.519327681,0.05884049,210,0.481864982,0.501654382,0.598594241,0.495703101,0.602546556,0.536072652,0.053066974
188,1.386845493,0.111131279,0.008999062,0.006753721,0.001,"(25,)",10,"{'NN__alpha': 0.001, 'NN__hidden_layer_sizes': (25,), 'km__n_clusters': 10}",0.490365112,0.493166964,0.526733376,0.512284437,0.55288482,0.515060343,0.023082542,232,0.488914239,0.499410319,0.543440085,0.531962224,0.542682797,0.521281933,0.02275559
189,1.875618792,0.190447653,0.006798697,0.001832887,0.001,"(25,)",15,"{'NN__alpha': 0.001, 'NN__hidden_layer_sizes': (25,), 'km__n_clusters': 15}",0.575726842,0.495628554,0.5,0.518061174,0.506571571,0.519230982,0.029286396,214,0.571106821,0.492039312,0.5,0.548846375,0.537289335,0.529856369,0.029795979
190,1.648799706,0.085919496,0.012599325,0.010688143,0.001,"(25,)",20,"{'NN__alpha': 0.001, 'NN__hidden_layer_sizes': (25,), 'km__n_clusters': 20}",0.5,0.5,0.5,0.5,0.5,0.5,8.60E-17,293,0.5,0.5,0.5,0.5,0.5,0.5,4.97E-17
191,2.254799843,0.295845063,0.004599428,0.001200152,0.001,"(25,)",25,"{'NN__alpha': 0.001, 'NN__hidden_layer_sizes': (25,), 'km__n_clusters': 25}",0.5762762,0.619217384,0.486885246,0.497246469,0.484003974,0.532790555,0.054982687,175,0.598894349,0.619000819,0.492736321,0.490382625,0.480341045,0.536271032,0.059824874
192,2.68000083,0.47923709,0.010999632,0.00822244,0.001,"(25,)",30,"{'NN__alpha': 0.001, 'NN__hidden_layer_sizes': (25,), 'km__n_clusters': 30}",0.502155172,0.519056107,0.515052161,0.506791569,0.529437229,0.514490945,0.009550863,238,0.499444249,0.528452088,0.552884947,0.527100456,0.569201575,0.535416663,0.023909163
193,2.552801466,0.364638907,0.006198835,0.00116578,0.001,"(25,)",35,"{'NN__alpha': 0.001, 'NN__hidden_layer_sizes': (25,), 'km__n_clusters': 35}",0.498366013,0.502652576,0.595869704,0.503548364,0.498452913,0.51975557,0.038089359,208,0.502413127,0.500589681,0.599141859,0.509312602,0.472562038,0.516803861,0.043041832
194,2.849600029,0.149266175,0.004399443,0.001355419,0.001,"(25,)",40,"{'NN__alpha': 0.001, 'NN__hidden_layer_sizes': (25,), 'km__n_clusters': 40}",0.637494366,0.612511671,0.57546661,0.62334114,0.608537364,0.611490018,0.020611988,14,0.643427518,0.617854218,0.585470872,0.590932455,0.611802981,0.609897609,0.020724553
195,0.719600391,0.122034941,0.006200075,0.000748265,0.001,"(25, 25)",2,"{'NN__alpha': 0.001, 'NN__hidden_layer_sizes': (25, 25), 'km__n_clusters': 2}",0.519875479,0.519353196,0.5,0.497182599,0.5,0.507296141,0.010125722,259,0.504387504,0.511662572,0.5,0.505547839,0.5,0.504319583,0.004306978
196,0.860200262,0.213106947,0.009800625,0.007024382,0.001,"(25, 25)",3,"{'NN__alpha': 0.001, 'NN__hidden_layer_sizes': (25, 25), 'km__n_clusters': 3}",0.506986703,0.512562601,0.554715776,0.5,0.5,0.514846298,0.020470875,237,0.50539663,0.51954136,0.548400053,0.5,0.5,0.514667609,0.018318623
197,1.363199568,0.396899742,0.005800104,0.001833007,0.001,"(25, 25)",4,"{'NN__alpha': 0.001, 'NN__hidden_layer_sizes': (25, 25), 'km__n_clusters': 4}",0.517410412,0.532128003,0.620445675,0.564296359,0.608572848,0.56851894,0.040639603,104,0.513893764,0.508599509,0.60925554,0.56509267,0.633017207,0.565971738,0.049745439
198,1.034200668,0.346512648,0.005999851,0.002096943,0.001,"(25, 25)",5,"{'NN__alpha': 0.001, 'NN__hidden_layer_sizes': (25, 25), 'km__n_clusters': 5}",0.493393622,0.636788049,0.629309488,0.494634873,0.518458591,0.554502025,0.064788364,145,0.498435123,0.621638002,0.614018224,0.498700403,0.534777281,0.553513807,0.054205015
199,1.280200958,0.332133464,0.005198812,0.002135829,0.001,"(25, 25)",6,"{'NN__alpha': 0.001, 'NN__hidden_layer_sizes': (25, 25), 'km__n_clusters': 6}",0.514945346,0.668597742,0.623930168,0.540579093,0.541139735,0.577825362,0.05841801,81,0.502500878,0.627190827,0.627464502,0.537850223,0.56961649,0.572924584,0.049234298
200,1.269999886,0.268337645,0.007799721,0.006336486,0.001,"(25, 25)",7,"{'NN__alpha': 0.001, 'NN__hidden_layer_sizes': (25, 25), 'km__n_clusters': 7}",0.496732026,0.540106952,0.54101909,0.5,0.55939252,0.527431937,0.024747242,193,0.500526501,0.56953317,0.549585969,0.5,0.571586234,0.538246375,0.031951746
201,1.241800213,0.17049169,0.005800152,0.002135806,0.001,"(25, 25)",8,"{'NN__alpha': 0.001, 'NN__hidden_layer_sizes': (25, 25), 'km__n_clusters': 8}",0.502676358,0.5,0.554204812,0.515406997,0.5,0.514443463,0.020669301,240,0.499312624,0.5,0.581492458,0.510935109,0.5,0.518348038,0.031867906
202,1.531800556,0.295424713,0.003998852,0.001264821,0.001,"(25, 25)",9,"{'NN__alpha': 0.001, 'NN__hidden_layer_sizes': (25, 25), 'km__n_clusters': 9}",0.50656412,0.5,0.649648712,0.56010929,0.553537719,0.553916512,0.053572594,147,0.520372645,0.49972154,0.633650197,0.576229486,0.558831778,0.557761129,0.046621604
203,1.734601116,0.397481888,0.004598951,0.001623898,0.001,"(25, 25)",10,"{'NN__alpha': 0.001, 'NN__hidden_layer_sizes': (25, 25), 'km__n_clusters': 10}",0.547751859,0.484211867,0.500865801,0.492803917,0.508466397,0.506842054,0.022025648,264,0.536928162,0.535069615,0.550663954,0.511511921,0.509241385,0.528683007,0.015904441
204,1.780000162,0.356333273,0.007800293,0.004308479,0.001,"(25, 25)",15,"{'NN__alpha': 0.001, 'NN__hidden_layer_sizes': (25, 25), 'km__n_clusters': 15}",0.459840545,0.579365079,0.529075296,0.559584132,0.501050316,0.525753889,0.042417014,195,0.492614368,0.584930385,0.549420976,0.554405273,0.502364754,0.536747151,0.034420665
205,2.359600163,0.631529477,0.006600046,0.001854112,0.001,"(25, 25)",20,"{'NN__alpha': 0.001, 'NN__hidden_layer_sizes': (25, 25), 'km__n_clusters': 20}",0.537990196,0.504689755,0.653658363,0.57318856,0.531253992,0.560118977,0.051591398,124,0.527231777,0.498476658,0.641386296,0.60458044,0.504772858,0.555289606,0.057287208
206,2.496200132,0.748174354,0.009000111,0.00368768,0.001,"(25, 25)",25,"{'NN__alpha': 0.001, 'NN__hidden_layer_sizes': (25, 25), 'km__n_clusters': 25}",0.498887199,0.601689161,0.602029664,0.621098574,0.596458733,0.583975776,0.043429812,59,0.4997075,0.594365274,0.599251117,0.603365772,0.643147255,0.587967384,0.04741306
207,2.278400135,0.438616033,0.008398438,0.002332049,0.001,"(25, 25)",30,"{'NN__alpha': 0.001, 'NN__hidden_layer_sizes': (25, 25), 'km__n_clusters': 30}",0.599335136,0.593901197,0.559967355,0.539294585,0.542282308,0.566990296,0.025293944,107,0.601585352,0.588566749,0.55565577,0.547690981,0.563177334,0.571335237,0.020412948
208,2.735399771,0.391723745,0.006599855,0.001019956,0.001,"(25, 25)",35,"{'NN__alpha': 0.001, 'NN__hidden_layer_sizes': (25, 25), 'km__n_clusters': 35}",0.598884381,0.581784229,0.520431481,0.618678589,0.54826485,0.573630595,0.035221256,92,0.552781678,0.594037674,0.513305171,0.609086124,0.584449064,0.570731942,0.034124495
209,2.959400463,0.283006499,0.005000591,0.000893936,0.001,"(25, 25)",40,"{'NN__alpha': 0.001, 'NN__hidden_layer_sizes': (25, 25), 'km__n_clusters': 40}",0.523270228,0.56128512,0.59841743,0.534915904,0.543843588,0.552328111,0.026166597,149,0.529001404,0.555790336,0.575966736,0.539259079,0.575475295,0.55509857,0.018884498
210,0.967402172,0.159238944,0.007599735,0.003773476,0.001,"(100, 25, 100)",2,"{'NN__alpha': 0.001, 'NN__hidden_layer_sizes': (100, 25, 100), 'km__n_clusters': 2}",0.5,0.5,0.5,0.511808956,0.508274785,0.504012257,0.005043808,278,0.5,0.5,0.5,0.518798602,0.524053612,0.508570443,0.010627335
211,1.389399958,0.400003479,0.006599379,0.000490136,0.001,"(100, 25, 100)",3,"{'NN__alpha': 0.001, 'NN__hidden_layer_sizes': (100, 25, 100), 'km__n_clusters': 3}",0.503718729,0.509146083,0.62112696,0.489511035,0.545369385,0.533742854,0.047383515,174,0.501828127,0.504078624,0.618124032,0.50912505,0.566870881,0.540005343,0.045882694
212,1.240000582,0.429364659,0.005599356,0.000490352,0.001,"(100, 25, 100)",4,"{'NN__alpha': 0.001, 'NN__hidden_layer_sizes': (100, 25, 100), 'km__n_clusters': 4}",0.5,0.5,0.643155205,0.5,0.639159747,0.556399856,0.069151372,138,0.5,0.5,0.658120936,0.5,0.655215641,0.562667315,0.076756972
213,1.31900053,0.111368017,0.011799192,0.006735502,0.001,"(100, 25, 100)",5,"{'NN__alpha': 0.001, 'NN__hidden_layer_sizes': (100, 25, 100), 'km__n_clusters': 5}",0.523523777,0.654061625,0.625058548,0.548683557,0.508799943,0.572019911,0.05734125,96,0.54462092,0.647895168,0.63408546,0.553099482,0.517056664,0.579351539,0.05190389
214,1.664599943,0.497858493,0.009601068,0.005122499,0.001,"(100, 25, 100)",6,"{'NN__alpha': 0.001, 'NN__hidden_layer_sizes': (100, 25, 100), 'km__n_clusters': 6}",0.5,0.573295985,0.648073238,0.519814066,0.611468313,0.570478776,0.055217089,99,0.5,0.588959869,0.660226921,0.533111426,0.623861193,0.581231882,0.058363333
215,1.709601688,0.492750648,0.00779891,0.002135234,0.001,"(100, 25, 100)",7,"{'NN__alpha': 0.001, 'NN__hidden_layer_sizes': (100, 25, 100), 'km__n_clusters': 7}",0.57183908,0.602325779,0.622752111,0.513462494,0.559711873,0.574027194,0.037540247,90,0.613490113,0.594922195,0.634694121,0.544233202,0.563925333,0.590252993,0.032703963
216,1.868600941,0.434938792,0.007399225,0.002057356,0.001,"(100, 25, 100)",8,"{'NN__alpha': 0.001, 'NN__hidden_layer_sizes': (100, 25, 100), 'km__n_clusters': 8}",0.591714559,0.5,0.64025974,0.647675821,0.65483642,0.606846148,0.057853402,23,0.641994267,0.5,0.637385765,0.629325873,0.677069934,0.617155168,0.060810355
217,1.93359952,0.713873004,0.008600187,0.002800373,0.001,"(100, 25, 100)",9,"{'NN__alpha': 0.001, 'NN__hidden_layer_sizes': (100, 25, 100), 'km__n_clusters': 9}",0.5418357,0.5,0.677226599,0.661187992,0.515690867,0.579130873,0.074858412,78,0.573622324,0.5,0.660664396,0.616161366,0.569620472,0.584013711,0.053445765
218,1.942401409,0.562028426,0.008399296,0.001623628,0.001,"(100, 25, 100)",10,"{'NN__alpha': 0.001, 'NN__hidden_layer_sizes': (100, 25, 100), 'km__n_clusters': 10}",0.5,0.507469655,0.531289476,0.610354127,0.607139309,0.551195991,0.048081263,151,0.5,0.517624898,0.527300836,0.607400363,0.652907949,0.561046809,0.058886479
219,2.102601528,0.466063353,0.008199072,0.002039984,0.001,"(100, 25, 100)",15,"{'NN__alpha': 0.001, 'NN__hidden_layer_sizes': (100, 25, 100), 'km__n_clusters': 15}",0.584488393,0.65667176,0.644652615,0.563629267,0.566794408,0.603253217,0.039539244,30,0.598674974,0.634840295,0.656890344,0.568565489,0.61457867,0.614709954,0.030235295
220,2.511000633,0.505518773,0.007399654,0.001959656,0.001,"(100, 25, 100)",20,"{'NN__alpha': 0.001, 'NN__hidden_layer_sizes': (100, 25, 100), 'km__n_clusters': 20}",0.585432161,0.660385366,0.638826201,0.637761692,0.552153857,0.614906829,0.039919046,8,0.591069966,0.647158067,0.656938559,0.638091741,0.56968063,0.620587793,0.034048751
221,3.370000505,0.887088553,0.007798004,0.001327093,0.001,"(100, 25, 100)",25,"{'NN__alpha': 0.001, 'NN__hidden_layer_sizes': (100, 25, 100), 'km__n_clusters': 25}",0.599926752,0.700089127,0.626541764,0.525860478,0.641707473,0.61884132,0.056889539,6,0.600927226,0.667895168,0.627780334,0.560318043,0.682648737,0.627913902,0.044478989
222,2.994600916,0.59890724,0.008799076,0.000747373,0.001,"(100, 25, 100)",30,"{'NN__alpha': 0.001, 'NN__hidden_layer_sizes': (100, 25, 100), 'km__n_clusters': 30}",0.64083277,0.518398268,0.628209495,0.64939323,0.617259243,0.610806528,0.047499397,18,0.648853399,0.540540541,0.646225063,0.652546114,0.639516964,0.625536416,0.042710608
223,2.706399298,0.555452857,0.010199738,0.002482658,0.001,"(100, 25, 100)",35,"{'NN__alpha': 0.001, 'NN__hidden_layer_sizes': (100, 25, 100), 'km__n_clusters': 35}",0.565711629,0.512987013,0.629926904,0.627464339,0.641721666,0.595509281,0.049074732,42,0.555911431,0.51012285,0.627924979,0.602190472,0.676938559,0.594617658,0.057586457
224,3.123600626,0.3958189,0.012202072,0.005193235,0.001,"(100, 25, 100)",40,"{'NN__alpha': 0.001, 'NN__hidden_layer_sizes': (100, 25, 100), 'km__n_clusters': 40}",0.52297442,0.635578474,0.539692002,0.664133135,0.657540274,0.60393505,0.06030986,25,0.54508892,0.654463554,0.547131419,0.644217278,0.632609369,0.604702108,0.048341663
225,0.667601633,0.135797839,0.005998755,0.00228119,0.0001,"(50, 50)",2,"{'NN__alpha': 0.0001, 'NN__hidden_layer_sizes': (50, 50), 'km__n_clusters': 2}",0.5,0.5,0.531623022,0.514243134,0.509452842,0.511051429,0.011662961,247,0.5,0.5,0.522983589,0.536102977,0.513742204,0.514565754,0.013854332
226,0.917999554,0.255303513,0.004199982,0.001166384,0.0001,"(50, 50)",3,"{'NN__alpha': 0.0001, 'NN__hidden_layer_sizes': (50, 50), 'km__n_clusters': 3}",0.500971941,0.512371615,0.623149528,0.505840607,0.520956639,0.532626885,0.045723435,178,0.501126126,0.503783784,0.612291326,0.508599549,0.550171186,0.535194394,0.042480114
227,1.202200842,0.196881162,0.004398775,0.000799683,0.0001,"(50, 50)",4,"{'NN__alpha': 0.0001, 'NN__hidden_layer_sizes': (50, 50), 'km__n_clusters': 4}",0.516579333,0.596235464,0.626350153,0.565346675,0.601759989,0.581211695,0.037742556,69,0.513908389,0.596199836,0.636440041,0.563471049,0.6336962,0.588743103,0.04602237
228,1.250000334,0.263661174,0.005800438,0.002638706,0.0001,"(50, 50)",5,"{'NN__alpha': 0.0001, 'NN__hidden_layer_sizes': (50, 50), 'km__n_clusters': 5}",0.500521185,0.651684916,0.594102619,0.566425378,0.482662692,0.559070223,0.061858429,128,0.499034749,0.642800983,0.594652099,0.564591498,0.558124917,0.571840849,0.047110724
229,1.241000938,0.37449397,0.012200642,0.01361379,0.0001,"(50, 50)",6,"{'NN__alpha': 0.0001, 'NN__hidden_layer_sizes': (50, 50), 'km__n_clusters': 6}",0.514212869,0.679377812,0.576424668,0.572918884,0.606436733,0.589851152,0.053848487,50,0.506084006,0.662227682,0.562367851,0.576321936,0.64521918,0.590444131,0.057021976
230,1.356800318,0.417220674,0.009200287,0.003655299,0.0001,"(50, 50)",7,"{'NN__alpha': 0.0001, 'NN__hidden_layer_sizes': (50, 50), 'km__n_clusters': 7}",0.579938585,0.566632714,0.587644596,0.512142502,0.553360301,0.559961137,0.026599952,125,0.599201474,0.552989353,0.596710753,0.502033883,0.570677666,0.564322626,0.035536578
231,1.548000193,0.301794055,0.007399559,0.002577396,0.0001,"(50, 50)",8,"{'NN__alpha': 0.0001, 'NN__hidden_layer_sizes': (50, 50), 'km__n_clusters': 8}",0.585249042,0.586516425,0.643361011,0.612774111,0.642374565,0.614023294,0.025500994,10,0.615391365,0.576347256,0.661446455,0.61031362,0.642768169,0.621253373,0.02915123
232,1.667999601,0.210651873,0.005399179,0.001019758,0.0001,"(50, 50)",9,"{'NN__alpha': 0.0001, 'NN__hidden_layer_sizes': (50, 50), 'km__n_clusters': 9}",0.495619225,0.553454715,0.63331914,0.527755305,0.639684905,0.569905083,0.05737394,101,0.507692758,0.566388206,0.650391914,0.520326005,0.666480736,0.582255924,0.065395867
233,2.045000982,0.681766172,0.006399632,0.002576248,0.0001,"(50, 50)",10,"{'NN__alpha': 0.0001, 'NN__hidden_layer_sizes': (50, 50), 'km__n_clusters': 10}",0.501042371,0.593222137,0.499410972,0.675686608,0.649520971,0.583718459,0.073235474,61,0.501184626,0.592727273,0.508340779,0.642283806,0.689025965,0.58671249,0.073552072
234,1.714999962,0.674864221,0.006800318,0.00292639,0.0001,"(50, 50)",15,"{'NN__alpha': 0.0001, 'NN__hidden_layer_sizes': (50, 50), 'km__n_clusters': 15}",0.552893284,0.638867668,0.623149528,0.486104606,0.567511177,0.573714026,0.054459513,91,0.574178074,0.622768223,0.645707524,0.508640687,0.594800283,0.589218958,0.047046251
235,2.104200172,0.441500993,0.005601025,0.001625835,0.0001,"(50, 50)",20,"{'NN__alpha': 0.0001, 'NN__hidden_layer_sizes': (50, 50), 'km__n_clusters': 20}",0.635409624,0.648013751,0.622340501,0.619026329,0.615797317,0.628130356,0.011974802,4,0.633350883,0.632596233,0.618580086,0.623811209,0.642810192,0.63022972,0.008372832
236,2.478399992,0.843474326,0.005798435,0.001599622,0.0001,"(50, 50)",25,"{'NN__alpha': 0.0001, 'NN__hidden_layer_sizes': (50, 50), 'km__n_clusters': 25}",0.609308091,0.654273831,0.512987013,0.503150947,0.51839472,0.559695235,0.060821643,127,0.611954487,0.655495495,0.500364047,0.510502942,0.555876498,0.566838694,0.059343456
237,2.501399088,0.386027167,0.008801079,0.002315766,0.0001,"(50, 50)",30,"{'NN__alpha': 0.0001, 'NN__hidden_layer_sizes': (50, 50), 'km__n_clusters': 30}",0.502676358,0.622485358,0.606010929,0.499950323,0.590667802,0.564333839,0.052467181,115,0.505411255,0.623800164,0.621095236,0.515351882,0.5736962,0.567870948,0.050307656
238,2.600401402,0.585844617,0.006999397,0.000632561,0.0001,"(50, 50)",35,"{'NN__alpha': 0.0001, 'NN__hidden_layer_sizes': (50, 50), 'km__n_clusters': 35}",0.5095222,0.570728291,0.63260237,0.640529416,0.499347101,0.570500455,0.059221866,98,0.511743887,0.599279279,0.662587694,0.655054187,0.503562171,0.586445444,0.067999219
239,2.940200615,0.244131878,0.005598974,0.000800587,0.0001,"(50, 50)",40,"{'NN__alpha': 0.0001, 'NN__hidden_layer_sizes': (50, 50), 'km__n_clusters': 40}",0.566120126,0.557231984,0.5,0.606500603,0.557497694,0.557476441,0.033986753,135,0.60487598,0.557215397,0.5,0.611419914,0.55047817,0.564797892,0.040598477
240,0.370800018,0.058197461,0.00400033,0.000894736,0.0001,"(50,)",2,"{'NN__alpha': 0.0001, 'NN__hidden_layer_sizes': (50,), 'km__n_clusters': 2}",0.5,0.511883541,0.5,0.5,0.5,0.50237848,0.004754745,281,0.5,0.507338247,0.499590835,0.499181669,0.5,0.50122215,0.003073067
241,0.651800966,0.207585962,0.006597948,0.005239605,0.0001,"(50,)",3,"{'NN__alpha': 0.0001, 'NN__hidden_layer_sizes': (50,), 'km__n_clusters': 3}",0.500408497,0.50836092,0.572890497,0.502242566,0.50119225,0.517003337,0.028064512,224,0.512021762,0.507420147,0.568497368,0.507510506,0.518092626,0.522708482,0.023224323
242,0.908800125,0.166267546,0.006799698,0.002712714,0.0001,"(50,)",4,"{'NN__alpha': 0.0001, 'NN__hidden_layer_sizes': (50,), 'km__n_clusters': 4}",0.5,0.5,0.536874601,0.5,0.571045348,0.521559856,0.028551275,200,0.5,0.5,0.522458088,0.5,0.562908391,0.517073296,0.024512626
243,0.914399481,0.181360511,0.01399951,0.010020972,0.0001,"(50,)",5,"{'NN__alpha': 0.0001, 'NN__hidden_layer_sizes': (50,), 'km__n_clusters': 5}",0.5,0.606442577,0.5,0.5,0.5,0.521304385,0.042588928,201,0.5,0.588190008,0.5,0.5,0.5,0.517638002,0.035276003
244,1.29860158,0.549686887,0.004198837,0.000401713,0.0001,"(50,)",6,"{'NN__alpha': 0.0001, 'NN__hidden_layer_sizes': (50,), 'km__n_clusters': 6}",0.535299752,0.587980647,0.495415513,0.509658647,0.522390178,0.530174342,0.031806201,186,0.5499298,0.586732187,0.491212014,0.512179856,0.554225682,0.538855908,0.033563526
245,0.993599558,0.204444797,0.013600206,0.01139437,0.0001,"(50,)",7,"{'NN__alpha': 0.0001, 'NN__hidden_layer_sizes': (50,), 'km__n_clusters': 7}",0.550357787,0.493294287,0.490625222,0.506699312,0.492725853,0.506767994,0.02255645,265,0.556262431,0.497362817,0.491959128,0.522225417,0.498899898,0.513341938,0.02384204
246,1.184001446,0.205373816,0.005798912,0.004261965,0.0001,"(50,)",8,"{'NN__alpha': 0.0001, 'NN__hidden_layer_sizes': (50,), 'km__n_clusters': 8}",0.483688303,0.540319158,0.599992903,0.508352849,0.582513661,0.542928193,0.043674816,162,0.495524746,0.555102375,0.61111293,0.480689167,0.638675631,0.55622097,0.06197134
247,1.390200233,0.453624797,0.009799528,0.009195768,0.0001,"(50,)",9,"{'NN__alpha': 0.0001, 'NN__hidden_layer_sizes': (50,), 'km__n_clusters': 9}",0.52459432,0.532064341,0.682371727,0.613710879,0.663955716,0.603254132,0.065295714,28,0.504182754,0.545896806,0.668819392,0.580688282,0.65826337,0.591570121,0.063649756
248,1.327000427,0.385006733,0.01319952,0.014245973,0.0001,"(50,)",10,"{'NN__alpha': 0.0001, 'NN__hidden_layer_sizes': (50,), 'km__n_clusters': 10}",0.499408384,0.5,0.509183167,0.5,0.499091619,0.501534475,0.003837665,285,0.503831754,0.501752662,0.500656876,0.499853585,0.489612509,0.499141477,0.004948166
249,1.574199486,0.325209503,0.004999638,0.001095845,0.0001,"(50,)",15,"{'NN__alpha': 0.0001, 'NN__hidden_layer_sizes': (50,), 'km__n_clusters': 15}",0.548132184,0.461675579,0.480072387,0.553729331,0.616272798,0.531962296,0.055622282,179,0.559830935,0.486158886,0.490581236,0.541054098,0.599269253,0.535378882,0.042758689
250,2.181999588,0.51969907,0.007000351,0.003794471,0.0001,"(50,)",20,"{'NN__alpha': 0.0001, 'NN__hidden_layer_sizes': (50,), 'km__n_clusters': 20}",0.507183908,0.554855275,0.623625009,0.68663686,0.566027961,0.58759358,0.061830657,53,0.506449631,0.587682228,0.630905472,0.642359004,0.566987216,0.58687671,0.048747456
251,1.658999729,0.078339878,0.011199856,0.008304505,0.0001,"(50,)",25,"{'NN__alpha': 0.0001, 'NN__hidden_layer_sizes': (50,), 'km__n_clusters': 25}",0.498887199,0.5,0.5,0.502164502,0.500525158,0.50031419,0.001068016,289,0.500775126,0.5,0.500540541,0.5,0.499035255,0.500070184,0.000599851
252,2.036800051,0.091175113,0.008399534,0.003199601,0.0001,"(50,)",30,"{'NN__alpha': 0.0001, 'NN__hidden_layer_sizes': (50,), 'km__n_clusters': 30}",0.500450755,0.509018759,0.522631467,0.50388191,0.498885814,0.506969641,0.008563012,260,0.495861121,0.505831286,0.520011059,0.515370903,0.506587783,0.50873243,0.008366164
253,2.327644968,0.139946098,0.006200647,0.001166368,0.0001,"(50,)",35,"{'NN__alpha': 0.0001, 'NN__hidden_layer_sizes': (50,), 'km__n_clusters': 35}",0.554738562,0.494758509,0.5,0.500525158,0.49503229,0.509039679,0.023012902,254,0.568328068,0.506732187,0.5,0.501884372,0.520149511,0.519418828,0.025448562
254,3.130841351,0.30809898,0.013000202,0.011678133,0.0001,"(50,)",40,"{'NN__alpha': 0.0001, 'NN__hidden_layer_sizes': (50,), 'km__n_clusters': 40}",0.521481294,0.5,0.5,0.5,0.5,0.504307468,0.008600913,272,0.501521002,0.501212121,0.5,0.5,0.5,0.500546625,0.000676564
255,0.326599646,0.010327484,0.004801226,0.001326073,0.0001,"(25,)",2,"{'NN__alpha': 0.0001, 'NN__hidden_layer_sizes': (25,), 'km__n_clusters': 2}",0.5,0.5,0.5,0.5,0.5,0.5,8.60E-17,293,0.5,0.5,0.5,0.5,0.5,0.5,4.97E-17
256,0.528801012,0.147736449,0.008999348,0.006229769,0.0001,"(25,)",3,"{'NN__alpha': 0.0001, 'NN__hidden_layer_sizes': (25,), 'km__n_clusters': 3}",0.5,0.5,0.584507842,0.5,0.5,0.51688267,0.033788955,226,0.5,0.5,0.567787411,0.5,0.500525501,0.513662582,0.02706318
257,0.780627775,0.207973553,0.008199883,0.002315309,0.0001,"(25,)",4,"{'NN__alpha': 0.0001, 'NN__hidden_layer_sizes': (25,), 'km__n_clusters': 4}",0.494999437,0.515300059,0.616769569,0.527563693,0.439166844,0.518740919,0.057582212,217,0.451869077,0.521965602,0.62981112,0.49400407,0.440958995,0.507721773,0.06763677
258,0.681013632,0.063206317,0.007800436,0.004664589,0.0001,"(25,)",5,"{'NN__alpha': 0.0001, 'NN__hidden_layer_sizes': (25,), 'km__n_clusters': 5}",0.505141424,0.513963161,0.532275921,0.507018664,0.491753602,0.510028376,0.013239945,249,0.510369135,0.530630631,0.527912593,0.506850533,0.522908391,0.519734257,0.00948037
259,0.903198719,0.080225774,0.008800316,0.006734538,0.0001,"(25,)",6,"{'NN__alpha': 0.0001, 'NN__hidden_layer_sizes': (25,), 'km__n_clusters': 6}",0.522199684,0.622124607,0.539181038,0.541139735,0.513923781,0.547722484,0.038600905,156,0.523794899,0.59038493,0.549003848,0.527724156,0.499976114,0.538176789,0.030391786
260,1.184399128,0.201396506,0.003200865,0.000749514,0.0001,"(25,)",7,"{'NN__alpha': 0.0001, 'NN__hidden_layer_sizes': (25,), 'km__n_clusters': 7}",0.516593419,0.645148969,0.583265914,0.520637286,0.536966858,0.560521285,0.048501053,120,0.591786592,0.595724816,0.578815853,0.518571239,0.552478878,0.567475476,0.028754763
261,1.381599331,0.308853942,0.006001282,0.002000666,0.0001,"(25,)",8,"{'NN__alpha': 0.0001, 'NN__hidden_layer_sizes': (25,), 'km__n_clusters': 8}",0.4767016,0.516254987,0.471095025,0.671549216,0.579320133,0.542924821,0.074981853,163,0.499327249,0.521932842,0.474574689,0.632122794,0.59067457,0.543726429,0.058730326
262,1.185800362,0.232632046,0.007800293,0.00617692,0.0001,"(25,)",9,"{'NN__alpha': 0.0001, 'NN__hidden_layer_sizes': (25,), 'km__n_clusters': 9}",0.458361506,0.486270266,0.59507487,0.471187283,0.586033638,0.519327681,0.05884049,210,0.481864982,0.501654382,0.598594241,0.495703101,0.602546556,0.536072652,0.053066974
263,1.221599913,0.129440356,0.005400372,0.002577644,0.0001,"(25,)",10,"{'NN__alpha': 0.0001, 'NN__hidden_layer_sizes': (25,), 'km__n_clusters': 10}",0.490365112,0.493166964,0.526733376,0.512284437,0.55288482,0.515060343,0.023082542,232,0.488914239,0.499410319,0.543440085,0.531962224,0.542682797,0.521281933,0.02275559
264,1.546199942,0.176110565,0.005000114,0.001413572,0.0001,"(25,)",15,"{'NN__alpha': 0.0001, 'NN__hidden_layer_sizes': (25,), 'km__n_clusters': 15}",0.575726842,0.495628554,0.5,0.518061174,0.510375417,0.519990901,0.028995964,207,0.571106821,0.492039312,0.5,0.548846375,0.537829876,0.529964477,0.029823719
265,1.55842123,0.124690156,0.005199718,0.00097849,0.0001,"(25,)",20,"{'NN__alpha': 0.0001, 'NN__hidden_layer_sizes': (25,), 'km__n_clusters': 20}",0.5,0.5,0.5,0.5,0.5,0.5,8.60E-17,293,0.5,0.5,0.5,0.5,0.5,0.5,4.97E-17
266,1.995451784,0.246904085,0.004999781,0.001265159,0.0001,"(25,)",25,"{'NN__alpha': 0.0001, 'NN__hidden_layer_sizes': (25,), 'km__n_clusters': 25}",0.5762762,0.619217384,0.486885246,0.497246469,0.484003974,0.532790555,0.054982687,175,0.598894349,0.619000819,0.492736321,0.490382625,0.480341045,0.536271032,0.059824874
267,2.33001008,0.314778329,0.005601597,0.000799155,0.0001,"(25,)",30,"{'NN__alpha': 0.0001, 'NN__hidden_layer_sizes': (25,), 'km__n_clusters': 30}",0.502155172,0.519056107,0.515052161,0.506791569,0.529437229,0.514490945,0.009550863,238,0.499444249,0.528452088,0.552884947,0.527100456,0.569201575,0.535416663,0.023909163
268,2.156800175,0.376837587,0.007400179,0.003137197,0.0001,"(25,)",35,"{'NN__alpha': 0.0001, 'NN__hidden_layer_sizes': (25,), 'km__n_clusters': 35}",0.498366013,0.502652576,0.595869704,0.503548364,0.498452913,0.51975557,0.038089359,208,0.502413127,0.501130221,0.599141859,0.509312602,0.472562038,0.51691197,0.043001631
269,2.390400124,0.110760832,0.006400204,0.005816363,0.0001,"(25,)",40,"{'NN__alpha': 0.0001, 'NN__hidden_layer_sizes': (25,), 'km__n_clusters': 40}",0.637494366,0.612511671,0.57546661,0.62334114,0.608537364,0.611490018,0.020611988,14,0.643427518,0.617854218,0.585470872,0.590932455,0.611802981,0.609897609,0.020724553
270,0.57159977,0.112124117,0.004200459,0.000748329,0.0001,"(25, 25)",2,"{'NN__alpha': 0.0001, 'NN__hidden_layer_sizes': (25, 25), 'km__n_clusters': 2}",0.5,0.519353196,0.5,0.497182599,0.5,0.503310674,0.008098783,280,0.5,0.511662572,0.5,0.505547839,0.5,0.503442082,0.004637983
271,0.821799755,0.092021141,0.004800081,0.001721832,0.0001,"(25, 25)",3,"{'NN__alpha': 0.0001, 'NN__hidden_layer_sizes': (25, 25), 'km__n_clusters': 3}",0.506986703,0.526737968,0.554715776,0.5,0.5,0.517683485,0.020934821,223,0.50539663,0.515642916,0.547990888,0.5,0.5,0.513806087,0.018021707
272,1.160401201,0.297399156,0.004199934,0.001165166,0.0001,"(25, 25)",4,"{'NN__alpha': 0.0001, 'NN__hidden_layer_sizes': (25, 25), 'km__n_clusters': 4}",0.517410412,0.532128003,0.620445675,0.564296359,0.608572848,0.56851894,0.040639603,104,0.512138762,0.508599509,0.611973283,0.56509267,0.631789711,0.565918787,0.050276174
273,0.917000437,0.306183293,0.004399157,0.001496121,0.0001,"(25, 25)",5,"{'NN__alpha': 0.0001, 'NN__hidden_layer_sizes': (25, 25), 'km__n_clusters': 5}",0.493393622,0.636788049,0.63147399,0.494634873,0.518458591,0.554934441,0.065291478,142,0.498435123,0.622833743,0.616311762,0.498700403,0.534777281,0.554211662,0.055019323
274,1.159800053,0.283143408,0.011799383,0.006305792,0.0001,"(25, 25)",6,"{'NN__alpha': 0.0001, 'NN__hidden_layer_sizes': (25, 25), 'km__n_clusters': 6}",0.514945346,0.668597742,0.627208857,0.554190618,0.538975232,0.580767211,0.05773791,70,0.502500878,0.627190827,0.629788119,0.533321095,0.56961649,0.572483482,0.050430531
275,1.029006624,0.289513952,0.008599567,0.00922141,0.0001,"(25, 25)",7,"{'NN__alpha': 0.0001, 'NN__hidden_layer_sizes': (25, 25), 'km__n_clusters': 7}",0.496732026,0.540106952,0.543183592,0.5,0.558278334,0.527641765,0.024720204,192,0.500526501,0.56953317,0.550126509,0.5,0.57198036,0.538433308,0.032072986
276,1.03262248,0.120527585,0.008999157,0.009186084,0.0001,"(25, 25)",8,"{'NN__alpha': 0.0001, 'NN__hidden_layer_sizes': (25, 25), 'km__n_clusters': 8}",0.502676358,0.5,0.554204812,0.5175715,0.5,0.514875879,0.020707541,236,0.499312624,0.5,0.581492458,0.510935109,0.5,0.518348038,0.031867906
277,1.371229696,0.108132076,0.005600214,0.003200457,0.0001,"(25, 25)",9,"{'NN__alpha': 0.0001, 'NN__hidden_layer_sizes': (25, 25), 'km__n_clusters': 9}",0.506465517,0.5,0.654502874,0.56010929,0.554062877,0.554971401,0.055327564,141,0.498595999,0.49972154,0.637302605,0.576229486,0.559912859,0.554352498,0.051929894
278,1.631199408,0.373185813,0.003999567,0.000631656,0.0001,"(25, 25)",10,"{'NN__alpha': 0.0001, 'NN__hidden_layer_sizes': (25, 25), 'km__n_clusters': 10}",0.53141199,0.520796197,0.500865801,0.492803917,0.51570506,0.512333988,0.013858593,244,0.533608284,0.553841114,0.550663954,0.510971381,0.564901137,0.542797174,0.018813595
279,1.450400352,0.225291487,0.005599213,0.00215395,0.0001,"(25, 25)",15,"{'NN__alpha': 0.0001, 'NN__hidden_layer_sizes': (25, 25), 'km__n_clusters': 15}",0.459840545,0.579365079,0.529600454,0.558533816,0.492661983,0.523973184,0.043355053,198,0.492614368,0.585045045,0.548865396,0.550884239,0.505983103,0.53667843,0.033387127
280,1.983600092,0.548622368,0.004800224,0.00193845,0.0001,"(25, 25)",20,"{'NN__alpha': 0.0001, 'NN__hidden_layer_sizes': (25, 25), 'km__n_clusters': 20}",0.536356209,0.504689755,0.644730679,0.577517564,0.531253992,0.558872619,0.048823821,129,0.528182403,0.498476658,0.630538329,0.60402486,0.504772858,0.553199022,0.053907506
281,1.997000027,0.36613652,0.005399799,0.001496536,0.0001,"(25, 25)",25,"{'NN__alpha': 0.0001, 'NN__hidden_layer_sizes': (25, 25), 'km__n_clusters': 25}",0.498887199,0.600055174,0.60039032,0.597686467,0.606230928,0.580596301,0.041017649,71,0.4997075,0.594365274,0.599251117,0.57947273,0.641949839,0.582949292,0.046515419
282,1.902625227,0.240273,0.005400467,0.001744085,0.0001,"(25, 25)",30,"{'NN__alpha': 0.0001, 'NN__hidden_layer_sizes': (25, 25), 'km__n_clusters': 30}",0.591756818,0.593901197,0.559967355,0.541601022,0.539592648,0.565394118,0.023536912,110,0.595998596,0.588026208,0.553902773,0.541909586,0.559817756,0.567930984,0.020646245
283,2.301042509,0.234042203,0.005398655,0.002332457,0.0001,"(25, 25)",35,"{'NN__alpha': 0.0001, 'NN__hidden_layer_sizes': (25, 25), 'km__n_clusters': 35}",0.600518368,0.581784229,0.522595983,0.61837343,0.54826485,0.574329697,0.034735946,89,0.552781678,0.594037674,0.513714336,0.619321449,0.584449064,0.57286084,0.036449458
284,2.486399984,0.365173725,0.004999685,0.001674026,0.0001,"(25, 25)",40,"{'NN__alpha': 0.0001, 'NN__hidden_layer_sizes': (25, 25), 'km__n_clusters': 40}",0.521636241,0.555852644,0.600056774,0.534915904,0.586622667,0.559786907,0.029771925,126,0.52954253,0.558083538,0.576785067,0.540208785,0.642283806,0.569380745,0.039838157
285,0.851801729,0.305470205,0.004400063,0.000490719,0.0001,"(100, 25, 100)",2,"{'NN__alpha': 0.0001, 'NN__hidden_layer_sizes': (100, 25, 100), 'km__n_clusters': 2}",0.5,0.5,0.5,0.521261798,0.507749627,0.505795797,0.008289654,270,0.5,0.5,0.5,0.532319193,0.524068651,0.511277569,0.014056404
286,1.09180069,0.435213939,0.012197351,0.011478839,0.0001,"(100, 25, 100)",3,"{'NN__alpha': 0.0001, 'NN__hidden_layer_sizes': (100, 25, 100), 'km__n_clusters': 3}",0.505352716,0.490832697,0.613519268,0.492200695,0.551862891,0.530719839,0.046934025,183,0.501828127,0.483587224,0.618841067,0.510600257,0.569907551,0.536952845,0.050135392
287,1.1060009,0.609663885,0.007800388,0.005306889,0.0001,"(100, 25, 100)",4,"{'NN__alpha': 0.0001, 'NN__hidden_layer_sizes': (100, 25, 100), 'km__n_clusters': 4}",0.5,0.5,0.636917181,0.5,0.655886736,0.558495304,0.071958812,131,0.5,0.5,0.65389083,0.5,0.662355023,0.563249171,0.077510326
288,1.195402002,0.253132437,0.007798624,0.003249448,0.0001,"(100, 25, 100)",5,"{'NN__alpha': 0.0001, 'NN__hidden_layer_sizes': (100, 25, 100), 'km__n_clusters': 5}",0.556499324,0.641690009,0.626697892,0.541664892,0.509388972,0.575199073,0.050741515,87,0.567772318,0.642162162,0.632039634,0.553159641,0.518576989,0.582742149,0.047280796
289,1.438599682,0.516944878,0.005200815,0.000748214,0.0001,"(100, 25, 100)",6,"{'NN__alpha': 0.0001, 'NN__hidden_layer_sizes': (100, 25, 100), 'km__n_clusters': 6}",0.5,0.669849758,0.632254631,0.525526932,0.597111632,0.584916911,0.063810321,58,0.5,0.652072072,0.645321361,0.551117795,0.622393064,0.594180858,0.059139046
290,1.77840004,0.499485322,0.008000803,0.003465007,0.0001,"(100, 25, 100)",7,"{'NN__alpha': 0.0001, 'NN__hidden_layer_sizes': (100, 25, 100), 'km__n_clusters': 7}",0.608392495,0.652703506,0.614094103,0.573635654,0.559058974,0.601601082,0.032877187,34,0.652846028,0.633447993,0.634986951,0.590646702,0.573024285,0.616990392,0.030024537
291,1.907401133,0.984098261,0.006400204,0.00149542,0.0001,"(100, 25, 100)",8,"{'NN__alpha': 0.0001, 'NN__hidden_layer_sizes': (100, 25, 100), 'km__n_clusters': 8}",0.594771242,0.5,0.514498616,0.501575474,0.650124193,0.55220619,0.060169955,150,0.665716041,0.5,0.510720573,0.504688371,0.676082187,0.571441434,0.081344037
292,1.740411568,0.643522789,0.008998251,0.003033701,0.0001,"(100, 25, 100)",9,"{'NN__alpha': 0.0001, 'NN__hidden_layer_sizes': (100, 25, 100), 'km__n_clusters': 9}",0.554315979,0.5,0.668504719,0.661187992,0.519033426,0.58055878,0.070972971,72,0.576766702,0.5,0.659538196,0.613736453,0.562739859,0.582556242,0.053179259
293,2.104838943,0.504065189,0.008200502,0.002400133,0.0001,"(100, 25, 100)",10,"{'NN__alpha': 0.0001, 'NN__hidden_layer_sizes': (100, 25, 100), 'km__n_clusters': 10}",0.5,0.582357185,0.529124973,0.648662267,0.640401675,0.580050342,0.058925611,73,0.5,0.596019656,0.527694962,0.643425045,0.66081258,0.585590449,0.062911987
294,2.444827938,0.643891741,0.009200287,0.002135797,0.0001,"(100, 25, 100)",15,"{'NN__alpha': 0.0001, 'NN__hidden_layer_sizes': (100, 25, 100), 'km__n_clusters': 15}",0.539553753,0.655440964,0.651351927,0.536207508,0.572635015,0.59102346,0.052504077,49,0.559538435,0.646814087,0.670163224,0.544042553,0.622889371,0.608689534,0.049049351
295,2.573199701,0.619134371,0.011800337,0.004399876,0.0001,"(100, 25, 100)",20,"{'NN__alpha': 0.0001, 'NN__hidden_layer_sizes': (100, 25, 100), 'km__n_clusters': 20}",0.628253888,0.662401324,0.639351359,0.636917181,0.581803988,0.629756608,0.02649072,3,0.653635779,0.628435708,0.656675808,0.648293891,0.59298005,0.636004247,0.023654107
296,3.093601561,0.8542571,0.00819912,0.00248222,0.0001,"(100, 25, 100)",25,"{'NN__alpha': 0.0001, 'NN__hidden_layer_sizes': (100, 25, 100), 'km__n_clusters': 25}",0.597250394,0.681881844,0.610084451,0.509580583,0.637186857,0.607217248,0.056755967,22,0.601643852,0.658558559,0.611560136,0.5166214,0.680452515,0.613767292,0.056643358
297,2.734399843,0.475636739,0.007799959,0.001326453,0.0001,"(100, 25, 100)",30,"{'NN__alpha': 0.0001, 'NN__hidden_layer_sizes': (100, 25, 100), 'km__n_clusters': 30}",0.657764255,0.647037603,0.598098077,0.656284153,0.630643673,0.637983692,0.022143881,1,0.634330759,0.624717445,0.611345601,0.650000885,0.642316981,0.632542334,0.013520899
298,2.857400799,0.556206545,0.009800053,0.002711421,0.0001,"(100, 25, 100)",35,"{'NN__alpha': 0.0001, 'NN__hidden_layer_sizes': (100, 25, 100), 'km__n_clusters': 35}",0.617337165,0.510822511,0.6114967,0.608970265,0.664239586,0.602550054,0.050123672,32,0.62036387,0.509451269,0.622969877,0.598361569,0.691287654,0.608486848,0.058510448
299,2.282410049,0.283347684,0.004798889,0.000748075,0.0001,"(100, 25, 100)",40,"{'NN__alpha': 0.0001, 'NN__hidden_layer_sizes': (100, 25, 100), 'km__n_clusters': 40}",0.514945346,0.634071811,0.542381662,0.623454687,0.656426088,0.594211638,0.055305348,44,0.532920908,0.654365274,0.550359623,0.62959747,0.623476357,0.598143926,0.047601007
