,mean_fit_time,std_fit_time,mean_score_time,std_score_time,param_NN__alpha,param_NN__hidden_layer_sizes,param_gmm__n_components,params,split0_test_score,split1_test_score,split2_test_score,split3_test_score,split4_test_score,mean_test_score,std_test_score,rank_test_score,split0_train_score,split1_train_score,split2_train_score,split3_train_score,split4_train_score,mean_train_score,std_train_score
0,0.920983124,0.227474292,0.008599901,0.00101938,0.1,"(50, 50)",2,"{'NN__alpha': 0.1, 'NN__hidden_layer_sizes': (50, 50), 'gmm__n_components': 2}",0.5,0.5,0.5,0.5,0.5,0.5,8.60E-17,77,0.5,0.5,0.5,0.5,0.5,0.5,4.97E-17
1,1.07023077,0.148993529,0.010200262,0.001600117,0.1,"(50, 50)",3,"{'NN__alpha': 0.1, 'NN__hidden_layer_sizes': (50, 50), 'gmm__n_components': 3}",0.5,0.5,0.5,0.5,0.5,0.5,8.60E-17,77,0.5,0.5,0.5,0.5,0.5,0.5,4.97E-17
2,1.716000509,0.114051448,0.009198618,0.001165658,0.1,"(50, 50)",4,"{'NN__alpha': 0.1, 'NN__hidden_layer_sizes': (50, 50), 'gmm__n_components': 4}",0.5,0.5,0.5,0.5,0.5,0.5,8.60E-17,77,0.5,0.5,0.5,0.5,0.5,0.5,4.97E-17
3,1.751618624,0.310101504,0.012799931,0.001720442,0.1,"(50, 50)",5,"{'NN__alpha': 0.1, 'NN__hidden_layer_sizes': (50, 50), 'gmm__n_components': 5}",0.5,0.5,0.5,0.5,0.5,0.5,8.60E-17,77,0.5,0.5,0.5,0.5,0.5,0.5,4.97E-17
4,2.050847673,0.368807526,0.014198923,0.002314614,0.1,"(50, 50)",6,"{'NN__alpha': 0.1, 'NN__hidden_layer_sizes': (50, 50), 'gmm__n_components': 6}",0.5,0.5,0.5,0.5,0.5,0.5,8.60E-17,77,0.5,0.5,0.5,0.5,0.5,0.5,4.97E-17
5,3.055608463,1.247006033,0.017001486,0.002190864,0.1,"(50, 50)",7,"{'NN__alpha': 0.1, 'NN__hidden_layer_sizes': (50, 50), 'gmm__n_components': 7}",0.5,0.5,0.5,0.5,0.5,0.5,8.60E-17,77,0.5,0.500802621,0.5,0.5,0.5,0.500160524,0.000321048
6,3.347399616,0.957030345,0.017800283,0.001939611,0.1,"(50, 50)",8,"{'NN__alpha': 0.1, 'NN__hidden_layer_sizes': (50, 50), 'gmm__n_components': 8}",0.5,0.5,0.5,0.5,0.5,0.5,8.60E-17,77,0.5,0.5,0.5,0.5,0.5,0.5,4.97E-17
7,2.97861886,0.590575556,0.022599077,0.002058861,0.1,"(50, 50)",9,"{'NN__alpha': 0.1, 'NN__hidden_layer_sizes': (50, 50), 'gmm__n_components': 9}",0.5,0.5,0.5,0.5,0.5,0.5,8.60E-17,77,0.5,0.5,0.5,0.5,0.5,0.5,4.97E-17
8,3.370245552,1.322890642,0.022201538,0.001325793,0.1,"(50, 50)",10,"{'NN__alpha': 0.1, 'NN__hidden_layer_sizes': (50, 50), 'gmm__n_components': 10}",0.5,0.5,0.500525158,0.5,0.5,0.500104914,0.000209975,69,0.5,0.5,0.501722918,0.503359579,0.5,0.501016499,0.001348248
9,4.24040699,1.253096379,0.030600548,0.003005668,0.1,"(50, 50)",15,"{'NN__alpha': 0.1, 'NN__hidden_layer_sizes': (50, 50), 'gmm__n_components': 15}",0.5,0.5,0.5,0.5,0.5,0.5,8.60E-17,77,0.5,0.5,0.5,0.5,0.5,0.5,4.97E-17
10,4.780199003,0.669510439,0.040801525,0.001938067,0.1,"(50, 50)",20,"{'NN__alpha': 0.1, 'NN__hidden_layer_sizes': (50, 50), 'gmm__n_components': 20}",0.5,0.5,0.5,0.526449507,0.51307927,0.507896916,0.010562801,15,0.5,0.5,0.5,0.546046357,0.530134029,0.515236077,0.019326854
11,5.853798962,1.563033602,0.048201323,0.002713066,0.1,"(50, 50)",25,"{'NN__alpha': 0.1, 'NN__hidden_layer_sizes': (50, 50), 'gmm__n_components': 25}",0.5,0.5,0.518302463,0.5,0.5,0.5036564,0.007317913,31,0.5,0.5,0.520041138,0.5,0.5,0.504008228,0.008016455
12,7.105443478,2.703407355,0.069600582,0.015357974,0.1,"(50, 50)",30,"{'NN__alpha': 0.1, 'NN__hidden_layer_sizes': (50, 50), 'gmm__n_components': 30}",0.5,0.5,0.510772834,0.5,0.5,0.502152158,0.004307326,45,0.5,0.5,0.553764321,0.5,0.5,0.510752864,0.021505728
13,6.825891972,2.114604888,0.072600174,0.009911967,0.1,"(50, 50)",35,"{'NN__alpha': 0.1, 'NN__hidden_layer_sizes': (50, 50), 'gmm__n_components': 35}",0.5,0.5,0.5,0.5,0.513270882,0.502651209,0.005306126,41,0.5,0.5,0.5,0.5,0.518629186,0.503725837,0.007451674
14,7.10924015,1.460672629,0.072398806,0.012160568,0.1,"(50, 50)",40,"{'NN__alpha': 0.1, 'NN__hidden_layer_sizes': (50, 50), 'gmm__n_components': 40}",0.5,0.5,0.5,0.5,0.5,0.5,8.60E-17,77,0.5,0.5,0.5,0.5,0.5,0.5,4.97E-17
15,0.750399637,0.27423704,0.008400249,0.003382397,0.1,"(50,)",2,"{'NN__alpha': 0.1, 'NN__hidden_layer_sizes': (50,), 'gmm__n_components': 2}",0.5,0.5,0.5,0.5,0.5,0.5,8.60E-17,77,0.5,0.5,0.5,0.5,0.498494714,0.499698943,0.000602114
16,1.153398752,0.202661497,0.010800028,0.002482224,0.1,"(50,)",3,"{'NN__alpha': 0.1, 'NN__hidden_layer_sizes': (50,), 'gmm__n_components': 3}",0.510705432,0.501591546,0.501050316,0.5,0.5,0.502675047,0.004068482,39,0.499546625,0.502014742,0.499853585,0.499590835,0.5,0.500201157,0.000922092
17,1.633227539,0.128925815,0.012598848,0.003497446,0.1,"(50,)",4,"{'NN__alpha': 0.1, 'NN__hidden_layer_sizes': (50,), 'gmm__n_components': 4}",0.5,0.5,0.5,0.5,0.5,0.5,8.60E-17,77,0.5,0.5,0.5,0.5,0.5,0.5,4.97E-17
18,1.616799307,0.344618446,0.010799265,0.002482393,0.1,"(50,)",5,"{'NN__alpha': 0.1, 'NN__hidden_layer_sizes': (50,), 'gmm__n_components': 5}",0.5,0.5,0.5,0.5,0.5,0.5,8.60E-17,77,0.5,0.5,0.5,0.5,0.5,0.5,4.97E-17
19,1.718801355,0.353567277,0.010798454,0.000981226,0.1,"(50,)",6,"{'NN__alpha': 0.1, 'NN__hidden_layer_sizes': (50,), 'gmm__n_components': 6}",0.5,0.5,0.5,0.5,0.5,0.5,8.60E-17,77,0.5,0.5,0.5,0.5,0.5,0.5,4.97E-17
20,3.128998709,1.38029494,0.013199997,0.002315762,0.1,"(50,)",7,"{'NN__alpha': 0.1, 'NN__hidden_layer_sizes': (50,), 'gmm__n_components': 7}",0.5,0.5,0.487488468,0.5,0.479880775,0.493481146,0.008345259,289,0.5,0.5,0.526677135,0.5,0.504150927,0.506165612,0.010381001
21,3.020399618,0.975949936,0.01479969,0.002313295,0.1,"(50,)",8,"{'NN__alpha': 0.1, 'NN__hidden_layer_sizes': (50,), 'gmm__n_components': 8}",0.5,0.5,0.490561351,0.5,0.514959903,0.501103016,0.007828841,63,0.5,0.5,0.496516123,0.502819038,0.506407307,0.501148494,0.00330281
22,2.47459898,0.443831898,0.017400312,0.001625007,0.1,"(50,)",9,"{'NN__alpha': 0.1, 'NN__hidden_layer_sizes': (50,), 'gmm__n_components': 9}",0.5,0.495204142,0.49000071,0.510964445,0.5,0.499232929,0.006928695,258,0.5,0.513071253,0.48915336,0.510299465,0.5,0.502504815,0.008523095
23,2.98440752,1.148072101,0.0204,0.002577551,0.1,"(50,)",10,"{'NN__alpha': 0.1, 'NN__hidden_layer_sizes': (50,), 'gmm__n_components': 10}",0.5,0.5,0.500525158,0.497643886,0.5,0.499634218,0.001015043,250,0.5,0.5,0.501722918,0.506538683,0.5,0.50165232,0.002532667
24,3.664031792,1.223743003,0.025799847,0.002135556,0.1,"(50,)",15,"{'NN__alpha': 0.1, 'NN__hidden_layer_sizes': (50,), 'gmm__n_components': 15}",0.5,0.5,0.5,0.5,0.5,0.5,8.60E-17,77,0.5,0.5,0.5,0.5,0.5,0.5,4.97E-17
25,4.167024088,0.733444099,0.033999538,0.00189728,0.1,"(50,)",20,"{'NN__alpha': 0.1, 'NN__hidden_layer_sizes': (50,), 'gmm__n_components': 20}",0.519072572,0.500530515,0.5,0.509339295,0.500461287,0.505888573,0.007469333,21,0.50475313,0.502932023,0.5,0.503906312,0.502905295,0.502899352,0.001603609
26,5.596065474,1.294570302,0.045998764,0.002607749,0.1,"(50,)",25,"{'NN__alpha': 0.1, 'NN__hidden_layer_sizes': (50,), 'gmm__n_components': 25}",0.489519946,0.522154316,0.5340572,0.506763182,0.515818608,0.513647819,0.014994778,4,0.52458465,0.549254709,0.548854337,0.541219534,0.535547397,0.539892125,0.009197138
27,6.659194231,2.885817877,0.054199743,0.004955336,0.1,"(50,)",30,"{'NN__alpha': 0.1, 'NN__hidden_layer_sizes': (50,), 'gmm__n_components': 30}",0.493393622,0.5,0.503676105,0.510169612,0.5,0.501441324,0.00548042,59,0.508043758,0.5,0.513014111,0.511756536,0.5,0.506562881,0.005602289
28,6.134155178,2.136671051,0.062800455,0.004833421,0.1,"(50,)",35,"{'NN__alpha': 0.1, 'NN__hidden_layer_sizes': (50,), 'gmm__n_components': 35}",0.500380325,0.508488244,0.5,0.502561919,0.501511603,0.502588971,0.003084595,42,0.51962677,0.515888616,0.5,0.516752776,0.511013403,0.512656313,0.006909377
29,7.01122489,1.313434373,0.071800041,0.008352051,0.1,"(50,)",40,"{'NN__alpha': 0.1, 'NN__hidden_layer_sizes': (50,), 'gmm__n_components': 40}",0.500718391,0.511671335,0.479447875,0.507813498,0.495174225,0.498971107,0.011293432,261,0.553308178,0.53022113,0.54081258,0.529635511,0.547243774,0.540244235,0.009305814
30,0.608798933,0.250479496,0.005000544,0.001094583,0.1,"(25,)",2,"{'NN__alpha': 0.1, 'NN__hidden_layer_sizes': (25,), 'gmm__n_components': 2}",0.5,0.5,0.5,0.5,0.5,0.5,8.60E-17,77,0.5,0.5,0.5,0.5,0.5,0.5,4.97E-17
31,0.908618879,0.098269347,0.007399797,0.00135532,0.1,"(25,)",3,"{'NN__alpha': 0.1, 'NN__hidden_layer_sizes': (25,), 'gmm__n_components': 3}",0.5,0.5,0.5,0.5,0.5,0.5,8.60E-17,77,0.5,0.5,0.5,0.5,0.5,0.5,4.97E-17
32,1.384199333,0.229304802,0.008000898,0.000894311,0.1,"(25,)",4,"{'NN__alpha': 0.1, 'NN__hidden_layer_sizes': (25,), 'gmm__n_components': 4}",0.46916554,0.5,0.5,0.493776169,0.5,0.492573644,0.011968153,290,0.500906751,0.5,0.500131375,0.498663246,0.5,0.499940274,0.000722293
33,1.379198933,0.357709713,0.010599947,0.0016256,0.1,"(25,)",5,"{'NN__alpha': 0.1, 'NN__hidden_layer_sizes': (25,), 'gmm__n_components': 5}",0.5,0.5,0.5,0.5,0.5,0.5,8.60E-17,77,0.5,0.5,0.5,0.5,0.5,0.5,4.97E-17
34,1.58259964,0.32580444,0.012000132,0.002097193,0.1,"(25,)",6,"{'NN__alpha': 0.1, 'NN__hidden_layer_sizes': (25,), 'gmm__n_components': 6}",0.51532567,0.486631016,0.48618267,0.509069619,0.501270314,0.499702639,0.011733651,242,0.492643618,0.487911548,0.499458575,0.509048967,0.50507365,0.498827271,0.007762595
35,2.657998991,1.389290681,0.01280098,0.001470496,0.1,"(25,)",7,"{'NN__alpha': 0.1, 'NN__hidden_layer_sizes': (25,), 'gmm__n_components': 7}",0.5,0.5,0.5,0.5,0.5,0.5,8.60E-17,77,0.5,0.5,0.5,0.5,0.5,0.5,4.97E-17
36,2.67319994,0.932756478,0.01359992,0.001019526,0.1,"(25,)",8,"{'NN__alpha': 0.1, 'NN__hidden_layer_sizes': (25,), 'gmm__n_components': 8}",0.499197093,0.5,0.494045845,0.501270314,0.491420055,0.497189209,0.003786845,277,0.491341991,0.5,0.500509577,0.51345247,0.49239041,0.49953889,0.007912427
37,2.395799875,0.562814168,0.014600086,0.000800575,0.1,"(25,)",9,"{'NN__alpha': 0.1, 'NN__hidden_layer_sizes': (25,), 'gmm__n_components': 9}",0.5,0.5,0.5,0.5,0.5,0.5,0,77,0.5,0.5,0.5,0.5,0.5,0.5,0
38,2.792824888,1.189130724,0.016999149,0.001265423,0.1,"(25,)",10,"{'NN__alpha': 0.1, 'NN__hidden_layer_sizes': (25,), 'gmm__n_components': 10}",0.5,0.5,0.5,0.5,0.5,0.5,8.60E-17,77,0.5,0.5,0.5,0.5,0.5,0.5,4.97E-17
39,3.604640007,0.887208894,0.02679987,0.003369743,0.1,"(25,)",15,"{'NN__alpha': 0.1, 'NN__hidden_layer_sizes': (25,), 'gmm__n_components': 15}",0.5,0.504286563,0.495607125,0.5,0.5,0.499980359,0.002744528,236,0.497265122,0.513677314,0.50331446,0.503637369,0.49972221,0.503523295,0.00559953
40,4.024659491,0.65473711,0.03740015,0.004499347,0.1,"(25,)",20,"{'NN__alpha': 0.1, 'NN__hidden_layer_sizes': (25,), 'gmm__n_components': 20}",0.501352265,0.500190985,0.503612235,0.437286211,0.495876801,0.487678572,0.02530383,300,0.519246519,0.508124488,0.516884151,0.505811917,0.505953023,0.51120402,0.005710988
41,4.621091366,0.843157531,0.041199064,0.002926178,0.1,"(25,)",25,"{'NN__alpha': 0.1, 'NN__hidden_layer_sizes': (25,), 'gmm__n_components': 25}",0.526270566,0.5,0.5019516,0.539621035,0.493974878,0.512369374,0.017521833,7,0.543026793,0.514791155,0.543687796,0.519812005,0.452225417,0.514708633,0.033382371
42,6.213669014,2.566619571,0.054200745,0.00526885,0.1,"(25,)",30,"{'NN__alpha': 0.1, 'NN__hidden_layer_sizes': (25,), 'gmm__n_components': 30}",0.487097138,0.538324421,0.497516145,0.496721311,0.495663899,0.503065822,0.018030303,36,0.53972154,0.511367731,0.539087451,0.511568983,0.5228155,0.524912241,0.012539095
43,5.778449106,2.053238736,0.063407183,0.001614688,0.1,"(25,)",35,"{'NN__alpha': 0.1, 'NN__hidden_layer_sizes': (25,), 'gmm__n_components': 35}",0.487970476,0.49337917,0.5,0.5,0.5,0.496262665,0.004880916,285,0.498318123,0.510548731,0.5,0.504324324,0.504324324,0.503503101,0.004246067
44,6.398680449,1.297102611,0.068400764,0.007526037,0.1,"(25,)",40,"{'NN__alpha': 0.1, 'NN__hidden_layer_sizes': (25,), 'gmm__n_components': 40}",0.538116971,0.522599949,0.495685189,0.512468952,0.491256831,0.512048969,0.017275413,8,0.55048555,0.519115479,0.534668908,0.538336798,0.56884549,0.542290445,0.016632068
45,0.72321744,0.204266169,0.007801342,0.002925405,0.1,"(25, 25)",2,"{'NN__alpha': 0.1, 'NN__hidden_layer_sizes': (25, 25), 'gmm__n_components': 2}",0.5,0.5,0.5,0.5,0.5,0.5,8.60E-17,77,0.5,0.5,0.5,0.5,0.5,0.5,4.97E-17
46,1.009799337,0.09513616,0.007199669,0.000400353,0.1,"(25, 25)",3,"{'NN__alpha': 0.1, 'NN__hidden_layer_sizes': (25, 25), 'gmm__n_components': 3}",0.5,0.5,0.5,0.5,0.5,0.5,8.60E-17,77,0.5,0.5,0.5,0.5,0.5,0.5,4.97E-17
47,1.599999714,0.268438469,0.010001326,0.001897053,0.1,"(25, 25)",4,"{'NN__alpha': 0.1, 'NN__hidden_layer_sizes': (25, 25), 'gmm__n_components': 4}",0.5,0.5,0.508693492,0.5,0.5,0.501736754,0.003475938,52,0.5,0.5,0.505467333,0.5,0.5,0.501093467,0.002186933
48,1.867599821,0.432522177,0.011999083,0.001999808,0.1,"(25, 25)",5,"{'NN__alpha': 0.1, 'NN__hidden_layer_sizes': (25, 25), 'gmm__n_components': 5}",0.487646495,0.5,0.512617983,0.494301327,0.5,0.498905168,0.008227855,262,0.488753364,0.5,0.511166011,0.488216482,0.498494714,0.497326114,0.008444353
49,1.828399754,0.408534902,0.013200474,0.001600003,0.1,"(25, 25)",6,"{'NN__alpha': 0.1, 'NN__hidden_layer_sizes': (25, 25), 'gmm__n_components': 6}",0.5,0.5,0.5,0.5,0.5,0.5,8.60E-17,77,0.5,0.5,0.5,0.5,0.5,0.5,4.97E-17
50,2.839826679,1.204209147,0.014998484,0.001997545,0.1,"(25, 25)",7,"{'NN__alpha': 0.1, 'NN__hidden_layer_sizes': (25, 25), 'gmm__n_components': 7}",0.5,0.5,0.5,0.5,0.5,0.5,8.60E-17,77,0.5,0.5,0.5,0.5,0.5,0.5,4.97E-17
51,3.035831738,0.635714567,0.01580863,0.001590595,0.1,"(25, 25)",8,"{'NN__alpha': 0.1, 'NN__hidden_layer_sizes': (25, 25), 'gmm__n_components': 8}",0.5,0.5,0.5,0.5,0.5,0.5,8.60E-17,77,0.5,0.5,0.5,0.5,0.5,0.5,4.97E-17
52,2.866599369,0.644832717,0.0191998,0.006431071,0.1,"(25, 25)",9,"{'NN__alpha': 0.1, 'NN__hidden_layer_sizes': (25, 25), 'gmm__n_components': 9}",0.5,0.5,0.489780711,0.5,0.5,0.497958428,0.004086001,273,0.5,0.5,0.517461848,0.5,0.5,0.50349237,0.006984739
53,3.141847324,1.226886041,0.021199322,0.002856905,0.1,"(25, 25)",10,"{'NN__alpha': 0.1, 'NN__hidden_layer_sizes': (25, 25), 'gmm__n_components': 10}",0.501281835,0.5,0.503612235,0.495415513,0.5,0.500062803,0.002670406,73,0.512753013,0.5,0.510908126,0.501906489,0.5,0.505113526,0.005559146
54,3.927859116,1.244216869,0.027198648,0.003708708,0.1,"(25, 25)",15,"{'NN__alpha': 0.1, 'NN__hidden_layer_sizes': (25, 25), 'gmm__n_components': 15}",0.5,0.5,0.5,0.5,0.5,0.5,8.60E-17,77,0.5,0.5,0.5,0.5,0.5,0.5,4.97E-17
55,4.682213831,0.795363444,0.038800097,0.006046208,0.1,"(25, 25)",20,"{'NN__alpha': 0.1, 'NN__hidden_layer_sizes': (25, 25), 'gmm__n_components': 20}",0.5,0.504329004,0.498360656,0.507416081,0.5,0.502020502,0.003345544,47,0.5,0.505929566,0.504031495,0.516767815,0.5,0.505345775,0.006159314
56,5.406598902,1.548985703,0.0589993,0.004381539,0.1,"(25, 25)",25,"{'NN__alpha': 0.1, 'NN__hidden_layer_sizes': (25, 25), 'gmm__n_components': 25}",0.5,0.5,0.5,0.5,0.499744518,0.499948961,0.00010215,238,0.5,0.5,0.5,0.5,0.517935153,0.503587031,0.007174061
57,7.132999277,2.496832055,0.063200521,0.008059338,0.1,"(25, 25)",30,"{'NN__alpha': 0.1, 'NN__hidden_layer_sizes': (25, 25), 'gmm__n_components': 30}",0.5,0.502610135,0.498772266,0.482173018,0.5,0.496715734,0.007373431,284,0.50487013,0.509271089,0.549556332,0.497315433,0.50972973,0.514148543,0.018256339
58,6.62680645,2.219312984,0.060599613,0.005571941,0.1,"(25, 25)",35,"{'NN__alpha': 0.1, 'NN__hidden_layer_sizes': (25, 25), 'gmm__n_components': 35}",0.5,0.49337917,0.5,0.5,0.5,0.498674847,0.002649072,266,0.5,0.51013923,0.5,0.5,0.5,0.502027846,0.004055692
59,6.692495823,1.304500905,0.069808102,0.008973873,0.1,"(25, 25)",40,"{'NN__alpha': 0.1, 'NN__hidden_layer_sizes': (25, 25), 'gmm__n_components': 40}",0.536384381,0.493485273,0.5,0.491611667,0.510233482,0.506360562,0.01638511,17,0.525900901,0.518951679,0.504324324,0.50798381,0.506411289,0.512714401,0.008310096
60,1.164598942,0.196540464,0.01120019,0.002926038,0.1,"(100, 25, 100)",2,"{'NN__alpha': 0.1, 'NN__hidden_layer_sizes': (100, 25, 100), 'gmm__n_components': 2}",0.5,0.5,0.5,0.5,0.5,0.5,8.60E-17,77,0.5,0.5,0.5,0.5,0.5,0.5,4.97E-17
61,1.485873032,0.127874132,0.012399769,0.001494751,0.1,"(100, 25, 100)",3,"{'NN__alpha': 0.1, 'NN__hidden_layer_sizes': (100, 25, 100), 'gmm__n_components': 3}",0.5,0.5,0.5,0.5,0.5,0.5,8.60E-17,77,0.5,0.5,0.5,0.5,0.5,0.5,4.97E-17
62,1.849623442,0.182771257,0.012998247,0.003847158,0.1,"(100, 25, 100)",4,"{'NN__alpha': 0.1, 'NN__hidden_layer_sizes': (100, 25, 100), 'gmm__n_components': 4}",0.5,0.5,0.5,0.5,0.5,0.5,8.60E-17,77,0.5,0.5,0.5,0.5,0.5,0.5,4.97E-17
63,1.844814634,0.361647769,0.012199688,0.001940299,0.1,"(100, 25, 100)",5,"{'NN__alpha': 0.1, 'NN__hidden_layer_sizes': (100, 25, 100), 'gmm__n_components': 5}",0.5,0.5,0.5,0.5,0.5,0.5,8.60E-17,77,0.5,0.5,0.5,0.5,0.5,0.5,4.97E-17
64,1.958998632,0.195774345,0.015000582,0.002190884,0.1,"(100, 25, 100)",6,"{'NN__alpha': 0.1, 'NN__hidden_layer_sizes': (100, 25, 100), 'gmm__n_components': 6}",0.5,0.5,0.5,0.5,0.5,0.5,8.60E-17,77,0.5,0.5,0.5,0.5,0.5,0.5,4.97E-17
65,3.075998831,1.422267012,0.01780076,0.001720717,0.1,"(100, 25, 100)",7,"{'NN__alpha': 0.1, 'NN__hidden_layer_sizes': (100, 25, 100), 'gmm__n_components': 7}",0.5,0.5,0.5,0.5,0.5,0.5,8.60E-17,77,0.5,0.5,0.5,0.5,0.5,0.5,4.97E-17
66,3.264398527,0.599722727,0.018200684,0.000979608,0.1,"(100, 25, 100)",8,"{'NN__alpha': 0.1, 'NN__hidden_layer_sizes': (100, 25, 100), 'gmm__n_components': 8}",0.5,0.5,0.5,0.5,0.5,0.5,8.60E-17,77,0.5,0.5,0.5,0.5,0.5,0.5,4.97E-17
67,3.020599413,0.584327804,0.020999908,0.001265272,0.1,"(100, 25, 100)",9,"{'NN__alpha': 0.1, 'NN__hidden_layer_sizes': (100, 25, 100), 'gmm__n_components': 9}",0.5,0.5,0.5,0.5,0.5,0.5,8.60E-17,77,0.5,0.5,0.5,0.5,0.5,0.5,4.97E-17
68,3.199829912,1.213904587,0.023787785,0.002213874,0.1,"(100, 25, 100)",10,"{'NN__alpha': 0.1, 'NN__hidden_layer_sizes': (100, 25, 100), 'gmm__n_components': 10}",0.5,0.5,0.5,0.5,0.5,0.5,8.60E-17,77,0.5,0.5,0.5,0.5,0.5,0.5,4.97E-17
69,4.31164732,1.15714985,0.030393791,0.002726821,0.1,"(100, 25, 100)",15,"{'NN__alpha': 0.1, 'NN__hidden_layer_sizes': (100, 25, 100), 'gmm__n_components': 15}",0.5,0.5,0.5,0.5,0.5,0.5,8.60E-17,77,0.5,0.5,0.5,0.5,0.5,0.5,4.97E-17
70,4.429207659,0.476318384,0.042400122,0.009393133,0.1,"(100, 25, 100)",20,"{'NN__alpha': 0.1, 'NN__hidden_layer_sizes': (100, 25, 100), 'gmm__n_components': 20}",0.5,0.5,0.5,0.5,0.5,0.5,8.60E-17,77,0.5,0.5,0.5,0.5,0.5,0.5,4.97E-17
71,7.074429798,2.11995523,0.056599665,0.008451158,0.1,"(100, 25, 100)",25,"{'NN__alpha': 0.1, 'NN__hidden_layer_sizes': (100, 25, 100), 'gmm__n_components': 25}",0.5,0.5,0.5,0.5,0.5,0.5,8.60E-17,77,0.5,0.5,0.5,0.5,0.5,0.5,4.97E-17
72,8.549628925,3.279654856,0.074802446,0.017657899,0.1,"(100, 25, 100)",30,"{'NN__alpha': 0.1, 'NN__hidden_layer_sizes': (100, 25, 100), 'gmm__n_components': 30}",0.5,0.5,0.5,0.5,0.5,0.5,8.60E-17,77,0.5,0.5,0.5,0.5,0.5,0.5,4.97E-17
73,7.349199295,2.19817808,0.069800425,0.011178142,0.1,"(100, 25, 100)",35,"{'NN__alpha': 0.1, 'NN__hidden_layer_sizes': (100, 25, 100), 'gmm__n_components': 35}",0.5,0.5,0.5,0.5,0.5,0.5,8.60E-17,77,0.5,0.5,0.5,0.5,0.5,0.5,4.97E-17
74,6.744999647,1.545964781,0.07079916,0.004790636,0.1,"(100, 25, 100)",40,"{'NN__alpha': 0.1, 'NN__hidden_layer_sizes': (100, 25, 100), 'gmm__n_components': 40}",0.497774397,0.5,0.5,0.5,0.5,0.499553718,0.000891111,254,0.507341757,0.5,0.50026275,0.5,0.500803291,0.50168156,0.002845259
75,0.899798918,0.244228395,0.008400965,0.000799811,0.01,"(50, 50)",2,"{'NN__alpha': 0.01, 'NN__hidden_layer_sizes': (50, 50), 'gmm__n_components': 2}",0.5,0.5,0.5,0.5,0.5,0.5,8.60E-17,77,0.5,0.5,0.5,0.5,0.5,0.5,4.97E-17
76,1.091199112,0.139994065,0.008600569,0.000801254,0.01,"(50, 50)",3,"{'NN__alpha': 0.01, 'NN__hidden_layer_sizes': (50, 50), 'gmm__n_components': 3}",0.5,0.5,0.5,0.5,0.5,0.5,8.60E-17,77,0.5,0.5,0.5,0.5,0.5,0.5,4.97E-17
77,1.680600119,0.152722508,0.011000538,0.00089351,0.01,"(50, 50)",4,"{'NN__alpha': 0.01, 'NN__hidden_layer_sizes': (50, 50), 'gmm__n_components': 4}",0.5,0.5,0.5,0.5,0.5,0.5,8.60E-17,77,0.5,0.5,0.5,0.5,0.5,0.5,4.97E-17
78,1.581397915,0.325895826,0.011801624,0.000747984,0.01,"(50, 50)",5,"{'NN__alpha': 0.01, 'NN__hidden_layer_sizes': (50, 50), 'gmm__n_components': 5}",0.5,0.5,0.5,0.5,0.5,0.5,8.60E-17,77,0.5,0.5,0.5,0.5,0.5,0.5,4.97E-17
79,1.92039876,0.373253642,0.013600779,0.002938718,0.01,"(50, 50)",6,"{'NN__alpha': 0.01, 'NN__hidden_layer_sizes': (50, 50), 'gmm__n_components': 6}",0.5,0.5,0.5,0.5,0.5,0.5,8.60E-17,77,0.5,0.5,0.5,0.5,0.5,0.5,4.97E-17
80,2.625200224,1.070668826,0.014799643,0.001469653,0.01,"(50, 50)",7,"{'NN__alpha': 0.01, 'NN__hidden_layer_sizes': (50, 50), 'gmm__n_components': 7}",0.5,0.5,0.5,0.5,0.5,0.5,8.60E-17,77,0.5,0.500802621,0.5,0.5,0.5,0.500160524,0.000321048
81,3.032198334,0.894711336,0.014998674,0.001674197,0.01,"(50, 50)",8,"{'NN__alpha': 0.01, 'NN__hidden_layer_sizes': (50, 50), 'gmm__n_components': 8}",0.5,0.5,0.5,0.5,0.5,0.5,8.60E-17,77,0.5,0.5,0.5,0.5,0.5,0.5,4.97E-17
82,2.657399321,0.615511664,0.016799116,0.001600612,0.01,"(50, 50)",9,"{'NN__alpha': 0.01, 'NN__hidden_layer_sizes': (50, 50), 'gmm__n_components': 9}",0.5,0.5,0.5,0.5,0.5,0.5,8.60E-17,77,0.5,0.5,0.5,0.5,0.5,0.5,4.97E-17
83,2.803399324,0.797967165,0.018999338,0.001999975,0.01,"(50, 50)",10,"{'NN__alpha': 0.01, 'NN__hidden_layer_sizes': (50, 50), 'gmm__n_components': 10}",0.5,0.5,0.500525158,0.5,0.5,0.500104914,0.000209975,69,0.5,0.5,0.501722918,0.503359579,0.5,0.501016499,0.001348248
84,3.772799969,1.070423783,0.026999331,0.000896283,0.01,"(50, 50)",15,"{'NN__alpha': 0.01, 'NN__hidden_layer_sizes': (50, 50), 'gmm__n_components': 15}",0.5,0.5,0.5,0.5,0.5,0.5,8.60E-17,77,0.5,0.5,0.5,0.5,0.5,0.5,4.97E-17
85,3.973798513,0.607470762,0.035201025,0.005306422,0.01,"(50, 50)",20,"{'NN__alpha': 0.01, 'NN__hidden_layer_sizes': (50, 50), 'gmm__n_components': 20}",0.5,0.5,0.5,0.528869491,0.51307927,0.508380371,0.01142137,13,0.5,0.5,0.5,0.535138232,0.530134029,0.513054452,0.016066496
86,5.148798513,1.177384601,0.044800186,0.002992415,0.01,"(50, 50)",25,"{'NN__alpha': 0.01, 'NN__hidden_layer_sizes': (50, 50), 'gmm__n_components': 25}",0.5,0.5,0.518302463,0.5,0.5,0.5036564,0.007317913,31,0.5,0.5,0.520041138,0.5,0.5,0.504008228,0.008016455
87,6.499597263,2.4881749,0.056600189,0.007115415,0.01,"(50, 50)",30,"{'NN__alpha': 0.01, 'NN__hidden_layer_sizes': (50, 50), 'gmm__n_components': 30}",0.5,0.5,0.508161238,0.5,0.5,0.501630422,0.003263125,56,0.5,0.5,0.589225461,0.5,0.5,0.517845092,0.035690184
88,6.130399561,2.010230964,0.066599512,0.00440908,0.01,"(50, 50)",35,"{'NN__alpha': 0.01, 'NN__hidden_layer_sizes': (50, 50), 'gmm__n_components': 35}",0.503225716,0.5,0.5,0.5,0.515435384,0.503730451,0.005980564,28,0.518178893,0.5,0.5,0.5,0.518629186,0.507361616,0.009017226
89,6.205000162,1.143585162,0.065598965,0.007760956,0.01,"(50, 50)",40,"{'NN__alpha': 0.01, 'NN__hidden_layer_sizes': (50, 50), 'gmm__n_components': 40}",0.5,0.5,0.5,0.5,0.5,0.5,8.60E-17,77,0.5,0.5,0.5,0.5,0.5,0.5,4.97E-17
90,0.718199062,0.253151868,0.007000923,0.000894789,0.01,"(50,)",2,"{'NN__alpha': 0.01, 'NN__hidden_layer_sizes': (50,), 'gmm__n_components': 2}",0.5,0.5,0.5,0.5,0.5,0.5,8.60E-17,77,0.5,0.5,0.5,0.5,0.498494714,0.499698943,0.000602114
91,1.003198051,0.170469396,0.008200169,0.000978499,0.01,"(50,)",3,"{'NN__alpha': 0.01, 'NN__hidden_layer_sizes': (50,), 'gmm__n_components': 3}",0.510705432,0.501591546,0.501050316,0.5,0.5,0.502675047,0.004068482,39,0.499546625,0.502014742,0.50026275,0.5,0.5,0.500364823,0.000856539
92,1.373000002,0.154287931,0.008999538,0.001415393,0.01,"(50,)",4,"{'NN__alpha': 0.01, 'NN__hidden_layer_sizes': (50,), 'gmm__n_components': 4}",0.5,0.5,0.5,0.5,0.5,0.5,8.60E-17,77,0.5,0.5,0.5,0.5,0.5,0.5,4.97E-17
93,1.437999964,0.298039742,0.011200047,0.001719966,0.01,"(50,)",5,"{'NN__alpha': 0.01, 'NN__hidden_layer_sizes': (50,), 'gmm__n_components': 5}",0.5,0.5,0.5,0.5,0.5,0.5,8.60E-17,77,0.5,0.5,0.5,0.5,0.5,0.5,4.97E-17
94,1.599999523,0.364779368,0.011800861,0.001939798,0.01,"(50,)",6,"{'NN__alpha': 0.01, 'NN__hidden_layer_sizes': (50,), 'gmm__n_components': 6}",0.5,0.5,0.5,0.5,0.5,0.5,8.60E-17,77,0.5,0.5,0.5,0.5,0.5,0.5,4.97E-17
95,2.603598452,0.936734229,0.012799549,0.002226816,0.01,"(50,)",7,"{'NN__alpha': 0.01, 'NN__hidden_layer_sizes': (50,), 'gmm__n_components': 7}",0.5,0.5,0.487488468,0.494173586,0.479880775,0.492317166,0.007739166,291,0.5,0.5,0.526677135,0.508753041,0.504150927,0.507916221,0.009921519
96,2.958599329,0.815556407,0.013801003,0.002314637,0.01,"(50,)",8,"{'NN__alpha': 0.01, 'NN__hidden_layer_sizes': (50,), 'gmm__n_components': 8}",0.5,0.5,0.490561351,0.5,0.514959903,0.501103016,0.007828841,63,0.5,0.5,0.496516123,0.502819038,0.506407307,0.501148494,0.00330281
97,2.335399961,0.27907646,0.0154006,0.00162509,0.01,"(50,)",9,"{'NN__alpha': 0.01, 'NN__hidden_layer_sizes': (50,), 'gmm__n_components': 9}",0.5,0.495204142,0.492165212,0.510964445,0.5,0.499665345,0.006385254,246,0.5,0.513071253,0.490643606,0.510299465,0.5,0.502802865,0.008064719
98,2.770199871,1.0417764,0.019198704,0.001939856,0.01,"(50,)",10,"{'NN__alpha': 0.01, 'NN__hidden_layer_sizes': (50,), 'gmm__n_components': 10}",0.5,0.5,0.500525158,0.497643886,0.5,0.499634218,0.001015043,250,0.5,0.5,0.501722918,0.506538683,0.5,0.50165232,0.002532667
99,3.381217432,1.201615117,0.032999992,0.006543271,0.01,"(50,)",15,"{'NN__alpha': 0.01, 'NN__hidden_layer_sizes': (50,), 'gmm__n_components': 15}",0.5,0.5,0.5,0.5,0.5,0.5,8.60E-17,77,0.5,0.5,0.5,0.5,0.5,0.5,4.97E-17
100,4.162144184,0.713807155,0.033400059,0.003613146,0.01,"(50,)",20,"{'NN__alpha': 0.01, 'NN__hidden_layer_sizes': (50,), 'gmm__n_components': 20}",0.519072572,0.500530515,0.5,0.509339295,0.500461287,0.505888573,0.007469333,21,0.50475313,0.502932023,0.5,0.503906312,0.502905295,0.502899352,0.001603609
101,5.770325136,1.475215761,0.044600344,0.003665899,0.01,"(50,)",25,"{'NN__alpha': 0.01, 'NN__hidden_layer_sizes': (50,), 'gmm__n_components': 25}",0.489519946,0.522154316,0.5340572,0.506763182,0.515818608,0.513647819,0.014994778,4,0.52458465,0.549254709,0.548854337,0.541219534,0.535547397,0.539892125,0.009197138
102,6.789061213,2.875333258,0.053599834,0.007552581,0.01,"(50,)",30,"{'NN__alpha': 0.01, 'NN__hidden_layer_sizes': (50,), 'gmm__n_components': 30}",0.493393622,0.5,0.503676105,0.510169612,0.5,0.501441324,0.00548042,59,0.508043758,0.5,0.513014111,0.511756536,0.5,0.506562881,0.005602289
103,6.816869164,2.231669669,0.072600126,0.010365152,0.01,"(50,)",35,"{'NN__alpha': 0.01, 'NN__hidden_layer_sizes': (50,), 'gmm__n_components': 35}",0.500380325,0.508488244,0.5,0.502561919,0.501511603,0.502588971,0.003084595,42,0.51962677,0.515888616,0.5,0.516752776,0.511013403,0.512656313,0.006909377
104,7.650821924,1.468969048,0.080000305,0.003097839,0.01,"(50,)",40,"{'NN__alpha': 0.01, 'NN__hidden_layer_sizes': (50,), 'gmm__n_components': 40}",0.499084404,0.511671335,0.479447875,0.507813498,0.495174225,0.498643457,0.011261645,270,0.553308178,0.53022113,0.54081258,0.529635511,0.547243774,0.540244235,0.009305814
105,0.626800013,0.264109989,0.004799414,0.000748979,0.01,"(25,)",2,"{'NN__alpha': 0.01, 'NN__hidden_layer_sizes': (25,), 'gmm__n_components': 2}",0.5,0.5,0.5,0.5,0.5,0.5,8.60E-17,77,0.5,0.5,0.5,0.5,0.5,0.5,4.97E-17
106,0.971399021,0.149512061,0.00800004,0.001265913,0.01,"(25,)",3,"{'NN__alpha': 0.01, 'NN__hidden_layer_sizes': (25,), 'gmm__n_components': 3}",0.5,0.5,0.5,0.5,0.5,0.5,8.60E-17,77,0.5,0.5,0.5,0.5,0.5,0.5,4.97E-17
107,1.563398027,0.181999627,0.009000731,0.001788778,0.01,"(25,)",4,"{'NN__alpha': 0.01, 'NN__hidden_layer_sizes': (25,), 'gmm__n_components': 4}",0.46916554,0.498366013,0.498360656,0.493776169,0.498360656,0.491591599,0.011370769,294,0.500906751,0.5,0.500671916,0.498663246,0.50026275,0.500100933,0.000784689
108,1.514798975,0.325081946,0.010200453,0.001469782,0.01,"(25,)",5,"{'NN__alpha': 0.01, 'NN__hidden_layer_sizes': (25,), 'gmm__n_components': 5}",0.5,0.5,0.5,0.5,0.5,0.5,8.60E-17,77,0.5,0.5,0.5,0.5,0.5,0.5,4.97E-17
109,1.80540061,0.383732668,0.012598848,0.001625923,0.01,"(25,)",6,"{'NN__alpha': 0.01, 'NN__hidden_layer_sizes': (25,), 'gmm__n_components': 6}",0.51532567,0.486631016,0.48618267,0.509069619,0.501270314,0.499702639,0.011733651,242,0.492643618,0.487911548,0.499458575,0.509048967,0.50507365,0.498827271,0.007762595
110,3.073005867,1.750306703,0.014399815,0.00079999,0.01,"(25,)",7,"{'NN__alpha': 0.01, 'NN__hidden_layer_sizes': (25,), 'gmm__n_components': 7}",0.5,0.5,0.5,0.5,0.5,0.5,8.60E-17,77,0.5,0.5,0.5,0.5,0.5,0.5,4.97E-17
111,3.10500617,1.064769756,0.016200399,0.001720573,0.01,"(25,)",8,"{'NN__alpha': 0.01, 'NN__hidden_layer_sizes': (25,), 'gmm__n_components': 8}",0.499197093,0.5,0.494045845,0.501270314,0.491420055,0.497189209,0.003786845,277,0.491341991,0.5,0.500509577,0.51345247,0.49239041,0.49953889,0.007912427
112,2.787628508,0.713243849,0.016400528,0.001355791,0.01,"(25,)",9,"{'NN__alpha': 0.01, 'NN__hidden_layer_sizes': (25,), 'gmm__n_components': 9}",0.5,0.5,0.5,0.5,0.5,0.5,0,77,0.5,0.5,0.5,0.5,0.5,0.5,0
113,3.171214104,1.245081734,0.017399693,0.000489962,0.01,"(25,)",10,"{'NN__alpha': 0.01, 'NN__hidden_layer_sizes': (25,), 'gmm__n_components': 10}",0.5,0.5,0.5,0.5,0.5,0.5,8.60E-17,77,0.5,0.5,0.5,0.5,0.5,0.5,4.97E-17
114,4.172197247,1.235150849,0.026601028,0.003198975,0.01,"(25,)",15,"{'NN__alpha': 0.01, 'NN__hidden_layer_sizes': (25,), 'gmm__n_components': 15}",0.5,0.504286563,0.495607125,0.5,0.5,0.499980359,0.002744528,236,0.497265122,0.513677314,0.50331446,0.503637369,0.49972221,0.503523295,0.00559953
115,4.491354132,0.927131516,0.03950367,0.00405515,0.01,"(25,)",20,"{'NN__alpha': 0.01, 'NN__hidden_layer_sizes': (25,), 'gmm__n_components': 20}",0.501352265,0.500190985,0.503612235,0.439450713,0.495876801,0.488110989,0.024442828,297,0.519246519,0.508124488,0.516884151,0.505811917,0.505953023,0.51120402,0.005710988
116,5.423075724,1.148256302,0.048999453,0.002281796,0.01,"(25,)",25,"{'NN__alpha': 0.01, 'NN__hidden_layer_sizes': (25,), 'gmm__n_components': 25}",0.526270566,0.5,0.500312256,0.539621035,0.493974878,0.512041872,0.017727604,10,0.543026793,0.514791155,0.543687796,0.519812005,0.452225417,0.514708633,0.033382371
117,7.397624969,3.20810028,0.065799999,0.007651815,0.01,"(25,)",30,"{'NN__alpha': 0.01, 'NN__hidden_layer_sizes': (25,), 'gmm__n_components': 30}",0.487097138,0.538324421,0.497516145,0.496721311,0.494024555,0.50273832,0.018176076,38,0.53972154,0.511367731,0.543411775,0.511568983,0.5228155,0.525777106,0.013591915
118,6.373439693,2.327502591,0.071400309,0.004542682,0.01,"(25,)",35,"{'NN__alpha': 0.01, 'NN__hidden_layer_sizes': (25,), 'gmm__n_components': 35}",0.487970476,0.49337917,0.5,0.5,0.5,0.496262665,0.004880916,285,0.498318123,0.51013923,0.5,0.504324324,0.504324324,0.5034212,0.004111185
119,7.080999517,1.730131775,0.076400185,0.008189031,0.01,"(25,)",40,"{'NN__alpha': 0.01, 'NN__hidden_layer_sizes': (25,), 'gmm__n_components': 40}",0.538116971,0.522599949,0.495685189,0.512468952,0.491256831,0.512048969,0.017275413,8,0.55048555,0.518869779,0.534668908,0.538336798,0.56884549,0.542241305,0.016700688
120,0.798599911,0.26274796,0.007599211,0.001854952,0.01,"(25, 25)",2,"{'NN__alpha': 0.01, 'NN__hidden_layer_sizes': (25, 25), 'gmm__n_components': 2}",0.5,0.5,0.5,0.5,0.5,0.5,8.60E-17,77,0.5,0.5,0.5,0.5,0.5,0.5,4.97E-17
121,1.143199253,0.106555878,0.009400034,0.001855978,0.01,"(25, 25)",3,"{'NN__alpha': 0.01, 'NN__hidden_layer_sizes': (25, 25), 'gmm__n_components': 3}",0.5,0.5,0.5,0.5,0.5,0.5,8.60E-17,77,0.5,0.5,0.5,0.5,0.5,0.5,4.97E-17
122,1.714198875,0.220739311,0.011799908,0.00271339,0.01,"(25, 25)",4,"{'NN__alpha': 0.01, 'NN__hidden_layer_sizes': (25, 25), 'gmm__n_components': 4}",0.5,0.5,0.508693492,0.5,0.5,0.501736754,0.003475938,52,0.5,0.5,0.506007874,0.5,0.5,0.501201575,0.002403149
123,1.826800585,0.426616965,0.011998606,0.000894045,0.01,"(25, 25)",5,"{'NN__alpha': 0.01, 'NN__hidden_layer_sizes': (25, 25), 'gmm__n_components': 5}",0.487646495,0.5,0.512617983,0.494301327,0.5,0.498905168,0.008227855,262,0.488753364,0.5,0.511166011,0.488216482,0.498494714,0.497326114,0.008444353
124,1.839798641,0.430608729,0.014199352,0.00193813,0.01,"(25, 25)",6,"{'NN__alpha': 0.01, 'NN__hidden_layer_sizes': (25, 25), 'gmm__n_components': 6}",0.5,0.5,0.5,0.5,0.5,0.5,8.60E-17,77,0.5,0.5,0.5,0.5,0.5,0.5,4.97E-17
125,3.002430153,1.272198401,0.014999866,0.000633616,0.01,"(25, 25)",7,"{'NN__alpha': 0.01, 'NN__hidden_layer_sizes': (25, 25), 'gmm__n_components': 7}",0.5,0.5,0.5,0.5,0.5,0.5,8.60E-17,77,0.5,0.5,0.5,0.5,0.5,0.5,4.97E-17
126,3.182371235,0.920436247,0.015799713,0.001327222,0.01,"(25, 25)",8,"{'NN__alpha': 0.01, 'NN__hidden_layer_sizes': (25, 25), 'gmm__n_components': 8}",0.5,0.5,0.5,0.5,0.5,0.5,8.60E-17,77,0.5,0.5,0.5,0.5,0.5,0.5,4.97E-17
127,2.90663538,0.684479465,0.019399309,0.004029561,0.01,"(25, 25)",9,"{'NN__alpha': 0.01, 'NN__hidden_layer_sizes': (25, 25), 'gmm__n_components': 9}",0.5,0.5,0.489780711,0.5,0.5,0.497958428,0.004086001,273,0.5,0.5,0.518280179,0.5,0.5,0.503656036,0.007312071
128,3.171807575,1.293584067,0.02040062,0.002577066,0.01,"(25, 25)",10,"{'NN__alpha': 0.01, 'NN__hidden_layer_sizes': (25, 25), 'gmm__n_components': 10}",0.501281835,0.5,0.503612235,0.495415513,0.5,0.500062803,0.002670406,73,0.512753013,0.5,0.510908126,0.501906489,0.5,0.505113526,0.005559146
129,4.004640961,1.186993436,0.028599024,0.002575711,0.01,"(25, 25)",15,"{'NN__alpha': 0.01, 'NN__hidden_layer_sizes': (25, 25), 'gmm__n_components': 15}",0.5,0.5,0.5,0.5,0.5,0.5,8.60E-17,77,0.5,0.5,0.5,0.5,0.5,0.5,4.97E-17
130,4.619847584,0.619123787,0.035000134,0.003794182,0.01,"(25, 25)",20,"{'NN__alpha': 0.01, 'NN__hidden_layer_sizes': (25, 25), 'gmm__n_components': 20}",0.5,0.504329004,0.498360656,0.507416081,0.5,0.502020502,0.003345544,47,0.5,0.505929566,0.504031495,0.516767815,0.5,0.505345775,0.006159314
131,5.149618959,1.086080135,0.046398687,0.004127837,0.01,"(25, 25)",25,"{'NN__alpha': 0.01, 'NN__hidden_layer_sizes': (25, 25), 'gmm__n_components': 25}",0.5,0.5,0.5,0.5,0.499744518,0.499948961,0.00010215,238,0.5,0.5,0.5,0.5,0.517935153,0.503587031,0.007174061
132,7.135599661,2.858456827,0.058800745,0.007547238,0.01,"(25, 25)",30,"{'NN__alpha': 0.01, 'NN__hidden_layer_sizes': (25, 25), 'gmm__n_components': 30}",0.5,0.502610135,0.498772266,0.482173018,0.502036761,0.497122631,0.007596275,281,0.50487013,0.507944308,0.553880656,0.497315433,0.520844429,0.516970991,0.019957854
133,6.265204716,2.162792133,0.060201216,0.008257316,0.01,"(25, 25)",35,"{'NN__alpha': 0.01, 'NN__hidden_layer_sizes': (25, 25), 'gmm__n_components': 35}",0.5,0.49337917,0.5,0.5,0.5,0.498674847,0.002649072,266,0.5,0.51013923,0.5,0.5,0.504324324,0.502892711,0.003991613
134,6.217025089,1.426353231,0.068399525,0.003498323,0.01,"(25, 25)",40,"{'NN__alpha': 0.01, 'NN__hidden_layer_sizes': (25, 25), 'gmm__n_components': 40}",0.536384381,0.493485273,0.5,0.491611667,0.510233482,0.506360562,0.01638511,17,0.525900901,0.518951679,0.504324324,0.50798381,0.506411289,0.512714401,0.008310096
135,1.107400608,0.243672579,0.01119957,0.002134266,0.01,"(100, 25, 100)",2,"{'NN__alpha': 0.01, 'NN__hidden_layer_sizes': (100, 25, 100), 'gmm__n_components': 2}",0.5,0.5,0.5,0.5,0.5,0.5,8.60E-17,77,0.5,0.5,0.5,0.5,0.5,0.5,4.97E-17
136,1.354217672,0.105044671,0.00920043,0.001328401,0.01,"(100, 25, 100)",3,"{'NN__alpha': 0.01, 'NN__hidden_layer_sizes': (100, 25, 100), 'gmm__n_components': 3}",0.5,0.5,0.5,0.5,0.5,0.5,8.60E-17,77,0.5,0.5,0.5,0.5,0.5,0.5,4.97E-17
137,1.651600218,0.190310027,0.011599016,0.001020938,0.01,"(100, 25, 100)",4,"{'NN__alpha': 0.01, 'NN__hidden_layer_sizes': (100, 25, 100), 'gmm__n_components': 4}",0.5,0.5,0.5,0.5,0.5,0.5,8.60E-17,77,0.5,0.5,0.5,0.5,0.5,0.5,4.97E-17
138,1.682799053,0.285595958,0.013001776,0.002447269,0.01,"(100, 25, 100)",5,"{'NN__alpha': 0.01, 'NN__hidden_layer_sizes': (100, 25, 100), 'gmm__n_components': 5}",0.5,0.5,0.5,0.5,0.5,0.5,8.60E-17,77,0.5,0.5,0.5,0.5,0.5,0.5,4.97E-17
139,1.918398714,0.300879688,0.014999866,0.001897582,0.01,"(100, 25, 100)",6,"{'NN__alpha': 0.01, 'NN__hidden_layer_sizes': (100, 25, 100), 'gmm__n_components': 6}",0.5,0.5,0.5,0.5,0.5,0.5,8.60E-17,77,0.5,0.5,0.5,0.5,0.5,0.5,4.97E-17
140,2.694202614,1.062255151,0.016396332,0.002576045,0.01,"(100, 25, 100)",7,"{'NN__alpha': 0.01, 'NN__hidden_layer_sizes': (100, 25, 100), 'gmm__n_components': 7}",0.5,0.5,0.5,0.5,0.5,0.5,8.60E-17,77,0.5,0.5,0.5,0.5,0.5,0.5,4.97E-17
141,3.150199986,0.844162461,0.016799116,0.00312446,0.01,"(100, 25, 100)",8,"{'NN__alpha': 0.01, 'NN__hidden_layer_sizes': (100, 25, 100), 'gmm__n_components': 8}",0.5,0.5,0.5,0.5,0.5,0.5,8.60E-17,77,0.5,0.5,0.5,0.5,0.5,0.5,4.97E-17
142,2.719199228,0.293138604,0.017599726,0.001854908,0.01,"(100, 25, 100)",9,"{'NN__alpha': 0.01, 'NN__hidden_layer_sizes': (100, 25, 100), 'gmm__n_components': 9}",0.5,0.5,0.5,0.5,0.5,0.5,8.60E-17,77,0.5,0.5,0.5,0.5,0.5,0.5,4.97E-17
143,2.99599824,1.046589316,0.020601082,0.001743203,0.01,"(100, 25, 100)",10,"{'NN__alpha': 0.01, 'NN__hidden_layer_sizes': (100, 25, 100), 'gmm__n_components': 10}",0.5,0.5,0.5,0.5,0.5,0.5,8.60E-17,77,0.5,0.5,0.5,0.5,0.5,0.5,4.97E-17
144,3.754599333,1.065002738,0.027200031,0.00360086,0.01,"(100, 25, 100)",15,"{'NN__alpha': 0.01, 'NN__hidden_layer_sizes': (100, 25, 100), 'gmm__n_components': 15}",0.5,0.5,0.5,0.5,0.5,0.5,8.60E-17,77,0.5,0.5,0.5,0.5,0.5,0.5,4.97E-17
145,4.250599623,0.952651741,0.034799814,0.00193873,0.01,"(100, 25, 100)",20,"{'NN__alpha': 0.01, 'NN__hidden_layer_sizes': (100, 25, 100), 'gmm__n_components': 20}",0.5,0.5,0.5,0.519558583,0.5,0.503907343,0.007820151,25,0.5,0.5,0.5,0.544691467,0.5,0.508938293,0.017876587
146,4.915999079,1.374003085,0.048200083,0.005306287,0.01,"(100, 25, 100)",25,"{'NN__alpha': 0.01, 'NN__hidden_layer_sizes': (100, 25, 100), 'gmm__n_components': 25}",0.5,0.5,0.5,0.5,0.5,0.5,8.60E-17,77,0.5,0.5,0.5,0.5,0.5,0.5,4.97E-17
147,6.45361886,2.718111425,0.055000448,0.006065303,0.01,"(100, 25, 100)",30,"{'NN__alpha': 0.01, 'NN__hidden_layer_sizes': (100, 25, 100), 'gmm__n_components': 30}",0.5,0.5,0.5,0.5,0.5,0.5,8.60E-17,77,0.5,0.5,0.5,0.5,0.5,0.5,4.97E-17
148,6.054432011,2.044438236,0.06860075,0.00705847,0.01,"(100, 25, 100)",35,"{'NN__alpha': 0.01, 'NN__hidden_layer_sizes': (100, 25, 100), 'gmm__n_components': 35}",0.5,0.5,0.5,0.5,0.5,0.5,8.60E-17,77,0.5,0.5,0.5,0.5,0.5,0.5,4.97E-17
149,6.143799543,1.044239243,0.062600613,0.009707046,0.01,"(100, 25, 100)",40,"{'NN__alpha': 0.01, 'NN__hidden_layer_sizes': (100, 25, 100), 'gmm__n_components': 40}",0.497774397,0.5,0.5,0.5,0.5,0.499553718,0.000891111,254,0.507341757,0.5,0.50026275,0.5,0.500803291,0.50168156,0.002845259
150,0.814798164,0.219867396,0.009801006,0.00159861,0.001,"(50, 50)",2,"{'NN__alpha': 0.001, 'NN__hidden_layer_sizes': (50, 50), 'gmm__n_components': 2}",0.5,0.5,0.5,0.5,0.5,0.5,8.60E-17,77,0.5,0.5,0.5,0.5,0.5,0.5,4.97E-17
151,1.075198126,0.103983708,0.00840044,0.001357395,0.001,"(50, 50)",3,"{'NN__alpha': 0.001, 'NN__hidden_layer_sizes': (50, 50), 'gmm__n_components': 3}",0.5,0.5,0.5,0.5,0.5,0.5,8.60E-17,77,0.5,0.5,0.5,0.5,0.5,0.5,4.97E-17
152,1.606799746,0.15307607,0.009201527,0.001469355,0.001,"(50, 50)",4,"{'NN__alpha': 0.001, 'NN__hidden_layer_sizes': (50, 50), 'gmm__n_components': 4}",0.5,0.5,0.5,0.5,0.5,0.5,8.60E-17,77,0.5,0.5,0.5,0.5,0.5,0.5,4.97E-17
153,1.560398912,0.350067295,0.010400391,0.001623763,0.001,"(50, 50)",5,"{'NN__alpha': 0.001, 'NN__hidden_layer_sizes': (50, 50), 'gmm__n_components': 5}",0.5,0.5,0.5,0.5,0.5,0.5,8.60E-17,77,0.5,0.5,0.5,0.5,0.5,0.5,4.97E-17
154,1.782599306,0.302393867,0.011201,0.001166859,0.001,"(50, 50)",6,"{'NN__alpha': 0.001, 'NN__hidden_layer_sizes': (50, 50), 'gmm__n_components': 6}",0.5,0.5,0.5,0.5,0.5,0.5,8.60E-17,77,0.5,0.5,0.5,0.5,0.5,0.5,4.97E-17
155,2.647999048,1.238868698,0.014199066,0.001468895,0.001,"(50, 50)",7,"{'NN__alpha': 0.001, 'NN__hidden_layer_sizes': (50, 50), 'gmm__n_components': 7}",0.5,0.5,0.5,0.5,0.5,0.5,8.60E-17,77,0.5,0.500802621,0.5,0.5,0.5,0.500160524,0.000321048
156,2.898399019,0.844234349,0.015200567,0.001940654,0.001,"(50, 50)",8,"{'NN__alpha': 0.001, 'NN__hidden_layer_sizes': (50, 50), 'gmm__n_components': 8}",0.5,0.5,0.5,0.5,0.5,0.5,8.60E-17,77,0.5,0.5,0.5,0.5,0.5,0.5,4.97E-17
157,2.691799307,0.46378433,0.020999956,0.003160978,0.001,"(50, 50)",9,"{'NN__alpha': 0.001, 'NN__hidden_layer_sizes': (50, 50), 'gmm__n_components': 9}",0.5,0.5,0.5,0.5,0.5,0.5,8.60E-17,77,0.5,0.5,0.5,0.5,0.5,0.5,4.97E-17
158,3.162800312,1.182511664,0.023999119,0.003405939,0.001,"(50, 50)",10,"{'NN__alpha': 0.001, 'NN__hidden_layer_sizes': (50, 50), 'gmm__n_components': 10}",0.5,0.5,0.500525158,0.5,0.5,0.500104914,0.000209975,69,0.5,0.5,0.501722918,0.503359579,0.5,0.501016499,0.001348248
159,4.215606117,1.090198321,0.031208467,0.004918273,0.001,"(50, 50)",15,"{'NN__alpha': 0.001, 'NN__hidden_layer_sizes': (50, 50), 'gmm__n_components': 15}",0.5,0.5,0.5,0.508927684,0.5,0.50178354,0.003569575,50,0.5,0.5,0.5,0.510686513,0.5,0.502137303,0.004274605
160,4.565828228,0.846967166,0.040600777,0.005884251,0.001,"(50, 50)",20,"{'NN__alpha': 0.001, 'NN__hidden_layer_sizes': (50, 50), 'gmm__n_components': 20}",0.5,0.5,0.5,0.528869491,0.51307927,0.508380371,0.01142137,13,0.5,0.5,0.5,0.535138232,0.530134029,0.513054452,0.016066496
161,5.371014833,1.279249115,0.045800018,0.003310205,0.001,"(50, 50)",25,"{'NN__alpha': 0.001, 'NN__hidden_layer_sizes': (50, 50), 'gmm__n_components': 25}",0.5,0.5,0.518302463,0.5,0.5,0.5036564,0.007317913,31,0.5,0.5,0.520041138,0.5,0.5,0.504008228,0.008016455
162,7.281197929,2.727286361,0.058000803,0.004146344,0.001,"(50, 50)",30,"{'NN__alpha': 0.001, 'NN__hidden_layer_sizes': (50, 50), 'gmm__n_components': 30}",0.5,0.5,0.508161238,0.5,0.5,0.501630422,0.003263125,56,0.5,0.5,0.589225461,0.5,0.5,0.517845092,0.035690184
163,6.655196953,2.311495434,0.070001221,0.007322274,0.001,"(50, 50)",35,"{'NN__alpha': 0.001, 'NN__hidden_layer_sizes': (50, 50), 'gmm__n_components': 35}",0.503225716,0.5,0.5,0.5,0.515435384,0.503730451,0.005980564,28,0.518178893,0.5,0.5,0.5,0.518629186,0.507361616,0.009017226
164,7.095199013,1.607591093,0.080400515,0.010267388,0.001,"(50, 50)",40,"{'NN__alpha': 0.001, 'NN__hidden_layer_sizes': (50, 50), 'gmm__n_components': 40}",0.5,0.5,0.5,0.5,0.5,0.5,8.60E-17,77,0.5,0.5,0.5,0.5,0.5,0.5,4.97E-17
165,0.824599457,0.288917479,0.009000158,0.000894683,0.001,"(50,)",2,"{'NN__alpha': 0.001, 'NN__hidden_layer_sizes': (50,), 'gmm__n_components': 2}",0.5,0.5,0.5,0.5,0.5,0.5,8.60E-17,77,0.5,0.5,0.5,0.5,0.498494714,0.499698943,0.000602114
166,1.16619873,0.184239798,0.00940094,0.001958633,0.001,"(50,)",3,"{'NN__alpha': 0.001, 'NN__hidden_layer_sizes': (50,), 'gmm__n_components': 3}",0.5,0.501591546,0.501050316,0.5,0.5,0.500528375,0.000669468,67,0.5,0.502014742,0.50026275,0.5,0.5,0.500455498,0.000786235
167,1.651398993,0.202900367,0.013801908,0.004621293,0.001,"(50,)",4,"{'NN__alpha': 0.001, 'NN__hidden_layer_sizes': (50,), 'gmm__n_components': 4}",0.5,0.5,0.5,0.5,0.5,0.5,8.60E-17,77,0.5,0.5,0.5,0.5,0.5,0.5,4.97E-17
168,1.661199665,0.337009616,0.012999392,0.002097193,0.001,"(50,)",5,"{'NN__alpha': 0.001, 'NN__hidden_layer_sizes': (50,), 'gmm__n_components': 5}",0.5,0.5,0.5,0.5,0.5,0.5,8.60E-17,77,0.5,0.5,0.5,0.5,0.5,0.5,4.97E-17
169,1.794199228,0.314150734,0.012200308,0.001166597,0.001,"(50,)",6,"{'NN__alpha': 0.001, 'NN__hidden_layer_sizes': (50,), 'gmm__n_components': 6}",0.5,0.5,0.5,0.5,0.5,0.5,8.60E-17,77,0.5,0.5,0.5,0.5,0.5,0.5,4.97E-17
170,3.173020649,1.362226561,0.015401363,0.001854261,0.001,"(50,)",7,"{'NN__alpha': 0.001, 'NN__hidden_layer_sizes': (50,), 'gmm__n_components': 7}",0.5,0.5,0.487488468,0.494173586,0.479880775,0.492317166,0.007739166,291,0.5,0.5,0.526677135,0.508753041,0.504150927,0.507916221,0.009921519
171,3.110836363,0.659449726,0.015999269,0.001413943,0.001,"(50,)",8,"{'NN__alpha': 0.001, 'NN__hidden_layer_sizes': (50,), 'gmm__n_components': 8}",0.5,0.5,0.490561351,0.5,0.514959903,0.501103016,0.007828841,63,0.5,0.5,0.496516123,0.502819038,0.506407307,0.501148494,0.00330281
172,2.822006512,0.628433903,0.017399788,0.002498395,0.001,"(50,)",9,"{'NN__alpha': 0.001, 'NN__hidden_layer_sizes': (50,), 'gmm__n_components': 9}",0.5,0.495204142,0.492165212,0.510964445,0.5,0.499665345,0.006385254,246,0.5,0.513071253,0.490643606,0.510299465,0.5,0.502802865,0.008064719
173,3.04303503,1.212142204,0.021799469,0.00306021,0.001,"(50,)",10,"{'NN__alpha': 0.001, 'NN__hidden_layer_sizes': (50,), 'gmm__n_components': 10}",0.5,0.5,0.500525158,0.497643886,0.5,0.499634218,0.001015043,250,0.5,0.5,0.501722918,0.506538683,0.5,0.50165232,0.002532667
174,3.939612722,1.073018608,0.029400492,0.002415783,0.001,"(50,)",15,"{'NN__alpha': 0.001, 'NN__hidden_layer_sizes': (50,), 'gmm__n_components': 15}",0.5,0.5,0.5,0.5,0.5,0.5,8.60E-17,77,0.5,0.5,0.5,0.5,0.5,0.5,4.97E-17
175,4.3331985,0.736881832,0.041801643,0.002314971,0.001,"(50,)",20,"{'NN__alpha': 0.001, 'NN__hidden_layer_sizes': (50,), 'gmm__n_components': 20}",0.519072572,0.500530515,0.5,0.509339295,0.500461287,0.505888573,0.007469333,21,0.50475313,0.502932023,0.5,0.503906312,0.502905295,0.502899352,0.001603609
176,5.913598776,1.557785275,0.050799227,0.002713688,0.001,"(50,)",25,"{'NN__alpha': 0.001, 'NN__hidden_layer_sizes': (50,), 'gmm__n_components': 25}",0.489519946,0.522154316,0.5340572,0.506763182,0.515563125,0.513596779,0.014987736,6,0.52458465,0.549254709,0.548854337,0.541219534,0.55348255,0.543479156,0.010241345
177,6.872219372,3.137161683,0.058602047,0.005425856,0.001,"(50,)",30,"{'NN__alpha': 0.001, 'NN__hidden_layer_sizes': (50,), 'gmm__n_components': 30}",0.493393622,0.5,0.503676105,0.510169612,0.5,0.501441324,0.00548042,59,0.508043758,0.5,0.513014111,0.511756536,0.5,0.506562881,0.005602289
178,6.495635939,2.304893683,0.074799681,0.011973202,0.001,"(50,)",35,"{'NN__alpha': 0.001, 'NN__hidden_layer_sizes': (50,), 'gmm__n_components': 35}",0.500380325,0.508488244,0.5,0.50197289,0.501511603,0.502471297,0.003094602,44,0.51962677,0.515888616,0.5,0.517525988,0.511013403,0.512810955,0.007007291
179,7.677829027,1.730802924,0.079599857,0.008357085,0.001,"(50,)",40,"{'NN__alpha': 0.001, 'NN__hidden_layer_sizes': (50,), 'gmm__n_components': 40}",0.499084404,0.511671335,0.479447875,0.505648996,0.495174225,0.498211041,0.010938147,272,0.553308178,0.53022113,0.54081258,0.529635511,0.547243774,0.540244235,0.009305814
180,0.608798933,0.260182094,0.005201674,0.000979357,0.001,"(25,)",2,"{'NN__alpha': 0.001, 'NN__hidden_layer_sizes': (25,), 'gmm__n_components': 2}",0.5,0.5,0.5,0.5,0.5,0.5,8.60E-17,77,0.5,0.5,0.5,0.5,0.5,0.5,4.97E-17
181,0.947821856,0.152159718,0.008199739,0.000978733,0.001,"(25,)",3,"{'NN__alpha': 0.001, 'NN__hidden_layer_sizes': (25,), 'gmm__n_components': 3}",0.5,0.5,0.5,0.5,0.5,0.5,8.60E-17,77,0.5,0.5,0.5,0.5,0.5,0.5,4.97E-17
182,1.461999941,0.18846492,0.008999205,0.001095975,0.001,"(25,)",4,"{'NN__alpha': 0.001, 'NN__hidden_layer_sizes': (25,), 'gmm__n_components': 4}",0.46916554,0.498366013,0.496721311,0.493776169,0.498360656,0.491264096,0.011193313,295,0.500906751,0.5,0.500671916,0.498663246,0.500394126,0.500127208,0.000791834
183,1.496398878,0.277199959,0.010799837,0.000749209,0.001,"(25,)",5,"{'NN__alpha': 0.001, 'NN__hidden_layer_sizes': (25,), 'gmm__n_components': 5}",0.5,0.5,0.5,0.5,0.5,0.5,8.60E-17,77,0.5,0.5,0.5,0.5,0.5,0.5,4.97E-17
184,1.685598993,0.354009112,0.012599897,0.002245252,0.001,"(25,)",6,"{'NN__alpha': 0.001, 'NN__hidden_layer_sizes': (25,), 'gmm__n_components': 6}",0.51532567,0.486631016,0.48618267,0.509069619,0.501270314,0.499702639,0.011733651,242,0.492643618,0.487911548,0.499458575,0.509048967,0.50507365,0.498827271,0.007762595
185,2.966200399,1.530025384,0.015399647,0.001496257,0.001,"(25,)",7,"{'NN__alpha': 0.001, 'NN__hidden_layer_sizes': (25,), 'gmm__n_components': 7}",0.5,0.5,0.5,0.5,0.5,0.5,8.60E-17,77,0.5,0.5,0.5,0.5,0.5,0.5,4.97E-17
186,2.741998434,0.813253264,0.013800335,0.002227,0.001,"(25,)",8,"{'NN__alpha': 0.001, 'NN__hidden_layer_sizes': (25,), 'gmm__n_components': 8}",0.499197093,0.5,0.494045845,0.501270314,0.491420055,0.497189209,0.003786845,277,0.491341991,0.5,0.500509577,0.51345247,0.49239041,0.49953889,0.007912427
187,2.620797777,0.451894257,0.016200781,0.001469387,0.001,"(25,)",9,"{'NN__alpha': 0.001, 'NN__hidden_layer_sizes': (25,), 'gmm__n_components': 9}",0.5,0.5,0.5,0.5,0.5,0.5,0,77,0.5,0.5,0.5,0.5,0.5,0.5,0
188,2.852614403,1.207425669,0.017399025,0.001018964,0.001,"(25,)",10,"{'NN__alpha': 0.001, 'NN__hidden_layer_sizes': (25,), 'gmm__n_components': 10}",0.5,0.5,0.5,0.5,0.5,0.5,8.60E-17,77,0.5,0.5,0.5,0.5,0.5,0.5,4.97E-17
189,3.947235537,1.101928403,0.026599884,0.004029871,0.001,"(25,)",15,"{'NN__alpha': 0.001, 'NN__hidden_layer_sizes': (25,), 'gmm__n_components': 15}",0.5,0.504286563,0.493967781,0.5,0.5,0.499652857,0.003290373,248,0.497265122,0.513677314,0.502905295,0.503228204,0.49972221,0.503359629,0.005604501
190,4.041805077,0.735125878,0.036401033,0.003261551,0.001,"(25,)",20,"{'NN__alpha': 0.001, 'NN__hidden_layer_sizes': (25,), 'gmm__n_components': 20}",0.501352265,0.500190985,0.503612235,0.439450713,0.495876801,0.488110989,0.024442828,297,0.519246519,0.508124488,0.516884151,0.505811917,0.505953023,0.51120402,0.005710988
191,4.787805653,0.921647879,0.046600056,0.009790975,0.001,"(25,)",25,"{'NN__alpha': 0.001, 'NN__hidden_layer_sizes': (25,), 'gmm__n_components': 25}",0.526270566,0.5,0.500312256,0.539621035,0.493974878,0.512041872,0.017727604,10,0.542617293,0.514791155,0.543687796,0.519812005,0.452225417,0.514626733,0.033313226
192,6.55562501,2.757573806,0.058001852,0.008602727,0.001,"(25,)",30,"{'NN__alpha': 0.001, 'NN__hidden_layer_sizes': (25,), 'gmm__n_components': 30}",0.487097138,0.538324421,0.497516145,0.496721311,0.496189057,0.503170736,0.017988407,35,0.53972154,0.511367731,0.543411775,0.511568983,0.5228155,0.525777106,0.013591915
193,5.854849577,2.12560152,0.07079854,0.008375654,0.001,"(25,)",35,"{'NN__alpha': 0.001, 'NN__hidden_layer_sizes': (25,), 'gmm__n_components': 35}",0.487970476,0.49337917,0.5,0.5,0.5,0.496262665,0.004880916,285,0.498318123,0.51013923,0.5,0.504324324,0.504324324,0.5034212,0.004111185
194,6.277871275,1.181558328,0.065400743,0.008187569,0.001,"(25,)",40,"{'NN__alpha': 0.001, 'NN__hidden_layer_sizes': (25,), 'gmm__n_components': 40}",0.538116971,0.522599949,0.506110283,0.512468952,0.491256831,0.514131656,0.015737003,2,0.55048555,0.518869779,0.531530942,0.538336798,0.56884549,0.541613712,0.017029188
195,0.693600225,0.191479431,0.006399393,0.001495669,0.001,"(25, 25)",2,"{'NN__alpha': 0.001, 'NN__hidden_layer_sizes': (25, 25), 'gmm__n_components': 2}",0.5,0.5,0.5,0.5,0.5,0.5,8.60E-17,77,0.5,0.5,0.5,0.5,0.5,0.5,4.97E-17
196,1.01599946,0.088277886,0.007799482,0.000978715,0.001,"(25, 25)",3,"{'NN__alpha': 0.001, 'NN__hidden_layer_sizes': (25, 25), 'gmm__n_components': 3}",0.5,0.5,0.5,0.5,0.5,0.5,8.60E-17,77,0.5,0.5,0.5,0.5,0.5,0.5,4.97E-17
197,1.489422178,0.206360695,0.011800575,0.002711751,0.001,"(25, 25)",4,"{'NN__alpha': 0.001, 'NN__hidden_layer_sizes': (25, 25), 'gmm__n_components': 4}",0.5,0.5,0.508693492,0.5,0.5,0.501736754,0.003475938,52,0.5,0.5,0.506007874,0.5,0.5,0.501201575,0.002403149
198,1.656249332,0.394912281,0.009000492,0.001790484,0.001,"(25, 25)",5,"{'NN__alpha': 0.001, 'NN__hidden_layer_sizes': (25, 25), 'gmm__n_components': 5}",0.487646495,0.5,0.512617983,0.494301327,0.5,0.498905168,0.008227855,262,0.488753364,0.5,0.511166011,0.488216482,0.498494714,0.497326114,0.008444353
199,1.625814962,0.269215063,0.011601257,0.001019618,0.001,"(25, 25)",6,"{'NN__alpha': 0.001, 'NN__hidden_layer_sizes': (25, 25), 'gmm__n_components': 6}",0.5,0.5,0.5,0.5,0.5,0.5,8.60E-17,77,0.5,0.5,0.5,0.5,0.5,0.5,4.97E-17
200,2.728218937,1.33302825,0.01320138,0.001167014,0.001,"(25, 25)",7,"{'NN__alpha': 0.001, 'NN__hidden_layer_sizes': (25, 25), 'gmm__n_components': 7}",0.5,0.5,0.5,0.5,0.5,0.5,8.60E-17,77,0.5,0.5,0.5,0.5,0.5,0.5,4.97E-17
201,2.727432632,0.644727707,0.015200615,0.00193905,0.001,"(25, 25)",8,"{'NN__alpha': 0.001, 'NN__hidden_layer_sizes': (25, 25), 'gmm__n_components': 8}",0.5,0.5,0.5,0.5,0.5,0.5,8.60E-17,77,0.5,0.5,0.5,0.5,0.5,0.5,4.97E-17
202,2.585198307,0.60101973,0.017800331,0.002038894,0.001,"(25, 25)",9,"{'NN__alpha': 0.001, 'NN__hidden_layer_sizes': (25, 25), 'gmm__n_components': 9}",0.5,0.5,0.489780711,0.5,0.5,0.497958428,0.004086001,273,0.5,0.5,0.517871013,0.5,0.5,0.503574203,0.007148405
203,2.783432627,1.12633993,0.017400599,0.00241806,0.001,"(25, 25)",10,"{'NN__alpha': 0.001, 'NN__hidden_layer_sizes': (25, 25), 'gmm__n_components': 10}",0.501281835,0.5,0.503612235,0.495415513,0.5,0.500062803,0.002670406,73,0.512753013,0.5,0.510908126,0.501906489,0.5,0.505113526,0.005559146
204,3.466424894,1.003250328,0.025000238,0.003463878,0.001,"(25, 25)",15,"{'NN__alpha': 0.001, 'NN__hidden_layer_sizes': (25, 25), 'gmm__n_components': 15}",0.5,0.5,0.5,0.5,0.5,0.5,8.60E-17,77,0.5,0.5,0.5,0.5,0.5,0.5,4.97E-17
205,4.117448997,0.749298208,0.032600403,0.001851947,0.001,"(25, 25)",20,"{'NN__alpha': 0.001, 'NN__hidden_layer_sizes': (25, 25), 'gmm__n_components': 20}",0.5,0.504329004,0.498360656,0.507416081,0.5,0.502020502,0.003345544,47,0.5,0.505929566,0.504031495,0.516767815,0.5,0.505345775,0.006159314
206,4.550114727,1.064173808,0.046201324,0.007251574,0.001,"(25, 25)",25,"{'NN__alpha': 0.001, 'NN__hidden_layer_sizes': (25, 25), 'gmm__n_components': 25}",0.5,0.5,0.5,0.5,0.499744518,0.499948961,0.00010215,238,0.5,0.5,0.5,0.5,0.517935153,0.503587031,0.007174061
207,6.405927038,2.415659106,0.054799223,0.005844709,0.001,"(25, 25)",30,"{'NN__alpha': 0.001, 'NN__hidden_layer_sizes': (25, 25), 'gmm__n_components': 30}",0.5,0.502610135,0.498772266,0.482173018,0.502036761,0.497122631,0.007596275,281,0.50487013,0.507944308,0.553880656,0.497315433,0.520844429,0.516970991,0.019957854
208,5.829666328,1.988435405,0.062600327,0.006183902,0.001,"(25, 25)",35,"{'NN__alpha': 0.001, 'NN__hidden_layer_sizes': (25, 25), 'gmm__n_components': 35}",0.5,0.49337917,0.5,0.5,0.5,0.498674847,0.002649072,266,0.5,0.51013923,0.5,0.5,0.504324324,0.502892711,0.003991613
209,6.076040077,1.219349491,0.066199446,0.010438667,0.001,"(25, 25)",40,"{'NN__alpha': 0.001, 'NN__hidden_layer_sizes': (25, 25), 'gmm__n_components': 40}",0.536384381,0.493485273,0.5,0.491611667,0.510233482,0.506360562,0.01638511,17,0.525900901,0.518951679,0.504324324,0.50798381,0.506411289,0.512714401,0.008310096
210,1.110599947,0.190733772,0.010003757,0.001675178,0.001,"(100, 25, 100)",2,"{'NN__alpha': 0.001, 'NN__hidden_layer_sizes': (100, 25, 100), 'gmm__n_components': 2}",0.5,0.5,0.5,0.5,0.5,0.5,8.60E-17,77,0.5,0.5,0.5,0.5,0.5,0.5,4.97E-17
211,1.532798862,0.131131315,0.012201023,0.002315267,0.001,"(100, 25, 100)",3,"{'NN__alpha': 0.001, 'NN__hidden_layer_sizes': (100, 25, 100), 'gmm__n_components': 3}",0.5,0.5,0.5,0.5,0.5,0.5,8.60E-17,77,0.5,0.5,0.5,0.5,0.5,0.5,4.97E-17
212,1.918801069,0.192390466,0.012598228,0.001854944,0.001,"(100, 25, 100)",4,"{'NN__alpha': 0.001, 'NN__hidden_layer_sizes': (100, 25, 100), 'gmm__n_components': 4}",0.5,0.5,0.5,0.5,0.5,0.5,8.60E-17,77,0.5,0.5,0.5,0.5,0.5,0.5,4.97E-17
213,1.946999836,0.405660328,0.013399601,0.001200994,0.001,"(100, 25, 100)",5,"{'NN__alpha': 0.001, 'NN__hidden_layer_sizes': (100, 25, 100), 'gmm__n_components': 5}",0.5,0.5,0.5,0.5,0.5,0.5,8.60E-17,77,0.5,0.5,0.5,0.5,0.5,0.5,4.97E-17
214,2.094800329,0.375888273,0.015599871,0.002416285,0.001,"(100, 25, 100)",6,"{'NN__alpha': 0.001, 'NN__hidden_layer_sizes': (100, 25, 100), 'gmm__n_components': 6}",0.5,0.5,0.5,0.5,0.5,0.5,8.60E-17,77,0.5,0.5,0.5,0.5,0.5,0.5,4.97E-17
215,3.248600101,1.59326083,0.019800186,0.002038053,0.001,"(100, 25, 100)",7,"{'NN__alpha': 0.001, 'NN__hidden_layer_sizes': (100, 25, 100), 'gmm__n_components': 7}",0.5,0.5,0.5,0.5,0.5,0.5,8.60E-17,77,0.5,0.5,0.5,0.5,0.5,0.5,4.97E-17
216,3.352000475,0.719288194,0.018998814,0.002828088,0.001,"(100, 25, 100)",8,"{'NN__alpha': 0.001, 'NN__hidden_layer_sizes': (100, 25, 100), 'gmm__n_components': 8}",0.5,0.5,0.5,0.5,0.5,0.5,8.60E-17,77,0.5,0.5,0.5,0.5,0.5,0.5,4.97E-17
217,3.133198881,0.592324906,0.021599817,0.002058458,0.001,"(100, 25, 100)",9,"{'NN__alpha': 0.001, 'NN__hidden_layer_sizes': (100, 25, 100), 'gmm__n_components': 9}",0.5,0.5,0.5,0.5,0.5,0.5,8.60E-17,77,0.5,0.5,0.5,0.5,0.5,0.5,4.97E-17
218,3.489799261,1.220447793,0.027600288,0.002497001,0.001,"(100, 25, 100)",10,"{'NN__alpha': 0.001, 'NN__hidden_layer_sizes': (100, 25, 100), 'gmm__n_components': 10}",0.5,0.5,0.5,0.5,0.5,0.5,8.60E-17,77,0.5,0.5,0.5,0.5,0.5,0.5,4.97E-17
219,4.44359951,1.205657397,0.036800098,0.006242187,0.001,"(100, 25, 100)",15,"{'NN__alpha': 0.001, 'NN__hidden_layer_sizes': (100, 25, 100), 'gmm__n_components': 15}",0.5,0.5,0.5,0.5,0.5,0.5,8.60E-17,77,0.5,0.5,0.5,0.5,0.5,0.5,4.97E-17
220,4.990199471,1.193723304,0.043198586,0.006013405,0.001,"(100, 25, 100)",20,"{'NN__alpha': 0.001, 'NN__hidden_layer_sizes': (100, 25, 100), 'gmm__n_components': 20}",0.5,0.5,0.5,0.519558583,0.5,0.503907343,0.007820151,25,0.5,0.5,0.5,0.544691467,0.5,0.508938293,0.017876587
221,5.616199064,1.408953633,0.055799294,0.006046971,0.001,"(100, 25, 100)",25,"{'NN__alpha': 0.001, 'NN__hidden_layer_sizes': (100, 25, 100), 'gmm__n_components': 25}",0.5,0.5,0.5,0.5,0.5,0.5,8.60E-17,77,0.5,0.5,0.5,0.5,0.5,0.5,4.97E-17
222,7.147598505,2.568504364,0.062998676,0.003286707,0.001,"(100, 25, 100)",30,"{'NN__alpha': 0.001, 'NN__hidden_layer_sizes': (100, 25, 100), 'gmm__n_components': 30}",0.5,0.5,0.5,0.5,0.5,0.5,8.60E-17,77,0.5,0.5,0.5,0.5,0.5,0.5,4.97E-17
223,7.085599613,2.216415506,0.071800518,0.006145604,0.001,"(100, 25, 100)",35,"{'NN__alpha': 0.001, 'NN__hidden_layer_sizes': (100, 25, 100), 'gmm__n_components': 35}",0.5,0.5,0.5,0.5,0.5,0.5,8.60E-17,77,0.5,0.5,0.5,0.5,0.5,0.5,4.97E-17
224,7.622799301,1.822657024,0.072400141,0.009090661,0.001,"(100, 25, 100)",40,"{'NN__alpha': 0.001, 'NN__hidden_layer_sizes': (100, 25, 100), 'gmm__n_components': 40}",0.497774397,0.5,0.5,0.5,0.5,0.499553718,0.000891111,254,0.507341757,0.5,0.50026275,0.5,0.500803291,0.50168156,0.002845259
225,0.925598288,0.22363239,0.009399414,0.001495255,0.0001,"(50, 50)",2,"{'NN__alpha': 0.0001, 'NN__hidden_layer_sizes': (50, 50), 'gmm__n_components': 2}",0.5,0.5,0.5,0.5,0.5,0.5,8.60E-17,77,0.5,0.5,0.5,0.5,0.5,0.5,4.97E-17
226,1.194599295,0.171760904,0.0104002,0.001199953,0.0001,"(50, 50)",3,"{'NN__alpha': 0.0001, 'NN__hidden_layer_sizes': (50, 50), 'gmm__n_components': 3}",0.5,0.5,0.5,0.5,0.5,0.5,8.60E-17,77,0.5,0.5,0.5,0.5,0.5,0.5,4.97E-17
227,1.865000057,0.142306897,0.010998964,0.001674368,0.0001,"(50, 50)",4,"{'NN__alpha': 0.0001, 'NN__hidden_layer_sizes': (50, 50), 'gmm__n_components': 4}",0.5,0.5,0.5,0.5,0.5,0.5,8.60E-17,77,0.5,0.5,0.5,0.5,0.5,0.5,4.97E-17
228,1.692199707,0.300079462,0.012799549,0.001470658,0.0001,"(50, 50)",5,"{'NN__alpha': 0.0001, 'NN__hidden_layer_sizes': (50, 50), 'gmm__n_components': 5}",0.5,0.5,0.5,0.5,0.5,0.5,8.60E-17,77,0.5,0.5,0.5,0.5,0.5,0.5,4.97E-17
229,1.980398655,0.290243362,0.013399792,0.002060218,0.0001,"(50, 50)",6,"{'NN__alpha': 0.0001, 'NN__hidden_layer_sizes': (50, 50), 'gmm__n_components': 6}",0.5,0.5,0.5,0.5,0.5,0.5,8.60E-17,77,0.5,0.5,0.5,0.5,0.5,0.5,4.97E-17
230,3.133214045,1.556698937,0.015399408,0.002497754,0.0001,"(50, 50)",7,"{'NN__alpha': 0.0001, 'NN__hidden_layer_sizes': (50, 50), 'gmm__n_components': 7}",0.5,0.5,0.5,0.5,0.5,0.5,8.60E-17,77,0.5,0.500802621,0.5,0.5,0.5,0.500160524,0.000321048
231,3.199622393,0.971150154,0.017399693,0.001624954,0.0001,"(50, 50)",8,"{'NN__alpha': 0.0001, 'NN__hidden_layer_sizes': (50, 50), 'gmm__n_components': 8}",0.5,0.5,0.5,0.5,0.5,0.5,8.60E-17,77,0.5,0.5,0.5,0.5,0.5,0.5,4.97E-17
232,2.765475798,0.419612504,0.019398451,0.002726446,0.0001,"(50, 50)",9,"{'NN__alpha': 0.0001, 'NN__hidden_layer_sizes': (50, 50), 'gmm__n_components': 9}",0.5,0.5,0.5,0.5,0.5,0.5,8.60E-17,77,0.5,0.5,0.5,0.5,0.5,0.5,4.97E-17
233,3.270428085,1.197517905,0.021199417,0.002314835,0.0001,"(50, 50)",10,"{'NN__alpha': 0.0001, 'NN__hidden_layer_sizes': (50, 50), 'gmm__n_components': 10}",0.5,0.5,0.500525158,0.5,0.5,0.500104914,0.000209975,69,0.5,0.5,0.501722918,0.503359579,0.5,0.501016499,0.001348248
234,3.877074528,0.983134152,0.030199146,0.004445291,0.0001,"(50, 50)",15,"{'NN__alpha': 0.0001, 'NN__hidden_layer_sizes': (50, 50), 'gmm__n_components': 15}",0.5,0.5,0.5,0.508927684,0.5,0.50178354,0.003569575,50,0.5,0.5,0.5,0.510686513,0.5,0.502137303,0.004274605
235,4.689295292,0.748576074,0.040199661,0.006144193,0.0001,"(50, 50)",20,"{'NN__alpha': 0.0001, 'NN__hidden_layer_sizes': (50, 50), 'gmm__n_components': 20}",0.5,0.5,0.5,0.524285005,0.51307927,0.507464499,0.009812077,16,0.5,0.5,0.5,0.546324147,0.530134029,0.515291635,0.019415539
236,5.331322527,1.111933365,0.052402401,0.004543616,0.0001,"(50, 50)",25,"{'NN__alpha': 0.0001, 'NN__hidden_layer_sizes': (50, 50), 'gmm__n_components': 25}",0.5,0.5,0.518302463,0.5,0.5,0.5036564,0.007317913,31,0.5,0.5,0.520041138,0.5,0.5,0.504008228,0.008016455
237,7.033088541,2.63170448,0.062000275,0.008601763,0.0001,"(50, 50)",30,"{'NN__alpha': 0.0001, 'NN__hidden_layer_sizes': (50, 50), 'gmm__n_components': 30}",0.5,0.5,0.507494145,0.5,0.5,0.501497153,0.0029964,58,0.5,0.5,0.572739417,0.5,0.5,0.514547883,0.029095767
238,6.582044744,2.100569223,0.07659893,0.004963564,0.0001,"(50, 50)",35,"{'NN__alpha': 0.0001, 'NN__hidden_layer_sizes': (50, 50), 'gmm__n_components': 35}",0.503225716,0.5,0.5,0.5,0.515435384,0.503730451,0.005980564,28,0.518588394,0.5,0.5,0.5,0.518629186,0.507443516,0.009116417
239,6.822132397,1.257938375,0.065599012,0.00917975,0.0001,"(50, 50)",40,"{'NN__alpha': 0.0001, 'NN__hidden_layer_sizes': (50, 50), 'gmm__n_components': 40}",0.5,0.5,0.5,0.5,0.5,0.5,8.60E-17,77,0.5,0.5,0.5,0.5,0.5,0.5,4.97E-17
240,0.766430473,0.252495349,0.007400417,0.001495249,0.0001,"(50,)",2,"{'NN__alpha': 0.0001, 'NN__hidden_layer_sizes': (50,), 'gmm__n_components': 2}",0.5,0.5,0.5,0.5,0.5,0.5,8.60E-17,77,0.5,0.5,0.5,0.5,0.498494714,0.499698943,0.000602114
241,1.094132757,0.116796324,0.009800053,0.002134998,0.0001,"(50,)",3,"{'NN__alpha': 0.0001, 'NN__hidden_layer_sizes': (50,), 'gmm__n_components': 3}",0.5,0.501591546,0.501050316,0.5,0.5,0.500528375,0.000669468,67,0.5,0.501605242,0.50026275,0.5,0.5,0.500373598,0.000624173
242,1.38701911,0.187303755,0.010199738,0.002481697,0.0001,"(50,)",4,"{'NN__alpha': 0.0001, 'NN__hidden_layer_sizes': (50,), 'gmm__n_components': 4}",0.5,0.5,0.5,0.5,0.5,0.5,8.60E-17,77,0.5,0.5,0.5,0.5,0.5,0.5,4.97E-17
243,1.536811352,0.330027764,0.011400795,0.002058963,0.0001,"(50,)",5,"{'NN__alpha': 0.0001, 'NN__hidden_layer_sizes': (50,), 'gmm__n_components': 5}",0.5,0.5,0.5,0.5,0.5,0.5,8.60E-17,77,0.5,0.5,0.5,0.5,0.5,0.5,4.97E-17
244,1.661797333,0.220154327,0.012401247,0.002331435,0.0001,"(50,)",6,"{'NN__alpha': 0.0001, 'NN__hidden_layer_sizes': (50,), 'gmm__n_components': 6}",0.5,0.5,0.5,0.5,0.5,0.5,8.60E-17,77,0.5,0.5,0.5,0.5,0.5,0.5,4.97E-17
245,2.883226633,1.298003129,0.012800884,0.00160029,0.0001,"(50,)",7,"{'NN__alpha': 0.0001, 'NN__hidden_layer_sizes': (50,), 'gmm__n_components': 7}",0.5,0.5,0.487488468,0.494173586,0.479880775,0.492317166,0.007739166,291,0.5,0.5,0.526677135,0.508753041,0.504150927,0.507916221,0.009921519
246,2.93356781,0.934233572,0.01479888,0.002315284,0.0001,"(50,)",8,"{'NN__alpha': 0.0001, 'NN__hidden_layer_sizes': (50,), 'gmm__n_components': 8}",0.5,0.5,0.490561351,0.5,0.514959903,0.501103016,0.007828841,63,0.5,0.5,0.496516123,0.502819038,0.506407307,0.501148494,0.00330281
247,2.523765087,0.508252015,0.015199709,0.001599992,0.0001,"(50,)",9,"{'NN__alpha': 0.0001, 'NN__hidden_layer_sizes': (50,), 'gmm__n_components': 9}",0.5,0.495204142,0.49000071,0.510964445,0.5,0.499232929,0.006928695,258,0.5,0.513071253,0.490643606,0.510299465,0.5,0.502802865,0.008064719
248,2.726054239,1.122333666,0.017199326,0.000747997,0.0001,"(50,)",10,"{'NN__alpha': 0.0001, 'NN__hidden_layer_sizes': (50,), 'gmm__n_components': 10}",0.5,0.5,0.500525158,0.497643886,0.5,0.499634218,0.001015043,250,0.5,0.5,0.501722918,0.506538683,0.5,0.50165232,0.002532667
249,3.571432161,1.070451138,0.026400328,0.002059074,0.0001,"(50,)",15,"{'NN__alpha': 0.0001, 'NN__hidden_layer_sizes': (50,), 'gmm__n_components': 15}",0.5,0.5,0.5,0.5,0.5,0.5,8.60E-17,77,0.5,0.5,0.5,0.5,0.5,0.5,4.97E-17
250,3.9568295,0.701648107,0.036800337,0.003249727,0.0001,"(50,)",20,"{'NN__alpha': 0.0001, 'NN__hidden_layer_sizes': (50,), 'gmm__n_components': 20}",0.519072572,0.500530515,0.5,0.509339295,0.500461287,0.505888573,0.007469333,21,0.504343629,0.502932023,0.5,0.503906312,0.502905295,0.502817452,0.001514841
251,5.35124855,1.143214031,0.045199966,0.009107606,0.0001,"(50,)",25,"{'NN__alpha': 0.0001, 'NN__hidden_layer_sizes': (50,), 'gmm__n_components': 25}",0.526270566,0.522154316,0.5340572,0.506763182,0.515563125,0.52096608,0.009289411,1,0.547896923,0.549254709,0.548854337,0.541219534,0.55348255,0.548141611,0.003955948
252,5.91723752,2.506270841,0.04980135,0.007081939,0.0001,"(50,)",30,"{'NN__alpha': 0.0001, 'NN__hidden_layer_sizes': (50,), 'gmm__n_components': 30}",0.493393622,0.5,0.503676105,0.510169612,0.5,0.501441324,0.00548042,59,0.508043758,0.5,0.513014111,0.511756536,0.5,0.506562881,0.005602289
253,5.947858858,2.043965366,0.069399357,0.008014353,0.0001,"(50,)",35,"{'NN__alpha': 0.0001, 'NN__hidden_layer_sizes': (50,), 'gmm__n_components': 35}",0.500380325,0.510652746,0.5,0.50197289,0.501511603,0.50290452,0.003942075,37,0.51962677,0.515888616,0.5,0.517525988,0.511013403,0.512810955,0.007007291
254,6.860106564,1.262076394,0.075807476,0.018664074,0.0001,"(50,)",40,"{'NN__alpha': 0.0001, 'NN__hidden_layer_sizes': (50,), 'gmm__n_components': 40}",0.499084404,0.509506833,0.5,0.498360656,0.488680718,0.49913036,0.00660566,260,0.553308178,0.526306306,0.507027027,0.516186137,0.549188305,0.530403191,0.018126627
255,0.582399607,0.246893936,0.003999376,0.000632712,0.0001,"(25,)",2,"{'NN__alpha': 0.0001, 'NN__hidden_layer_sizes': (25,), 'gmm__n_components': 2}",0.5,0.5,0.5,0.5,0.5,0.5,8.60E-17,77,0.5,0.5,0.5,0.5,0.5,0.5,4.97E-17
256,0.871615267,0.161273237,0.009200907,0.002925071,0.0001,"(25,)",3,"{'NN__alpha': 0.0001, 'NN__hidden_layer_sizes': (25,), 'gmm__n_components': 3}",0.5,0.5,0.5,0.5,0.5,0.5,8.60E-17,77,0.5,0.5,0.5,0.5,0.5,0.5,4.97E-17
257,1.264841461,0.198578217,0.00779953,0.000747539,0.0001,"(25,)",4,"{'NN__alpha': 0.0001, 'NN__hidden_layer_sizes': (25,), 'gmm__n_components': 4}",0.46916554,0.498366013,0.496721311,0.493776169,0.498360656,0.491264096,0.011193313,295,0.500906751,0.5,0.500671916,0.498663246,0.500934666,0.500235316,0.000855256
258,1.346619034,0.347327336,0.00860076,0.001357127,0.0001,"(25,)",5,"{'NN__alpha': 0.0001, 'NN__hidden_layer_sizes': (25,), 'gmm__n_components': 5}",0.5,0.5,0.5,0.5,0.5,0.5,8.60E-17,77,0.5,0.5,0.5,0.5,0.5,0.5,4.97E-17
259,1.395600033,0.315349802,0.010999727,0.00167337,0.0001,"(25,)",6,"{'NN__alpha': 0.0001, 'NN__hidden_layer_sizes': (25,), 'gmm__n_components': 6}",0.51532567,0.486631016,0.48618267,0.509069619,0.501270314,0.499702639,0.011733651,242,0.492643618,0.487911548,0.499458575,0.509048967,0.50507365,0.498827271,0.007762595
260,2.697623062,1.336223002,0.015399647,0.006375145,0.0001,"(25,)",7,"{'NN__alpha': 0.0001, 'NN__hidden_layer_sizes': (25,), 'gmm__n_components': 7}",0.5,0.5,0.5,0.5,0.5,0.5,8.60E-17,77,0.5,0.5,0.5,0.5,0.5,0.5,4.97E-17
261,2.613634443,0.930652249,0.013400936,0.001854821,0.0001,"(25,)",8,"{'NN__alpha': 0.0001, 'NN__hidden_layer_sizes': (25,), 'gmm__n_components': 8}",0.499197093,0.5,0.494045845,0.501270314,0.491420055,0.497189209,0.003786845,277,0.491341991,0.5,0.500509577,0.51345247,0.49239041,0.49953889,0.007912427
262,2.306223202,0.411246653,0.016400003,0.00355506,0.0001,"(25,)",9,"{'NN__alpha': 0.0001, 'NN__hidden_layer_sizes': (25,), 'gmm__n_components': 9}",0.5,0.5,0.5,0.5,0.5,0.5,0,77,0.5,0.5,0.5,0.5,0.5,0.5,0
263,2.80403595,1.187532382,0.018799162,0.001166319,0.0001,"(25,)",10,"{'NN__alpha': 0.0001, 'NN__hidden_layer_sizes': (25,), 'gmm__n_components': 10}",0.5,0.5,0.5,0.5,0.5,0.5,8.60E-17,77,0.5,0.5,0.5,0.5,0.5,0.5,4.97E-17
264,3.915040636,0.877668265,0.027600098,0.001624532,0.0001,"(25,)",15,"{'NN__alpha': 0.0001, 'NN__hidden_layer_sizes': (25,), 'gmm__n_components': 15}",0.5,0.504286563,0.493967781,0.5,0.5,0.499652857,0.003290373,248,0.497265122,0.513677314,0.502905295,0.502819038,0.49972221,0.503277796,0.005608808
265,4.423236895,0.710348939,0.037799358,0.000399233,0.0001,"(25,)",20,"{'NN__alpha': 0.0001, 'NN__hidden_layer_sizes': (25,), 'gmm__n_components': 20}",0.501352265,0.500190985,0.503612235,0.439450713,0.495876801,0.488110989,0.024442828,297,0.519246519,0.508124488,0.516884151,0.505811917,0.505953023,0.51120402,0.005710988
266,5.545728493,1.402087821,0.04800024,0.006065546,0.0001,"(25,)",25,"{'NN__alpha': 0.0001, 'NN__hidden_layer_sizes': (25,), 'gmm__n_components': 25}",0.526270566,0.5,0.498672912,0.539621035,0.493974878,0.51171437,0.017954959,12,0.543026793,0.514791155,0.543687796,0.519812005,0.452225417,0.514708633,0.033382371
267,7.257854128,2.859820415,0.065399361,0.007787404,0.0001,"(25,)",30,"{'NN__alpha': 0.0001, 'NN__hidden_layer_sizes': (25,), 'gmm__n_components': 30}",0.46498197,0.538324421,0.497516145,0.496721311,0.494549713,0.498408661,0.023380457,271,0.521937522,0.511367731,0.543411775,0.511568983,0.5228155,0.522220302,0.011668262
268,6.735402536,2.331033001,0.072999573,0.006260415,0.0001,"(25,)",35,"{'NN__alpha': 0.0001, 'NN__hidden_layer_sizes': (25,), 'gmm__n_components': 35}",0.487970476,0.49337917,0.5,0.5,0.5,0.496262665,0.004880916,285,0.498318123,0.51013923,0.5,0.504324324,0.504324324,0.5034212,0.004111185
269,7.123329496,1.626725318,0.0762012,0.013479716,0.0001,"(25,)",40,"{'NN__alpha': 0.0001, 'NN__hidden_layer_sizes': (25,), 'gmm__n_components': 40}",0.535961799,0.522599949,0.506110283,0.512468952,0.491256831,0.513699497,0.015088636,3,0.55048555,0.519115479,0.531530942,0.538336798,0.56884549,0.541662852,0.016963715
270,0.823036432,0.267688794,0.00640111,0.00135485,0.0001,"(25, 25)",2,"{'NN__alpha': 0.0001, 'NN__hidden_layer_sizes': (25, 25), 'gmm__n_components': 2}",0.5,0.5,0.5,0.5,0.5,0.5,8.60E-17,77,0.5,0.5,0.5,0.5,0.5,0.5,4.97E-17
271,1.133598709,0.067830653,0.010200024,0.001938287,0.0001,"(25, 25)",3,"{'NN__alpha': 0.0001, 'NN__hidden_layer_sizes': (25, 25), 'gmm__n_components': 3}",0.5,0.5,0.5,0.5,0.5,0.5,8.60E-17,77,0.5,0.5,0.5,0.5,0.5,0.5,4.97E-17
272,1.723800564,0.155069123,0.008799028,0.001720385,0.0001,"(25, 25)",4,"{'NN__alpha': 0.0001, 'NN__hidden_layer_sizes': (25, 25), 'gmm__n_components': 4}",0.5,0.5,0.508693492,0.5,0.5,0.501736754,0.003475938,52,0.5,0.5,0.506007874,0.5,0.5,0.501201575,0.002403149
273,1.837599087,0.432056591,0.012998676,0.001095454,0.0001,"(25, 25)",5,"{'NN__alpha': 0.0001, 'NN__hidden_layer_sizes': (25, 25), 'gmm__n_components': 5}",0.487646495,0.5,0.512617983,0.494301327,0.5,0.498905168,0.008227855,262,0.488753364,0.5,0.511166011,0.488216482,0.498494714,0.497326114,0.008444353
274,1.795397758,0.341517477,0.013400459,0.001201185,0.0001,"(25, 25)",6,"{'NN__alpha': 0.0001, 'NN__hidden_layer_sizes': (25, 25), 'gmm__n_components': 6}",0.5,0.5,0.5,0.5,0.5,0.5,8.60E-17,77,0.5,0.5,0.5,0.5,0.5,0.5,4.97E-17
275,3.002638483,1.538984315,0.014999199,0.002097626,0.0001,"(25, 25)",7,"{'NN__alpha': 0.0001, 'NN__hidden_layer_sizes': (25, 25), 'gmm__n_components': 7}",0.5,0.5,0.5,0.5,0.5,0.5,8.60E-17,77,0.5,0.5,0.5,0.5,0.5,0.5,4.97E-17
276,3.044672871,0.9904163,0.016800499,0.00074912,0.0001,"(25, 25)",8,"{'NN__alpha': 0.0001, 'NN__hidden_layer_sizes': (25, 25), 'gmm__n_components': 8}",0.5,0.5,0.5,0.5,0.5,0.5,8.60E-17,77,0.5,0.5,0.5,0.5,0.5,0.5,4.97E-17
277,2.796662951,0.671551748,0.017601061,0.001960365,0.0001,"(25, 25)",9,"{'NN__alpha': 0.0001, 'NN__hidden_layer_sizes': (25, 25), 'gmm__n_components': 9}",0.5,0.5,0.489780711,0.5,0.5,0.497958428,0.004086001,273,0.5,0.5,0.517871013,0.5,0.5,0.503574203,0.007148405
278,3.163263321,1.191001872,0.018799448,0.001327324,0.0001,"(25, 25)",10,"{'NN__alpha': 0.0001, 'NN__hidden_layer_sizes': (25, 25), 'gmm__n_components': 10}",0.501281835,0.5,0.503612235,0.495415513,0.5,0.500062803,0.002670406,73,0.512753013,0.5,0.510908126,0.501906489,0.5,0.505113526,0.005559146
279,3.936313534,1.144145469,0.029199982,0.004118431,0.0001,"(25, 25)",15,"{'NN__alpha': 0.0001, 'NN__hidden_layer_sizes': (25, 25), 'gmm__n_components': 15}",0.5,0.5,0.5,0.5,0.5,0.5,8.60E-17,77,0.5,0.5,0.5,0.5,0.5,0.5,4.97E-17
280,4.770321417,1.00343319,0.04159894,0.004454257,0.0001,"(25, 25)",20,"{'NN__alpha': 0.0001, 'NN__hidden_layer_sizes': (25, 25), 'gmm__n_components': 20}",0.5,0.50485952,0.498360656,0.507416081,0.5,0.502126684,0.003424611,46,0.5,0.505929566,0.504031495,0.516767815,0.5,0.505345775,0.006159314
281,5.099330521,1.090131366,0.047199392,0.00597932,0.0001,"(25, 25)",25,"{'NN__alpha': 0.0001, 'NN__hidden_layer_sizes': (25, 25), 'gmm__n_components': 25}",0.5,0.5,0.5,0.5,0.499744518,0.499948961,0.00010215,238,0.5,0.5,0.5,0.5,0.517935153,0.503587031,0.007174061
282,7.41256361,2.886666513,0.059599829,0.004718044,0.0001,"(25, 25)",30,"{'NN__alpha': 0.0001, 'NN__hidden_layer_sizes': (25, 25), 'gmm__n_components': 30}",0.5,0.502610135,0.498772266,0.482173018,0.502036761,0.497122631,0.007596275,281,0.50487013,0.507944308,0.553880656,0.497315433,0.520844429,0.516970991,0.019957854
283,6.517556667,2.297516196,0.068199825,0.003370414,0.0001,"(25, 25)",35,"{'NN__alpha': 0.0001, 'NN__hidden_layer_sizes': (25, 25), 'gmm__n_components': 35}",0.5,0.49337917,0.5,0.5,0.5,0.498674847,0.002649072,266,0.5,0.51013923,0.5,0.5,0.504324324,0.502892711,0.003991613
284,6.63854394,1.03849607,0.068001223,0.009465666,0.0001,"(25, 25)",40,"{'NN__alpha': 0.0001, 'NN__hidden_layer_sizes': (25, 25), 'gmm__n_components': 40}",0.536384381,0.493485273,0.5,0.491611667,0.510233482,0.506360562,0.01638511,17,0.525900901,0.518951679,0.504324324,0.50798381,0.506411289,0.512714401,0.008310096
285,1.18005085,0.222137237,0.010599995,0.000800741,0.0001,"(100, 25, 100)",2,"{'NN__alpha': 0.0001, 'NN__hidden_layer_sizes': (100, 25, 100), 'gmm__n_components': 2}",0.5,0.5,0.5,0.5,0.5,0.5,8.60E-17,77,0.5,0.5,0.5,0.5,0.5,0.5,4.97E-17
286,1.408816051,0.122405204,0.012000179,0.001094583,0.0001,"(100, 25, 100)",3,"{'NN__alpha': 0.0001, 'NN__hidden_layer_sizes': (100, 25, 100), 'gmm__n_components': 3}",0.5,0.5,0.5,0.5,0.5,0.5,8.60E-17,77,0.5,0.5,0.5,0.5,0.5,0.5,4.97E-17
287,1.808317804,0.188428185,0.011398983,0.00135769,0.0001,"(100, 25, 100)",4,"{'NN__alpha': 0.0001, 'NN__hidden_layer_sizes': (100, 25, 100), 'gmm__n_components': 4}",0.5,0.5,0.5,0.5,0.5,0.5,8.60E-17,77,0.5,0.5,0.5,0.5,0.5,0.5,4.97E-17
288,1.820628834,0.327279249,0.012399149,0.001018732,0.0001,"(100, 25, 100)",5,"{'NN__alpha': 0.0001, 'NN__hidden_layer_sizes': (100, 25, 100), 'gmm__n_components': 5}",0.5,0.5,0.5,0.5,0.5,0.5,8.60E-17,77,0.5,0.5,0.5,0.5,0.5,0.5,4.97E-17
289,2.004251051,0.354235471,0.016199207,0.001166369,0.0001,"(100, 25, 100)",6,"{'NN__alpha': 0.0001, 'NN__hidden_layer_sizes': (100, 25, 100), 'gmm__n_components': 6}",0.5,0.5,0.5,0.5,0.5,0.5,8.60E-17,77,0.5,0.5,0.5,0.5,0.5,0.5,4.97E-17
290,2.863171244,1.070629893,0.017598867,0.000800133,0.0001,"(100, 25, 100)",7,"{'NN__alpha': 0.0001, 'NN__hidden_layer_sizes': (100, 25, 100), 'gmm__n_components': 7}",0.5,0.5,0.5,0.5,0.5,0.5,8.60E-17,77,0.5,0.5,0.5,0.5,0.5,0.5,4.97E-17
291,3.239485359,0.827576275,0.017200708,0.002228204,0.0001,"(100, 25, 100)",8,"{'NN__alpha': 0.0001, 'NN__hidden_layer_sizes': (100, 25, 100), 'gmm__n_components': 8}",0.5,0.5,0.5,0.5,0.5,0.5,8.60E-17,77,0.5,0.5,0.5,0.5,0.5,0.5,4.97E-17
292,2.786334181,0.556013488,0.018599415,0.002727988,0.0001,"(100, 25, 100)",9,"{'NN__alpha': 0.0001, 'NN__hidden_layer_sizes': (100, 25, 100), 'gmm__n_components': 9}",0.5,0.5,0.5,0.5,0.5,0.5,8.60E-17,77,0.5,0.5,0.5,0.5,0.5,0.5,4.97E-17
293,3.192014456,1.159187725,0.020199823,0.001165435,0.0001,"(100, 25, 100)",10,"{'NN__alpha': 0.0001, 'NN__hidden_layer_sizes': (100, 25, 100), 'gmm__n_components': 10}",0.5,0.5,0.5,0.5,0.5,0.5,8.60E-17,77,0.5,0.5,0.5,0.5,0.5,0.5,4.97E-17
294,4.092437458,1.100616708,0.029999542,0.005514457,0.0001,"(100, 25, 100)",15,"{'NN__alpha': 0.0001, 'NN__hidden_layer_sizes': (100, 25, 100), 'gmm__n_components': 15}",0.5,0.5,0.5,0.5,0.5,0.5,8.60E-17,77,0.5,0.5,0.5,0.5,0.5,0.5,4.97E-17
295,4.493835831,0.901934553,0.041199017,0.001325353,0.0001,"(100, 25, 100)",20,"{'NN__alpha': 0.0001, 'NN__hidden_layer_sizes': (100, 25, 100), 'gmm__n_components': 20}",0.5,0.5,0.5,0.519558583,0.5,0.503907343,0.007820151,25,0.5,0.5,0.5,0.544691467,0.5,0.508938293,0.017876587
296,5.046874094,1.22381945,0.046799088,0.005912281,0.0001,"(100, 25, 100)",25,"{'NN__alpha': 0.0001, 'NN__hidden_layer_sizes': (100, 25, 100), 'gmm__n_components': 25}",0.5,0.5,0.5,0.5,0.5,0.5,8.60E-17,77,0.5,0.5,0.5,0.5,0.5,0.5,4.97E-17
297,6.415873384,2.136171092,0.056000328,0.007950694,0.0001,"(100, 25, 100)",30,"{'NN__alpha': 0.0001, 'NN__hidden_layer_sizes': (100, 25, 100), 'gmm__n_components': 30}",0.5,0.5,0.5,0.5,0.5,0.5,8.60E-17,77,0.5,0.5,0.5,0.5,0.5,0.5,4.97E-17
298,5.977826166,1.665494157,0.062000179,0.011136118,0.0001,"(100, 25, 100)",35,"{'NN__alpha': 0.0001, 'NN__hidden_layer_sizes': (100, 25, 100), 'gmm__n_components': 35}",0.5,0.5,0.5,0.5,0.5,0.5,8.60E-17,77,0.5,0.5,0.5,0.5,0.5,0.5,4.97E-17
299,4.691313219,0.442545545,0.029600811,0.011252789,0.0001,"(100, 25, 100)",40,"{'NN__alpha': 0.0001, 'NN__hidden_layer_sizes': (100, 25, 100), 'gmm__n_components': 40}",0.497774397,0.5,0.5,0.5,0.5,0.499553718,0.000891111,254,0.507341757,0.5,0.50026275,0.5,0.500803291,0.50168156,0.002845259
