,mean_fit_time,std_fit_time,mean_score_time,std_score_time,param_NN__alpha,param_NN__hidden_layer_sizes,param_pca__n_components,params,split0_test_score,split1_test_score,split2_test_score,split3_test_score,split4_test_score,mean_test_score,std_test_score,rank_test_score,split0_train_score,split1_train_score,split2_train_score,split3_train_score,split4_train_score,mean_train_score,std_train_score
0,5.258818864822388,1.0586787332670176,0.007991266250610352,0.000617536584449953,0.1,"(50, 50)",2,"{'NN__alpha': 0.1, 'NN__hidden_layer_sizes': (50, 50), 'pca__n_components': 2}",0.7652531976519915,0.7790008537990842,0.7679947774030622,0.7598678998145941,0.7806796538931775,0.7705591135091961,0.008033648999541643,111,0.7699114824854482,0.7789882449611718,0.7754785685513572,0.762091879582809,0.7740145942750231,0.7720969539711618,0.005787578978196617
1,7.7832887172698975,2.0004300707070706,0.009811973571777344,0.0004012270210758415,0.1,"(50, 50)",3,"{'NN__alpha': 0.1, 'NN__hidden_layer_sizes': (50, 50), 'pca__n_components': 3}",0.8544799868750781,0.8573250995136239,0.8423866524847173,0.8814847075312521,0.8686728552812076,0.8608686620957355,0.013272807969026586,92,0.8633183387535024,0.8591284028826336,0.8400368439737773,0.8806248558967468,0.8614361923356701,0.8609089267684661,0.012912127957697334
2,12.819395637512207,3.0053515501180854,0.009598731994628906,0.0007947098316520295,0.1,"(50, 50)",4,"{'NN__alpha': 0.1, 'NN__hidden_layer_sizes': (50, 50), 'pca__n_components': 4}",0.8895815931064632,0.8980098347078795,0.8781100873223637,0.9057141151737099,0.8998479533752278,0.8942519687678802,0.009583127923142212,71,0.8957821535196971,0.8977198208340528,0.880802974257755,0.9112890976898632,0.8945189310036882,0.8960225954610113,0.009694352510285612
3,13.8034818649292,2.770260837595299,0.01002044677734375,0.0006264124538907508,0.1,"(50, 50)",5,"{'NN__alpha': 0.1, 'NN__hidden_layer_sizes': (50, 50), 'pca__n_components': 5}",0.9166098959816594,0.9229189376781453,0.9102195546310531,0.9219289071824577,0.9234754055470211,0.9190302040865918,0.005035285586017878,39,0.921454877160407,0.9218859442544044,0.9115023650848985,0.924588225245271,0.9220863415517391,0.9203035506593439,0.004534912775144888
4,12.321249103546142,3.81729637503495,0.009007883071899415,0.0006244860008259709,0.1,"(50, 50)",6,"{'NN__alpha': 0.1, 'NN__hidden_layer_sizes': (50, 50), 'pca__n_components': 6}",0.9203772986472187,0.9201731798471974,0.9226956327146654,0.9320379466056857,0.9278707229589448,0.9246304432140295,0.004627439769051411,29,0.9255790789875944,0.9236362656425721,0.9224067981758239,0.9347851063437811,0.9272825629620725,0.9267379624223688,0.004353748557266779
5,9.062405681610107,2.6421392298551813,0.0097930908203125,0.00041564222533882684,0.1,"(50, 50)",7,"{'NN__alpha': 0.1, 'NN__hidden_layer_sizes': (50, 50), 'pca__n_components': 7}",0.9334239997485503,0.9365921685579703,0.9365431010139951,0.9319756363214391,0.9390588144747624,0.9355186720171805,0.0025168527911622737,8,0.9391504289411116,0.9372014964788928,0.9391814701752746,0.9334876885810303,0.9381727586559183,0.9374387685664456,0.0021058424766227145
6,2.511373996734619,0.5603562833477604,0.005217790603637695,0.0007231165621149733,0.1,"(50,)",2,"{'NN__alpha': 0.1, 'NN__hidden_layer_sizes': (50,), 'pca__n_components': 2}",0.7687809966749563,0.7782503109298312,0.7686316431589065,0.7585329347381384,0.7800760900308549,0.7708544304388042,0.007755869352815396,107,0.7724484288835775,0.7782975051315282,0.7749481673411556,0.7635433424436673,0.7689541997759107,0.771638328715168,0.005073248967978752
7,3.5398088932037353,0.4654539421894538,0.0052258014678955075,0.00038684631072840046,0.1,"(50,)",3,"{'NN__alpha': 0.1, 'NN__hidden_layer_sizes': (50,), 'pca__n_components': 3}",0.8410181315368636,0.8547130269208127,0.8326037513566522,0.8745360385766187,0.8639643780563909,0.8533655466409837,0.015138168121307945,99,0.8496479123638996,0.8544877766043113,0.8311851003038531,0.8766089459671652,0.8532599110007144,0.8530379292479887,0.014469156919232985
8,4.996777153015136,1.633913155884963,0.005218887329101562,0.00039050423536055544,0.1,"(50,)",4,"{'NN__alpha': 0.1, 'NN__hidden_layer_sizes': (50,), 'pca__n_components': 4}",0.8814138174569083,0.8910683254831218,0.8596042392928844,0.8917790694155627,0.8908540655018098,0.8829432743063689,0.012277787116948487,78,0.8888212968417578,0.8874368436611176,0.8580263182088645,0.8977860529823581,0.8839407892178106,0.8832022601823816,0.013390786101200446
9,5.092931318283081,0.904649155133615,0.0056171417236328125,0.0004878013131573621,0.1,"(50,)",5,"{'NN__alpha': 0.1, 'NN__hidden_layer_sizes': (50,), 'pca__n_components': 5}",0.8992068137204011,0.9045833373528226,0.9024068583087728,0.9040135686303105,0.904026674043823,0.9028472443463513,0.0019603331131330167,61,0.9064060465035668,0.9022385693642727,0.9056729617729534,0.9037331465488446,0.898008690763677,0.9032118829906629,0.002985024414747034
10,4.401125860214234,2.1202463452917826,0.005022525787353516,1.5471877892054175e-05,0.1,"(50,)",6,"{'NN__alpha': 0.1, 'NN__hidden_layer_sizes': (50,), 'pca__n_components': 6}",0.9077662297089943,0.8976933966876312,0.8994267791361467,0.9302930203665273,0.9159528386206527,0.9102254802998948,0.01195970299594236,54,0.914764492899284,0.8946681984016686,0.9045220351797305,0.9318444974469416,0.9104388163872871,0.9112476080629823,0.012307433774326271
11,4.94180326461792,0.7389386746616996,0.005423355102539063,0.0004899402696298658,0.1,"(50,)",7,"{'NN__alpha': 0.1, 'NN__hidden_layer_sizes': (50,), 'pca__n_components': 7}",0.9325154108300608,0.9320564576877587,0.9330428105984466,0.9292171850572551,0.9344570272299516,0.9322578161125245,0.0017206499121126464,20,0.9339653990064483,0.9325702723258976,0.9332693385824437,0.9294121368853898,0.9320817060559746,0.9322597705712308,0.001559841777121483
12,1.0685726165771485,0.26622444734961337,0.003616476058959961,0.0005047144073596029,0.1,"(25,)",2,"{'NN__alpha': 0.1, 'NN__hidden_layer_sizes': (25,), 'pca__n_components': 2}",0.7690909038956635,0.7773706084697011,0.7651608885465276,0.7616326033141446,0.780163002750469,0.7706835318197297,0.007064165653621866,110,0.7709085452130715,0.7790840491194423,0.7732228922322142,0.7622980670299014,0.7708325153137909,0.7712692137816841,0.005397976884993223
13,2.1709754943847654,0.4187329872194912,0.0040053844451904295,2.8760989659771724e-05,0.1,"(25,)",3,"{'NN__alpha': 0.1, 'NN__hidden_layer_sizes': (25,), 'pca__n_components': 3}",0.8391822021104646,0.8529671393943422,0.8353910736848024,0.874547535598473,0.8637560615516,0.853167220568643,0.014702560921726879,100,0.8489029406493733,0.8535831253959892,0.834492913901768,0.8748539707180327,0.8525539050841766,0.852877371149868,0.012941081979815344
14,2.1539963722229003,0.4319975108982525,0.0038212299346923827,0.00039014105859114847,0.1,"(25,)",4,"{'NN__alpha': 0.1, 'NN__hidden_layer_sizes': (25,), 'pca__n_components': 4}",0.8776481411281527,0.8822667752345625,0.8460696956823777,0.8944965960475503,0.890568724907601,0.8782089811543113,0.017133255352630085,80,0.8856785681677151,0.8817728485231257,0.8482849570535779,0.8969346365322843,0.8838688655280081,0.8793079751609423,0.016374300720823222
15,2.431800127029419,0.44685920369187165,0.004010772705078125,2.022014461459171e-05,0.1,"(25,)",5,"{'NN__alpha': 0.1, 'NN__hidden_layer_sizes': (25,), 'pca__n_components': 5}",0.8912734627030292,0.9058225310301602,0.8970920810819727,0.9032837758078355,0.9043235116598863,0.9003585225322316,0.00542875098511533,66,0.8976171223736034,0.9033502497146423,0.9015356841922133,0.9033006739612609,0.9008233541152167,0.9013254168713873,0.00209996743088342
16,2.2751319885253904,0.9182991903743566,0.004233694076538086,0.0004103017528786888,0.1,"(25,)",6,"{'NN__alpha': 0.1, 'NN__hidden_layer_sizes': (25,), 'pca__n_components': 6}",0.9056529553457389,0.9067192642155047,0.8943292925258102,0.9301683997980337,0.9141964153596398,0.9102122843964355,0.011826532187097281,55,0.9121405084327536,0.9055170041121459,0.8967039930297719,0.9325661162938141,0.9075366164156098,0.910892847656819,0.011939638255926449
17,2.868756866455078,0.19780653553622043,0.004215097427368164,0.0004113019877054804,0.1,"(25,)",7,"{'NN__alpha': 0.1, 'NN__hidden_layer_sizes': (25,), 'pca__n_components': 7}",0.9311185662403767,0.9321300590037216,0.9310515853520994,0.9307243671812804,0.9344685242518059,0.9318985455081052,0.0013683454265686359,22,0.9322310030091007,0.9330023011013143,0.9304749346261962,0.9317932855467252,0.9319824085634039,0.931896786569348,0.0008214097083409924
18,1.2679296016693116,0.2960329076033351,0.005005693435668946,0.0006630548611737029,0.1,"(25, 25)",2,"{'NN__alpha': 0.1, 'NN__hidden_layer_sizes': (25, 25), 'pca__n_components': 2}",0.7660056423830209,0.7758910791036694,0.7690096538010851,0.759794092508493,0.7830281439946587,0.7707455133708963,0.008033945897082484,109,0.7717515659705231,0.7780758107583688,0.7736066411312983,0.7628552383614351,0.7736345803890057,0.7719847673221263,0.005017087798020011
19,2.3446857929229736,1.1127369197406267,0.005398273468017578,0.0004989221265706452,0.1,"(25, 25)",3,"{'NN__alpha': 0.1, 'NN__hidden_layer_sizes': (25, 25), 'pca__n_components': 3}",0.8519841205587901,0.8615158488762519,0.8476829102865462,0.8785393254143276,0.8691386931615237,0.8617710119181419,0.01122285568763184,91,0.8600731834482853,0.8617220681132243,0.8457278432365704,0.8802675263517047,0.8610402491667365,0.8617661740633042,0.010981103967453314
20,2.792343521118164,0.806690327784696,0.005618238449096679,0.00047371079272865373,0.1,"(25, 25)",4,"{'NN__alpha': 0.1, 'NN__hidden_layer_sizes': (25, 25), 'pca__n_components': 4}",0.882307524161572,0.8955439524311599,0.8666684173775804,0.9051958556393428,0.9007285775932217,0.8900877112513216,0.014001676000576372,72,0.8899153812191459,0.8960139120188864,0.8659052992328744,0.9109687255699044,0.8941213316359468,0.8913849299353516,0.014586374292582477
21,3.743738889694214,1.0642511643720278,0.0062144756317138675,0.0004005250926687418,0.1,"(25, 25)",5,"{'NN__alpha': 0.1, 'NN__hidden_layer_sizes': (25, 25), 'pca__n_components': 5}",0.9124782362505013,0.9157846716089116,0.9145099277813884,0.9089958894274817,0.9166973452482986,0.9136932305256951,0.0027423802582054266,49,0.9183469235113834,0.9138959801857094,0.9126523611431524,0.911726762181575,0.9157173825136296,0.9144678819070899,0.0023556374978504486
22,3.5715940952301026,1.4569511334685281,0.006021261215209961,2.165911741448567e-05,0.1,"(25, 25)",6,"{'NN__alpha': 0.1, 'NN__hidden_layer_sizes': (25, 25), 'pca__n_components': 6}",0.9054185307135557,0.9198517397957671,0.9073486269245763,0.9354753774299521,0.9303767163028246,0.9196927957972862,0.01199493031946451,38,0.9124345662229938,0.9218004243686115,0.9084645741242939,0.936778127605838,0.9284250982228242,0.9215805581089123,0.010329960238249149
23,2.5011713981628416,0.62885231375067,0.0055980682373046875,0.0004987323929693843,0.1,"(25, 25)",7,"{'NN__alpha': 0.1, 'NN__hidden_layer_sizes': (25, 25), 'pca__n_components': 7}",0.9341009618910555,0.9326908224280123,0.9359898406364775,0.9328891432133377,0.9323216788082365,0.9335985750654733,0.0013362858628665267,14,0.9389554029176895,0.936075054121775,0.9356368800934226,0.9353209331805661,0.9333454043553562,0.9358667349337619,0.0018050544305397989
24,5.155499792098999,1.2516619590170557,0.01719074249267578,0.0009860961234266564,0.1,"(100, 25, 100)",2,"{'NN__alpha': 0.1, 'NN__hidden_layer_sizes': (100, 25, 100), 'pca__n_components': 2}",0.7689942885635069,0.7797333536272885,0.7650357186709984,0.7582492025355877,0.7846422543789356,0.771330875214708,0.009632966424864317,103,0.7707683060466644,0.7781000716660811,0.773227641682696,0.7618390580434411,0.7740034288898016,0.7715877012657367,0.005415599061170923
25,17.821631717681885,4.209670150050617,0.017598772048950197,0.0010181123525149324,0.1,"(100, 25, 100)",3,"{'NN__alpha': 0.1, 'NN__hidden_layer_sizes': (100, 25, 100), 'pca__n_components': 3}",0.8681950184348961,0.8775422972352226,0.8651924013429739,0.8827212628662396,0.8801168597808917,0.8747528832428549,0.006847717072690532,83,0.8760870713023361,0.876702888298657,0.8649893364414689,0.8806571238600375,0.8782345516195297,0.875334194304406,0.005407437153363663
26,18.825465822219847,5.983230439306584,0.017394495010375977,0.0011808371393668908,0.1,"(100, 25, 100)",4,"{'NN__alpha': 0.1, 'NN__hidden_layer_sizes': (100, 25, 100), 'pca__n_components': 4}",0.9049777195400373,0.9130243840683401,0.8759090745063263,0.9149211447268938,0.9047957831068361,0.902725207626841,0.014023468815296416,62,0.9105635269353005,0.913327728535108,0.8772068958149972,0.9190915061006734,0.899853286838188,0.9040085888448534,0.014784486835296137
27,15.195750761032105,1.7522569988805594,0.017395544052124023,0.0013395485723384775,0.1,"(100, 25, 100)",5,"{'NN__alpha': 0.1, 'NN__hidden_layer_sizes': (100, 25, 100), 'pca__n_components': 5}",0.9159409107057648,0.9207730067530994,0.9206258041211736,0.9211975059683244,0.9201200622673937,0.919731263629454,0.0019264450767983892,37,0.923447483860547,0.9209038278709815,0.9212866462350963,0.9251854617007748,0.9231504958082353,0.9227947830951269,0.0015567968696818004
28,16.866801500320435,5.0136455264146935,0.018807411193847656,0.0017219398775853473,0.1,"(100, 25, 100)",6,"{'NN__alpha': 0.1, 'NN__hidden_layer_sizes': (100, 25, 100), 'pca__n_components': 6}",0.9303204033484743,0.9313229455437202,0.9225704628391362,0.9398378121679712,0.9288334347215779,0.9305767441131801,0.005541111567471727,24,0.9368724526233279,0.9347638372969285,0.9224181581467258,0.9426653747075366,0.9252184554141045,0.9323876556377246,0.007512382639708614
29,13.652937650680542,3.4670930844292327,0.01880779266357422,0.0011635363343633924,0.1,"(100, 25, 100)",7,"{'NN__alpha': 0.1, 'NN__hidden_layer_sizes': (100, 25, 100), 'pca__n_components': 7}",0.9376751338923014,0.9366437371175367,0.9380596692299695,0.9366496224806927,0.9377548854003072,0.9373566312164929,0.0005936930081592465,6,0.9424418616078186,0.9402341211093495,0.9411183787132904,0.9403433467609497,0.937432307525972,0.9403140031434759,0.0016423284397947598
30,4.604592657089233,0.7900531619442077,0.009011936187744141,0.0006240203470055072,0.01,"(50, 50)",2,"{'NN__alpha': 0.01, 'NN__hidden_layer_sizes': (50, 50), 'pca__n_components': 2}",0.7662594734220329,0.7766456116882702,0.7686782096872908,0.7594857578705753,0.7815816637632219,0.770529996024585,0.007786569788411788,113,0.7713786669225323,0.7781481096033219,0.7756141809956023,0.7621146755776365,0.7735235220240014,0.7721558310246188,0.005498489838281295
31,10.003261756896972,3.2951228171555016,0.009417343139648437,0.00048429550883588926,0.01,"(50, 50)",3,"{'NN__alpha': 0.01, 'NN__hidden_layer_sizes': (50, 50), 'pca__n_components': 3}",0.8658279130326285,0.8623735185799853,0.8571493733943628,0.8810664661300119,0.8703637514746568,0.8673555764077623,0.008103537997206766,87,0.873071292687516,0.8634255054275128,0.8562603526667977,0.8804856979789351,0.8639693018898718,0.8674424301301269,0.008426720478351636
32,12.257254934310913,1.824670422717134,0.009798145294189453,0.0011709072764184993,0.01,"(50, 50)",4,"{'NN__alpha': 0.01, 'NN__hidden_layer_sizes': (50, 50), 'pca__n_components': 4}",0.8979398015641327,0.901474574973242,0.8804558017547364,0.9106833305573685,0.9021258529539243,0.8985353100862621,0.009963116544991346,68,0.9029861673571643,0.9010941565158329,0.8837704242189814,0.9169519391575828,0.8969058112294372,0.9003416996957998,0.010675878942154356
33,11.539689826965333,4.751910209481681,0.008813858032226562,0.0003845499965715942,0.01,"(50, 50)",5,"{'NN__alpha': 0.01, 'NN__hidden_layer_sizes': (50, 50), 'pca__n_components': 5}",0.9202640747644326,0.9224317755698176,0.910826884583728,0.9100979355637793,0.9242249756298879,0.9175692500627296,0.005940960233426768,41,0.9267642440021235,0.9218642516232066,0.9111388646267404,0.9126925680032439,0.9241050618087812,0.9193129980128191,0.006255243997276211
34,12.087938022613525,3.5457995008622434,0.009804296493530273,0.00039712836445648356,0.01,"(50, 50)",6,"{'NN__alpha': 0.01, 'NN__hidden_layer_sizes': (50, 50), 'pca__n_components': 6}",0.9227083890920278,0.9268498196112732,0.9262865551713917,0.932779236450015,0.9327121009907929,0.9282667205650696,0.003922983027121945,26,0.9307494797370374,0.9277011959905407,0.926558789375494,0.9358447944461884,0.9323234924729487,0.9306355504044419,0.0033235152510395407
35,9.876879024505616,3.1940475107894186,0.010820245742797852,0.0011610705805095644,0.01,"(50, 50)",7,"{'NN__alpha': 0.01, 'NN__hidden_layer_sizes': (50, 50), 'pca__n_components': 7}",0.937340641254354,0.9386619971514623,0.9354155598183977,0.9344848464486354,0.9399953154103697,0.9371796733988398,0.0020259970289980837,7,0.9416572012488099,0.9414365360634783,0.9371499597301688,0.9349156296970217,0.940616042686012,0.9391550738850981,0.0026680896031044867
36,2.5118078231811523,0.6220081706992527,0.005438089370727539,0.0004907579909317085,0.01,"(50,)",2,"{'NN__alpha': 0.01, 'NN__hidden_layer_sizes': (50,), 'pca__n_components': 2}",0.7692138309818642,0.7795335701199617,0.7682366017915131,0.7589412875091828,0.7802368100565702,0.7712324637474867,0.007925670391813659,105,0.7729362172884718,0.7785589110150254,0.775165112263833,0.7633742054665353,0.7689480588140389,0.7717965009695809,0.005242620894478785
37,4.198882055282593,1.0625603179983205,0.005230760574340821,0.0004022508392306719,0.01,"(50,)",3,"{'NN__alpha': 0.01, 'NN__hidden_layer_sizes': (50,), 'pca__n_components': 3}",0.8504072011818145,0.8571458600629375,0.8333507808944798,0.8766729953899921,0.8667672090163339,0.8568675643714574,0.014731402252782617,93,0.8567638607398054,0.8567358150924286,0.8309304017164125,0.8785727139199416,0.8561540905040073,0.855831376394519,0.015093168343153392
38,5.41223111152649,1.4205495413458662,0.005640554428100586,0.0004885804248857672,0.01,"(50,)",4,"{'NN__alpha': 0.01, 'NN__hidden_layer_sizes': (50,), 'pca__n_components': 4}",0.8842435215937352,0.8900929889506324,0.8634184667130903,0.893991441926696,0.8984653918196961,0.886041598974843,0.012239219608453249,74,0.8914191721212311,0.8875578392620695,0.8640850537249947,0.8998217446249368,0.8916817880099023,0.8869131195486268,0.012093085320118767
39,8.808335447311402,1.890624583131639,0.0052226543426513675,0.00040386155429230746,0.01,"(50,)",5,"{'NN__alpha': 0.01, 'NN__hidden_layer_sizes': (50,), 'pca__n_components': 5}",0.9127601053803609,0.9127064573483351,0.916174710945123,0.907511701347165,0.9197133178880078,0.9137732347718472,0.004059879645275975,48,0.9198985775339671,0.9131165603735184,0.9156193458368943,0.908293834232364,0.9183920505434657,0.9150640737040419,0.004108165891082239
40,4.08937554359436,1.3768271170539161,0.005617952346801758,0.00046888662703517184,0.01,"(50,)",6,"{'NN__alpha': 0.01, 'NN__hidden_layer_sizes': (50,), 'pca__n_components': 6}",0.9094203580112982,0.897001449040795,0.9043084638297765,0.9318756181883125,0.9203283787721849,0.9125858140564289,0.012275212591047172,51,0.9146480401180055,0.8947145204324264,0.9079696970170698,0.9328210220384234,0.9123020400461428,0.9124910639304137,0.012283678036134046
41,4.878063297271728,0.4586360307821155,0.005208921432495117,0.00042215054762258534,0.01,"(50,)",7,"{'NN__alpha': 0.01, 'NN__hidden_layer_sizes': (50,), 'pca__n_components': 7}",0.9324153428242965,0.9325030676147185,0.9328710741945331,0.9313065453915528,0.935644377694205,0.932948026894864,0.0014457610765495259,16,0.9337975095632436,0.935664814753193,0.9355163981477738,0.9335900007276108,0.935406385595462,0.9347950217574565,0.0009052950628755296
42,0.9695758819580078,0.31815757714826504,0.0035901546478271486,0.00048548428669238387,0.01,"(25,)",2,"{'NN__alpha': 0.01, 'NN__hidden_layer_sizes': (25,), 'pca__n_components': 2}",0.7688204643060221,0.7775203121172181,0.7647463154383286,0.7610635305173851,0.7758989777539178,0.7696099705576102,0.006315580843134656,118,0.770440210274325,0.7788009022169289,0.7733655804643638,0.7628907256774643,0.7685406711252531,0.770807617951667,0.005260931194344462
43,2.1354943752288817,0.2776150180835927,0.0038116931915283202,0.000413329688142152,0.01,"(25,)",3,"{'NN__alpha': 0.01, 'NN__hidden_layer_sizes': (25,), 'pca__n_components': 3}",0.8450874645565196,0.856824420011507,0.8348378133072846,0.8748705840415618,0.8615485142154421,0.8546324959170728,0.013748618998061075,97,0.8523625084402583,0.8588514980086925,0.8333617704819865,0.8756316956256439,0.8538319695125434,0.8548078884138249,0.013541417950968302
44,2.876123380661011,0.6105655115499901,0.003818845748901367,0.0004095193890577915,0.01,"(25,)",4,"{'NN__alpha': 0.01, 'NN__hidden_layer_sizes': (25,), 'pca__n_components': 4}",0.8857861523500563,0.8859007508882475,0.8589528438274162,0.8959430762789871,0.8937323121595124,0.8840623445916701,0.013202185120461299,76,0.8922882797311054,0.8863823316571049,0.856308584155312,0.8999222889188575,0.8896092505960921,0.8849021470116943,0.014980649031472048
45,2.429155397415161,0.9080168594276024,0.004209709167480469,0.0004178496129640377,0.01,"(25,)",5,"{'NN__alpha': 0.01, 'NN__hidden_layer_sizes': (25,), 'pca__n_components': 5}",0.9011348342859539,0.9111728584071459,0.8982551724277561,0.898034045004943,0.9036183212727786,0.9024431125647611,0.004822460017340822,63,0.9071515542493073,0.9080216506454601,0.9033530897073675,0.8986922170379684,0.8992994465132456,0.9033035916306698,0.0038566125290642487
46,2.479301595687866,0.7413711991440316,0.004204368591308594,0.0004061852631590112,0.01,"(25,)",6,"{'NN__alpha': 0.01, 'NN__hidden_layer_sizes': (25,), 'pca__n_components': 6}",0.9078268300836929,0.9082773969286815,0.8973779709832173,0.9327645226448439,0.9162726702804248,0.9125028899751233,0.011774404642268902,52,0.9150877197214283,0.906741208473109,0.9026053266948224,0.9334198216478583,0.9106225241921332,0.9136953201458702,0.010693777956875337
47,2.5750332355499266,0.24755763714257562,0.004020309448242188,2.9614082943847386e-05,0.01,"(25,)",7,"{'NN__alpha': 0.01, 'NN__hidden_layer_sizes': (25,), 'pca__n_components': 7}",0.9332186847266103,0.9340586993123041,0.9316589153047743,0.9305390447201982,0.9329121372570464,0.9324775735473639,0.0012382103643136047,18,0.9334358895053844,0.9347218478369865,0.9329975516508322,0.9311694010384924,0.9315381751033868,0.9327725730270165,0.0012949266446468414
48,1.254583740234375,0.40809900704485064,0.005233097076416016,0.0007526547062624935,0.01,"(25, 25)",2,"{'NN__alpha': 0.01, 'NN__hidden_layer_sizes': (25, 25), 'pca__n_components': 2}",0.7660793986347415,0.7768859473769647,0.7688218989877913,0.7581868922513407,0.7823360590210636,0.770461902192403,0.008423788832739547,114,0.7717298120370812,0.7790788827892944,0.7742877852843413,0.762574000916678,0.7734096537037165,0.7722160269462223,0.0054040871322146595
49,2.86326379776001,0.8189942463432925,0.005822610855102539,0.00039042136562824974,0.01,"(25, 25)",3,"{'NN__alpha': 0.01, 'NN__hidden_layer_sizes': (25, 25), 'pca__n_components': 3}",0.8642423619716338,0.8692574448981604,0.8401966560468779,0.8797627753358023,0.8708098120945811,0.8648530707525537,0.013307730819639386,88,0.8698655803458081,0.8697498342345006,0.8404022538896919,0.881586176955352,0.8653660171451933,0.8653939725141091,0.013606932599960818
50,4.3937500476837155,0.9676692108978296,0.005818843841552734,0.0003847178516438993,0.01,"(25, 25)",4,"{'NN__alpha': 0.01, 'NN__hidden_layer_sizes': (25, 25), 'pca__n_components': 4}",0.8928521084168087,0.9076825720539615,0.8730701836186099,0.9096320976834633,0.909186037063539,0.8984836537303539,0.014149250762976325,69,0.898695572507245,0.9087925020916566,0.8725907537727795,0.9160240212097657,0.9050801200130041,0.9002365939188902,0.014916925920076885
51,2.9275694847106934,0.6822105094456312,0.005615377426147461,0.0004957718746722877,0.01,"(25, 25)",5,"{'NN__alpha': 0.01, 'NN__hidden_layer_sizes': (25, 25), 'pca__n_components': 5}",0.9125485398286142,0.9112219259511213,0.9085252356641489,0.9149195363352355,0.9146063765223427,0.9123641640579182,0.0023508502956797726,53,0.918721318979847,0.911001856380042,0.9109318838725113,0.9171097246597394,0.914929143534935,0.914538785485415,0.003155164047036149
52,4.00323452949524,0.2693217989994462,0.005795812606811524,0.0007313746705867199,0.01,"(25, 25)",6,"{'NN__alpha': 0.01, 'NN__hidden_layer_sizes': (25, 25), 'pca__n_components': 6}",0.9182588452735517,0.9246107556294586,0.9142570870147391,0.9355491847360534,0.9276378040187869,0.9240620170513362,0.007414124205056798,30,0.9235142644159788,0.9256635402924991,0.9164640370939526,0.937840104612216,0.927080953322921,0.9261125799475135,0.006906805935678139
53,2.6303945541381837,0.586775595343605,0.005806398391723633,0.00040369700681575023,0.01,"(25, 25)",7,"{'NN__alpha': 0.01, 'NN__hidden_layer_sizes': (25, 25), 'pca__n_components': 7}",0.9349043037933692,0.9337803124578327,0.9341568344002549,0.9347800756730404,0.9373302104324334,0.9349902710790545,0.0012397436051925983,10,0.9395184367042729,0.937589481173156,0.9342812990833933,0.9372248546685547,0.9381904557914946,0.9373609054841742,0.0017261417631139716
54,6.786088466644287,1.8150469408304,0.018793916702270506,0.0013276187092729564,0.01,"(100, 25, 100)",2,"{'NN__alpha': 0.01, 'NN__hidden_layer_sizes': (100, 25, 100), 'pca__n_components': 2}",0.7702664797301868,0.7804398309837483,0.7665293013627319,0.7591758148409993,0.7835680274613218,0.7719958743013304,0.008971134966130438,102,0.770783917955777,0.7774511947436239,0.7735901334409478,0.7618385369921308,0.7742777996226472,0.7715883165510253,0.005316374503393134
55,15.841927528381348,5.22419319906812,0.020186996459960936,0.0016144225435127833,0.01,"(100, 25, 100)",3,"{'NN__alpha': 0.01, 'NN__hidden_layer_sizes': (100, 25, 100), 'pca__n_components': 3}",0.8626477625246332,0.8785336521770925,0.8657336330264587,0.881827533234733,0.8804054171584174,0.873828712998626,0.007999108223969058,84,0.8736694141839934,0.8802734068068857,0.8656254092027525,0.8820537274615069,0.878468540875824,0.8760180997061926,0.005900261730300369
56,19.416535758972167,5.755370753008215,0.01881561279296875,0.0007718193328493504,0.01,"(100, 25, 100)",4,"{'NN__alpha': 0.01, 'NN__hidden_layer_sizes': (100, 25, 100), 'pca__n_components': 4}",0.9077256905585332,0.8989140709399972,0.8830017760783575,0.9145422195661916,0.9107194300145898,0.9029801363705131,0.01124062980265088,60,0.9157503436406776,0.9020310265669224,0.8838151568960123,0.9206152090039155,0.9122054594639758,0.9068834391143007,0.013047597118367242
57,17.103468132019042,4.2890343964460955,0.018210601806640626,0.0009759667537959461,0.01,"(100, 25, 100)",5,"{'NN__alpha': 0.01, 'NN__hidden_layer_sizes': (100, 25, 100), 'pca__n_components': 5}",0.9197443283287823,0.9246708395516322,0.9221263539277677,0.9227456127245462,0.9225586818718057,0.9223690534388128,0.0015764290651398725,32,0.9272034099089659,0.9274180974758457,0.9216122478650363,0.9243676716691934,0.9262014373200396,0.9253605728478161,0.0021620500464413356
58,17.64892053604126,2.0310357570051396,0.01800851821899414,0.0006215695433720513,0.01,"(100, 25, 100)",6,"{'NN__alpha': 0.01, 'NN__hidden_layer_sizes': (100, 25, 100), 'pca__n_components': 6}",0.9242922138162186,0.9310480720206741,0.9310075198393064,0.9369595655102687,0.9354753774299521,0.9317559856357286,0.004420096397332869,23,0.932589317541139,0.9375691843444118,0.9322137992678252,0.943745569900801,0.9364472414147959,0.9365130224937946,0.004178715781238477
59,11.99523048400879,3.5712592546043624,0.017590427398681642,0.001634897523947801,0.01,"(100, 25, 100)",7,"{'NN__alpha': 0.01, 'NN__hidden_layer_sizes': (100, 25, 100), 'pca__n_components': 7}",0.9353108263462332,0.9379209819606509,0.9403673324965649,0.937663147505718,0.939565576987275,0.9381654438870246,0.0017476348668788893,3,0.9412630619639578,0.9411250376215288,0.9427198182285547,0.9408533629488972,0.9402686131158663,0.941245978775761,0.0008119744024736827
60,4.087980794906616,0.5265720436870827,0.008210372924804688,0.0004152853187866524,0.001,"(50, 50)",2,"{'NN__alpha': 0.001, 'NN__hidden_layer_sizes': (50, 50), 'pca__n_components': 2}",0.7662348880047927,0.7759291302694463,0.7686536759153032,0.7583885369092527,0.7810502988153419,0.770051197454419,0.007849001679263723,117,0.7713630550134196,0.7781452696105964,0.7756699535395055,0.7617841057391754,0.7741591674046676,0.7722243102614729,0.005664159610175115
61,11.26767725944519,4.438626949243176,0.009598016738891602,0.0005006955234894436,0.001,"(50, 50)",3,"{'NN__alpha': 0.001, 'NN__hidden_layer_sizes': (50, 50), 'pca__n_components': 3}",0.8687919737958743,0.8641684736504313,0.8620125386630214,0.8822013949402142,0.8715379965253974,0.8697419520910435,0.007073258606884849,85,0.875297564327766,0.865179083688072,0.8643861227310115,0.8812364584812359,0.8644603741408934,0.8701119206737957,0.00692392753512058
62,12.424610137939453,4.343252284365808,0.015016603469848632,0.006503843349371757,0.001,"(50, 50)",4,"{'NN__alpha': 0.001, 'NN__hidden_layer_sizes': (50, 50), 'pca__n_components': 4}",0.8966132605525612,0.8933809907808994,0.8772574196498125,0.9029933717584055,0.9082824188018364,0.895704839720397,0.010562518426036286,70,0.8993781412545883,0.8944257419322806,0.8839764744382416,0.9086520011812977,0.9036232419403132,0.8980111201493444,0.008442976063339346
63,15.668701887130737,3.246284142201978,0.011597061157226562,0.002056250462020302,0.001,"(50, 50)",5,"{'NN__alpha': 0.001, 'NN__hidden_layer_sizes': (50, 50), 'pca__n_components': 5}",0.921995411992064,0.9163589524269915,0.9185033946522808,0.9242281924132045,0.927367177229749,0.9216903534673268,0.0039328509189722775,33,0.9276100789234492,0.9166969462745587,0.922052331351145,0.9268911045562028,0.9269497042196411,0.9240400330649994,0.004176407643483717
64,15.637268257141113,8.246746338600596,0.013399219512939453,0.0016282028747693553,0.001,"(50, 50)",6,"{'NN__alpha': 0.001, 'NN__hidden_layer_sizes': (50, 50), 'pca__n_components': 6}",0.920927881029916,0.9253813066234398,0.9246302873702642,0.9334959238589771,0.9300667732732484,0.9268998927814851,0.004396797614569065,28,0.927302955372364,0.9268097174352402,0.9262123288736887,0.9361534056937137,0.9331242180741163,0.9299205250898245,0.003984770106967027
65,12.604659700393677,3.73174765667546,0.011796855926513672,0.001168842006606182,0.001,"(50, 50)",7,"{'NN__alpha': 0.001, 'NN__hidden_layer_sizes': (50, 50), 'pca__n_components': 7}",0.9355601331922421,0.938139284892949,0.9372510670702114,0.9370956831006167,0.9408743312367053,0.9377839406579085,0.0017538193220874693,4,0.9401713003884976,0.9411373765152181,0.940137658132321,0.9404677291523184,0.942523816231902,0.9408875760840514,0.0008934630747046418
66,3.191909074783325,1.1491545295854768,0.005425882339477539,0.0005048642618491842,0.001,"(50,)",2,"{'NN__alpha': 0.001, 'NN__hidden_layer_sizes': (50,), 'pca__n_components': 2}",0.7700909291358983,0.7770762032058494,0.7687432956406464,0.7587805674834674,0.7802368100565702,0.7709856319886027,0.007449038018595018,106,0.7730444732591003,0.7787205486612842,0.7750757734625272,0.7633217467649692,0.7689480588140389,0.771822120192384,0.005295003289414472
67,4.642225122451782,1.438693409810689,0.005237770080566406,0.00039973277458633504,0.001,"(50,)",3,"{'NN__alpha': 0.001, 'NN__hidden_layer_sizes': (50,), 'pca__n_components': 3}",0.8469742911542028,0.857467300114368,0.8335360346921827,0.8773404779282199,0.8672739715288464,0.856516999484293,0.01529301917260992,94,0.8549304329756396,0.856844054920025,0.8312546559317174,0.8787858797327973,0.8560553140627468,0.8555740675245852,0.015049788954402522
68,5.909700775146485,2.0071805034297543,0.0058135509490966795,0.0007501374995848187,0.001,"(50,)",4,"{'NN__alpha': 0.001, 'NN__hidden_layer_sizes': (50,), 'pca__n_components': 4}",0.88847179665705,0.8882269335798145,0.8654452421096233,0.8945474093099427,0.894301384956272,0.8861980652353675,0.010726961923416208,73,0.8937616508617864,0.8875228772022133,0.8647524631818949,0.899954556882148,0.8878765502904769,0.8867736196837039,0.011910322091402427
69,10.908488225936889,2.994660290509244,0.007033205032348633,0.0010902728142858254,0.001,"(50,)",5,"{'NN__alpha': 0.001, 'NN__hidden_layer_sizes': (50,), 'pca__n_components': 5}",0.9181244886471331,0.9185524621962561,0.9187462313565665,0.907511701347165,0.9091320070178298,0.9144139252629229,0.00500395199563625,46,0.922578867612619,0.9176678962383534,0.9177056982909347,0.9083462929339302,0.9040832930293942,0.9140764096210463,0.00679792498829539
70,11.010388660430909,5.670295235509254,0.007414722442626953,0.0013679877890819113,0.001,"(50,)",6,"{'NN__alpha': 0.001, 'NN__hidden_layer_sizes': (50,), 'pca__n_components': 6}",0.9115942327492521,0.897001449040795,0.924578718810698,0.9355721787797621,0.9251384825217864,0.9187759679584072,0.0132812417718414,40,0.9176108633157927,0.8947608424631842,0.9245490199494041,0.9359067251162176,0.9239724542502992,0.9193599810189795,0.013639448705702174
71,6.18331208229065,0.4774757237623556,0.006400156021118164,0.0010196739174160431,0.001,"(50,)",7,"{'NN__alpha': 0.001, 'NN__hidden_layer_sizes': (50,), 'pca__n_components': 7}",0.9342827630151507,0.9330833627798144,0.9344292069077099,0.9331351675670085,0.9363364626677999,0.9342533603841632,0.0011823391972980721,12,0.9361775998273266,0.9346202185298099,0.9362405106835463,0.936092200773724,0.9358544711133806,0.9357970001855576,0.000602796650495634
72,1.264717960357666,0.271730033753187,0.005016851425170899,0.0011110966421304564,0.001,"(25,)",2,"{'NN__alpha': 0.001, 'NN__hidden_layer_sizes': (25,), 'pca__n_components': 2}",0.7669073259542951,0.7773350583195153,0.7653291116190157,0.7604353642196954,0.7758989777539178,0.7691811591100551,0.00645135328250769,119,0.7695119828884543,0.7787144034083486,0.7734690708414783,0.7627912234861646,0.7685406711252531,0.7706054703499399,0.00530050125621358
73,2.6854862213134765,0.38061076370637104,0.004831361770629883,0.0011484100263776786,0.001,"(25,)",3,"{'NN__alpha': 0.001, 'NN__hidden_layer_sizes': (25,), 'pca__n_components': 3}",0.8456432259496282,0.8555251424119962,0.8375870844696579,0.875636476321258,0.8646187551811061,0.8558008008527982,0.013462317544427584,96,0.8527364125467756,0.85573614509735,0.8360971934097577,0.8755418701015362,0.8541706528642654,0.8548564548039369,0.01253423354317468
74,3.3955098152160645,1.0128363082030944,0.004619789123535156,0.00046561483078963635,0.001,"(25,)",4,"{'NN__alpha': 0.001, 'NN__hidden_layer_sizes': (25,), 'pca__n_components': 4}",0.8868862455960553,0.8889899815270225,0.8507661265783046,0.8974649722081837,0.8955232264860883,0.8839253470847759,0.017039837919018107,77,0.8929718535369752,0.8865359629804902,0.8502975664723932,0.9009098486327335,0.8911768706812057,0.8843784204607597,0.017660768574109153
75,2.9781266689300536,0.9174923686032179,0.004796171188354492,0.0007608750935451479,0.001,"(25,)",5,"{'NN__alpha': 0.001, 'NN__hidden_layer_sizes': (25,), 'pca__n_components': 5}",0.9011348342859539,0.9104809107603099,0.9008487255955961,0.898034045004943,0.907647818937513,0.9036292353232545,0.004655116088948224,59,0.9073954484517542,0.9073878074459621,0.905255132961164,0.8988311702570512,0.9051414179778706,0.9048021954187604,0.0031427286453664656
76,3.077501916885376,1.046207832873002,0.005008077621459961,0.0006320092334531731,0.001,"(25,)",6,"{'NN__alpha': 0.001, 'NN__hidden_layer_sizes': (25,), 'pca__n_components': 6}",0.9125239544113739,0.9084381169543967,0.8971681834135266,0.932357778265458,0.9168286376636715,0.9134625355211692,0.01148870695319489,50,0.9190660540544598,0.9066547096645289,0.9025528594111291,0.9336987701886447,0.9108541128906047,0.9145653012418734,0.01101812639822423
77,2.9730241775512694,0.5894995788492756,0.004194879531860351,0.0004313414375336302,0.001,"(25,)",7,"{'NN__alpha': 0.001, 'NN__hidden_layer_sizes': (25,), 'pca__n_components': 7}",0.9335154360702954,0.9342574705037963,0.9316589153047743,0.9288711425704576,0.9337157373856224,0.9324038550799391,0.0019710894293662492,19,0.9336769695439573,0.935482366622887,0.9330471789417999,0.9301314668282918,0.9319706476909704,0.9328617259255813,0.0017784885606284503
78,1.0589961528778076,0.22349179234368735,0.005800580978393555,0.0003832750991399622,0.001,"(25, 25)",2,"{'NN__alpha': 0.001, 'NN__hidden_layer_sizes': (25, 25), 'pca__n_components': 2}",0.765548222658873,0.7768859473769647,0.7695493967848135,0.7575341235182841,0.782496779046779,0.7704027534321696,0.00869663127598196,115,0.7720138862459573,0.7789923839807139,0.7740301983163569,0.7619120238358643,0.773650714370651,0.7721198413499087,0.005611339288284276
79,2.500794839859009,0.9433677193308992,0.00562739372253418,0.00048761277802099106,0.001,"(25, 25)",3,"{'NN__alpha': 0.001, 'NN__hidden_layer_sizes': (25, 25), 'pca__n_components': 3}",0.8610358997095944,0.8612239446279912,0.8386570427586726,0.8788147773783407,0.8711951708219168,0.8621844448698497,0.013516742246342325,90,0.8673263334803847,0.8621011159496448,0.8385606842424621,0.8783598644596669,0.866790943607175,0.8626277883478668,0.013163656716112885
80,5.071919345855713,1.061243791068518,0.008411645889282227,0.00184968565166296,0.001,"(25, 25)",4,"{'NN__alpha': 0.001, 'NN__hidden_layer_sizes': (25, 25), 'pca__n_components': 4}",0.8958293250570761,0.9051466017927041,0.8773936059035402,0.9097928177091786,0.9053747445337914,0.8987067087917402,0.011587580891326263,67,0.8997520230264716,0.9070767258836789,0.8764307328751975,0.9156071615525171,0.9004684251279971,0.8998670136931726,0.013033544273529884
81,4.581778573989868,0.7447261229933627,0.007195186614990234,0.000961602650342668,0.001,"(25, 25)",5,"{'NN__alpha': 0.001, 'NN__hidden_layer_sizes': (25, 25), 'pca__n_components': 5}",0.9093632103102073,0.922058766958821,0.9178715309276184,0.9143143640812544,0.9175255478122418,0.9162264688637182,0.004223274953012799,42,0.914700012811146,0.9196276214938096,0.916793409251587,0.9163156610717542,0.9179634300137837,0.9170800269284161,0.0016493338737057362
82,6.498635768890381,2.2767915045372145,0.008033990859985352,0.0025123562054012866,0.001,"(25, 25)",6,"{'NN__alpha': 0.001, 'NN__hidden_layer_sizes': (25, 25), 'pca__n_components': 6}",0.93411066509447,0.9305083290369458,0.9141945020769744,0.9378992832291929,0.9281691689666667,0.9289762870474573,0.00809300256166738,25,0.9363073640504235,0.931686751705652,0.9169178068883854,0.9387071339926245,0.9276685131112327,0.9302575139496636,0.007677111377299727
83,3.0818773746490478,0.5623001510535355,0.007024097442626953,0.002018820309700567,0.001,"(25, 25)",7,"{'NN__alpha': 0.001, 'NN__hidden_layer_sizes': (25, 25), 'pca__n_components': 7}",0.9352256405542947,0.9343115400789535,0.9351862405079014,0.9329399564757301,0.9376024456131296,0.9350531555717863,0.0015205566243107595,9,0.9392745425018257,0.9378768638708483,0.9381637813010562,0.9359105771741192,0.9382585274233957,0.9378968584542491,0.0010996161777182226
84,8.239018630981445,1.5111708827027652,0.02122206687927246,0.0040133258415020545,0.001,"(100, 25, 100)",2,"{'NN__alpha': 0.001, 'NN__hidden_layer_sizes': (100, 25, 100), 'pca__n_components': 2}",0.7679416398151843,0.780390763439773,0.7659870573634127,0.7585952450223852,0.7837041450516699,0.7713236656949544,0.00935287623375283,104,0.7737421178843422,0.7776033818767372,0.7738165288767704,0.7618730938593916,0.774490965435503,0.772305217586549,0.005404183347102525
85,18.0865517616272,5.792820857041249,0.025394964218139648,0.0013575453015894933,0.001,"(100, 25, 100)",3,"{'NN__alpha': 0.001, 'NN__hidden_layer_sizes': (100, 25, 100), 'pca__n_components': 3}",0.8718824143189281,0.8792636509897054,0.8647778282347748,0.8838660803066379,0.8810105894123984,0.8761595331439775,0.0069338772274552115,81,0.8791223480525718,0.8799160516016629,0.8673611137476268,0.8826090192865282,0.8805372262317328,0.8779091517840246,0.005399187500451055
86,26.86662769317627,7.475951069465917,0.023014020919799805,0.005170514906451958,0.001,"(100, 25, 100)",4,"{'NN__alpha': 0.001, 'NN__hidden_layer_sizes': (100, 25, 100), 'pca__n_components': 4}",0.9100751158907756,0.9151137444026377,0.8830728763787296,0.9138370291790839,0.911701680757369,0.906759789707112,0.01196973803321368,56,0.9160884229943812,0.9185109981416845,0.8848097089487612,0.9219428105247154,0.9159225464670767,0.9114548974153239,0.013499484394677772
87,22.793571949005127,2.7898521979465625,0.02520012855529785,0.003971413816157307,0.001,"(100, 25, 100)",5,"{'NN__alpha': 0.001, 'NN__hidden_layer_sizes': (100, 25, 100), 'pca__n_components': 5}",0.919708313371324,0.9250818993284058,0.9229004182531739,0.9268620231088947,0.9208121472409887,0.9230727918245796,0.0026402471758971086,31,0.9286895564502512,0.92695720350569,0.9242843088056971,0.9304199989913934,0.9234908539677406,0.9267683843441544,0.0026066714836363632
88,21.530101108551026,5.014858896447103,0.023397207260131836,0.002055929816159197,0.001,"(100, 25, 100)",6,"{'NN__alpha': 0.001, 'NN__hidden_layer_sizes': (100, 25, 100), 'pca__n_components': 6}",0.9342124594370381,0.9320614597189407,0.9266129972540039,0.9408628342148512,0.9295188478482935,0.9326535986748682,0.004826569985471346,17,0.9412763734057763,0.9369452569255438,0.928790204786925,0.9451145950007731,0.932398133073155,0.9369049126384347,0.005876558975417089
89,16.07984266281128,4.932487475441298,0.02419757843017578,0.002783492524979623,0.001,"(100, 25, 100)",7,"{'NN__alpha': 0.001, 'NN__hidden_layer_sizes': (100, 25, 100), 'pca__n_components': 7}",0.9349780600450897,0.9391711920161866,0.9396127999119643,0.9373548128678005,0.9403937795512181,0.9383019750554804,0.0019388973317171624,2,0.9420019139887887,0.9442030537477742,0.942550125871604,0.9407054588126617,0.940682141766524,0.9420285388374705,0.0013087859134769432
90,4.718714332580566,1.1415917916670428,0.00960526466369629,0.00048482870566922783,0.0001,"(50, 50)",2,"{'NN__alpha': 0.0001, 'NN__hidden_layer_sizes': (50, 50), 'pca__n_components': 2}",0.7663824005082336,0.7757684102437312,0.7685495264803363,0.7585492569349678,0.781606266198589,0.77017104807749,0.007926050948170128,116,0.7711432152117083,0.7782440589250476,0.7735650685510223,0.7617718238154317,0.7740107422171216,0.7717469817440663,0.005486535751080438
91,12.107194519042968,4.553332315075464,0.01040792465209961,0.00185470054762826,0.0001,"(50, 50)",3,"{'NN__alpha': 0.0001, 'NN__hidden_layer_sizes': (50, 50), 'pca__n_components': 3}",0.8664837424315014,0.859548145086058,0.858187294864617,0.8824736301209106,0.8791001179725496,0.8691576934165646,0.009959717112707593,86,0.8773331875328431,0.8615097274775736,0.8567325582200368,0.8815087450088402,0.876850322986681,0.870786908245195,0.009779237107772804
92,15.432237434387208,0.9239216927733161,0.010229158401489257,0.0014506973011159656,0.0001,"(50, 50)",4,"{'NN__alpha': 0.0001, 'NN__hidden_layer_sizes': (50, 50), 'pca__n_components': 4}",0.9026791913790789,0.9074076985309153,0.8784670775239803,0.9118198677592291,0.907985581185773,0.9016713512652514,0.011960115670505419,64,0.9060922895662061,0.9093157791261355,0.8851316852144617,0.9182984846153087,0.903629382902185,0.9044935242848595,0.01088131126676889
93,15.702328777313232,4.316627598915122,0.01299285888671875,0.0024549528265208156,0.0001,"(50, 50)",5,"{'NN__alpha': 0.0001, 'NN__hidden_layer_sizes': (50, 50), 'pca__n_components': 5}",0.9211183138380301,0.9246107556294585,0.9188273357193022,0.9107900205373743,0.9277263251300591,0.9206146608981794,0.005770558964117181,36,0.9275637568926915,0.9263044592799017,0.9228856142494829,0.9136534796643908,0.9266907417184012,0.9234196103609736,0.005135349350312208
94,12.5251455783844,3.530444822600529,0.01222233772277832,0.0014664155488832687,0.0001,"(50, 50)",6,"{'NN__alpha': 0.0001, 'NN__hidden_layer_sizes': (50, 50), 'pca__n_components': 6}",0.9225099794173031,0.9232403777295757,0.9243468984846107,0.9331498813721796,0.9318002024905527,0.9270089367054627,0.004520908975833869,27,0.9281902433742522,0.9262359309626429,0.9261787626162861,0.9361690186240486,0.9324717129617655,0.9298491337077991,0.003901221410372051
95,10.834821367263794,3.0426026792646628,0.013396978378295898,0.0022392956056768044,0.0001,"(50, 50)",7,"{'NN__alpha': 0.0001, 'NN__hidden_layer_sizes': (50, 50), 'pca__n_components': 7}",0.9369060806106422,0.9383000049186639,0.9374253044897161,0.9375024274800029,0.9386881695525978,0.9377643450808464,0.0006419640777170465,5,0.9390037797347683,0.9409237368527507,0.9410598145644803,0.9416804202502126,0.9364490092674558,0.9398233521339335,0.0019103024136551147
96,3.427378749847412,1.3332523412300543,0.005600929260253906,0.0007990007554358304,0.0001,"(50,)",2,"{'NN__alpha': 0.0001, 'NN__hidden_layer_sizes': (50,), 'pca__n_components': 2}",0.7700663437186581,0.7770762032058495,0.7680403316156119,0.7587805674834674,0.7802368100565702,0.7708401162446863,0.007497018304907615,108,0.7730444732591003,0.7785815825690104,0.7752369458413014,0.7633680645046634,0.7689480588140389,0.7718358249976228,0.005264520113407973
97,4.160187196731568,0.934579870356873,0.005409812927246094,0.00048407017457158377,0.0001,"(50,)",3,"{'NN__alpha': 0.0001, 'NN__hidden_layer_sizes': (50,), 'pca__n_components': 3}",0.8471595449519055,0.857282046316665,0.8333753146664675,0.8763269529031946,0.8669279290420492,0.8562129846895742,0.014993411827288859,95,0.8550230770371554,0.8568965222037184,0.8313009779624753,0.8787579848787188,0.8562098802121646,0.8556376884588465,0.015027397627842373
98,6.07821135520935,1.8740712483196436,0.006625699996948242,0.001004621086992948,0.0001,"(50,)",4,"{'NN__alpha': 0.0001, 'NN__hidden_layer_sizes': (50,), 'pca__n_components': 4}",0.8884666176466387,0.887720239730681,0.8625572836779317,0.8945474093099427,0.8944621049819871,0.8855502149702392,0.011851233070369676,75,0.8940428885721542,0.8876434075356806,0.8614125275168495,0.8999361339965323,0.8880556802873821,0.8862181275817198,0.01319193997883407
99,10.86832594871521,2.7475890309429065,0.006027936935424805,0.0006317639424626221,0.0001,"(50,)",5,"{'NN__alpha': 0.0001, 'NN__hidden_layer_sizes': (50,), 'pca__n_components': 5}",0.9096582353170889,0.9217643616949693,0.9192774589776873,0.9087728591175195,0.9121971845282729,0.9143341239655116,0.005234605533899893,47,0.915754922240632,0.921288555692853,0.9172888000141143,0.9119946755999673,0.9073081540250004,0.9147270215145135,0.004757695424908579
100,8.07638897895813,4.935656126179433,0.006399679183959961,0.0007888457119998606,0.0001,"(50,)",6,"{'NN__alpha': 0.0001, 'NN__hidden_layer_sizes': (50,), 'pca__n_components': 6}",0.9102974561653322,0.8968161952430922,0.9072014242926502,0.9373154966272622,0.9282167654457425,0.9159681158615267,0.014707045338374915,43,0.9150096601758647,0.894807164493942,0.9100806304828516,0.9379004721283142,0.9265476200888355,0.9168691094739616,0.014644194739400786
101,5.81135106086731,0.9365251695700831,0.007005453109741211,0.0010946258993416295,0.0001,"(50,)",7,"{'NN__alpha': 0.0001, 'NN__hidden_layer_sizes': (50,), 'pca__n_components': 7}",0.932305571615118,0.9330833627798144,0.9330317942202483,0.9329744475412933,0.9368432251803125,0.9336475472362429,0.0016225105569208436,13,0.9336071068090438,0.934753039369148,0.9345861870049228,0.9360397420721578,0.9359286837071534,0.9349829517924851,0.000907132403472349
102,1.0085274219512939,0.2935954040008922,0.004201650619506836,0.0003951842140815811,0.0001,"(25,)",2,"{'NN__alpha': 0.0001, 'NN__hidden_layer_sizes': (25,), 'pca__n_components': 2}",0.7665368183588894,0.7774957783452305,0.7653291116190157,0.7604353642196954,0.7758989777539178,0.7691391873971735,0.006520130316828591,120,0.7694656608576965,0.778754580186171,0.7735153928722361,0.7627108699305197,0.7685406711252531,0.7705974349943754,0.005343455710927437
103,2.1668035984039307,0.1753235587008712,0.0037993907928466795,0.00042300483121005976,0.0001,"(25,)",3,"{'NN__alpha': 0.0001, 'NN__hidden_layer_sizes': (25,), 'pca__n_components': 3}",0.8454579721519252,0.8555251424119962,0.8343065856861637,0.8751920240929921,0.861573116650809,0.8544096980620981,0.013919025461705186,98,0.8528229145839622,0.8560944308375418,0.8333986419995989,0.8754648475524823,0.8538939001825726,0.8543349470312315,0.013344497833373093
104,2.720229721069336,0.6970814091221593,0.0041869163513183595,0.0003808060594984727,0.0001,"(25,)",4,"{'NN__alpha': 0.0001, 'NN__hidden_layer_sizes': (25,), 'pca__n_components': 4}",0.882217159359222,0.8888292615013073,0.8509513803760075,0.896029988998601,0.8957085489471704,0.882746346148598,0.016689303842359126,79,0.8876443063032448,0.886582285011248,0.8503656295221673,0.9008307418784384,0.8913961774559336,0.8833638280342063,0.017246296883906755
105,3.587978792190552,1.4792681007821809,0.005619621276855469,0.0004974522288306314,0.0001,"(25,)",5,"{'NN__alpha': 0.0001, 'NN__hidden_layer_sizes': (25,), 'pca__n_components': 5}",0.9007511708135262,0.9140768352482181,0.9017394444339243,0.898034045004943,0.9039397613242092,0.903708336931278,0.005520497661639869,58,0.908833731872541,0.9117382594216852,0.9052990802666808,0.8988311702570512,0.8995248942498453,0.9048454272135608,0.005061676970169338
106,3.768906354904175,1.392524795528451,0.005419683456420898,0.0004879723583265441,0.0001,"(25,)",6,"{'NN__alpha': 0.0001, 'NN__hidden_layer_sizes': (25,), 'pca__n_components': 6}",0.9127092082090769,0.9100317998177593,0.8971681834135266,0.935596781215129,0.9169893576893868,0.9144981924463166,0.012448166359289458,45,0.9191525560916464,0.9076525185896693,0.9025126826333066,0.9363325356906189,0.9108725357762204,0.9153045657562922,0.011822110967137185
107,3.0574499130249024,0.35620465146523556,0.0045983314514160155,0.0004755560688902867,0.0001,"(25,)",7,"{'NN__alpha': 0.0001, 'NN__hidden_layer_sizes': (25,), 'pca__n_components': 7}",0.9336761044507583,0.9306480286220988,0.9318196353304895,0.9299338724662172,0.9335550173599072,0.9319266044107493,0.0015052863568854073,21,0.9336708275196282,0.9321944813618686,0.9331336777503804,0.9305516574921315,0.931717305100292,0.9322535898448603,0.0010927750199841851
108,1.440634059906006,0.5383920354785526,0.00699462890625,0.002063322626514804,0.0001,"(25, 25)",2,"{'NN__alpha': 0.0001, 'NN__hidden_layer_sizes': (25, 25), 'pca__n_components': 2}",0.765548222658873,0.7768859473769647,0.7695493967848135,0.7584821214757458,0.7823114565856967,0.7705552675276106,0.008367748909575532,112,0.771840882171584,0.7790202702526655,0.7739715857797284,0.7631556244418469,0.7735519379293905,0.772308060115043,0.005164371182797415
109,4.274599027633667,1.6213244825855395,0.0071983814239501955,0.0007712185211246278,0.0001,"(25, 25)",3,"{'NN__alpha': 0.0001, 'NN__hidden_layer_sizes': (25, 25), 'pca__n_components': 3}",0.8653081665969782,0.8655904201098804,0.8395097104312239,0.8767484110877517,0.8707852096592139,0.8635877420034417,0.012741417976382875,89,0.8709077143646895,0.8679352203242535,0.838372090859221,0.8791843165044305,0.8660490223681745,0.8644896728841539,0.01380981727885782
110,5.688907814025879,1.2058749722611752,0.007797813415527344,0.0007441404123699815,0.0001,"(25, 25)",4,"{'NN__alpha': 0.0001, 'NN__hidden_layer_sizes': (25, 25), 'pca__n_components': 4}",0.9041023477228071,0.907287530686568,0.8803491513041786,0.9063045736225196,0.9045088341209687,0.900510274039223,0.010147698019913621,65,0.9053995138911597,0.9078192741782576,0.8810870033074188,0.9128960571489076,0.8995717330408497,0.9013547163133186,0.011002842032470619
111,5.123850917816162,1.2289994911473796,0.006819248199462891,0.0007317400157462892,0.0001,"(25, 25)",5,"{'NN__alpha': 0.0001, 'NN__hidden_layer_sizes': (25, 25), 'pca__n_components': 5}",0.9050023049572775,0.922478342098202,0.9168336094573643,0.9174140326572607,0.916612040920343,0.9156676062534641,0.005752580209104038,44,0.9123549879223234,0.9198620716403241,0.9170217141451663,0.92167675800386,0.9156252680855514,0.917308159959445,0.0032574592319921645
112,3.0678231716156006,0.7598941772624301,0.006016731262207031,0.0006507680079222184,0.0001,"(25, 25)",6,"{'NN__alpha': 0.0001, 'NN__hidden_layer_sizes': (25, 25), 'pca__n_components': 6}",0.9151209602528216,0.9218514804047216,0.913687808227841,0.9370218757945157,0.9176239575537102,0.9210605808428579,0.008447581665129138,35,0.9215001494633703,0.922413970739365,0.9169764194250142,0.938395191738508,0.9120479717054251,0.9222667406143366,0.008867322151215369
113,2.4724926948547363,0.4516604841769414,0.006232404708862304,0.00038336766288362626,0.0001,"(25, 25)",7,"{'NN__alpha': 0.0001, 'NN__hidden_layer_sizes': (25, 25), 'pca__n_components': 7}",0.9349517482910458,0.9326552722778263,0.9343581066073379,0.9329399564757301,0.9374171231520472,0.934464408971043,0.0017066278685792613,11,0.9385274936663445,0.9364219798910649,0.9383244884123458,0.9356756574690566,0.9383204580934249,0.9374540155064472,0.001173750911972216
114,8.31731038093567,2.169784693309706,0.021991729736328125,0.0023736850570479045,0.0001,"(100, 25, 100)",2,"{'NN__alpha': 0.0001, 'NN__hidden_layer_sizes': (100, 25, 100), 'pca__n_components': 2}",0.7694762937048949,0.7792622099283412,0.765886421259871,0.761576964876777,0.7843847330034106,0.7721171741852961,0.008466470257728634,101,0.7706359956753003,0.7779199982610163,0.7742386418715573,0.7651501902488597,0.7745756921003597,0.7725041036314186,0.004340550326950507
115,16.866227197647095,4.369577240392178,0.023216390609741212,0.0018416239542800865,0.0001,"(100, 25, 100)",3,"{'NN__alpha': 0.0001, 'NN__hidden_layer_sizes': (100, 25, 100), 'pca__n_components': 3}",0.8714855949694785,0.8783483983793895,0.8647447791001799,0.8786115243287705,0.8821045935904044,0.8750584902239811,0.006200506975133863,82,0.8786911109407723,0.8799184263269039,0.8657298785026546,0.8823904382618398,0.8782754541473917,0.8770010616359125,0.005815089153331083
116,27.014003467559814,9.848845395510015,0.018801450729370117,0.0017231357906496146,0.0001,"(100, 25, 100)",4,"{'NN__alpha': 0.0001, 'NN__hidden_layer_sizes': (100, 25, 100), 'pca__n_components': 4}",0.9116160203102929,0.914923488573753,0.8748466192640846,0.9137878243083498,0.915860862445818,0.9062065558854318,0.015744179100680555,57,0.9185532061903028,0.9164582603328649,0.877966018798444,0.9211525989946314,0.9194994148407695,0.9107258998314025,0.016450088802851277
117,20.33869457244873,4.866898046229998,0.021789407730102538,0.002042534912118829,0.0001,"(100, 25, 100)",5,"{'NN__alpha': 0.0001, 'NN__hidden_layer_sizes': (100, 25, 100), 'pca__n_components': 5}",0.9191033811437351,0.9181183573472513,0.9201401307126025,0.9277624245872809,0.9224947631959004,0.921523479888688,0.003441784410163127,34,0.9269075653480121,0.9223571224970378,0.9213824987811852,0.9330411662170428,0.923823303312714,0.9255023312311984,0.004206975350902851
118,24.447539710998534,8.519265455980241,0.023011064529418944,0.002814090113732282,0.0001,"(100, 25, 100)",6,"{'NN__alpha': 0.0001, 'NN__hidden_layer_sizes': (100, 25, 100), 'pca__n_components': 6}",0.9326715550175205,0.9279268045631388,0.9320319239157709,0.9378992832291929,0.935882121809338,0.9332820682480673,0.003426095174188374,15,0.9415952673089393,0.9353084868585757,0.9342945201242331,0.9405764986133521,0.9353005377435613,0.9374150621297324,0.0030369541037387087
119,12.76581563949585,4.037337131446152,0.022183847427368165,0.005907352567685845,0.0001,"(100, 25, 100)",7,"{'NN__alpha': 0.0001, 'NN__hidden_layer_sizes': (100, 25, 100), 'pca__n_components': 7}",0.9368420275623361,0.936932128034372,0.9400188576575559,0.9369841679456359,0.9414073045762436,0.9384367900070375,0.0019101551989019441,1,0.9430985445144443,0.9411463133730605,0.9405157754337726,0.9412121439940184,0.9412847934338602,0.9414515141498313,0.0008679351760883594
